<?xml version="1.0" encoding="UTF-8"?>
<kml xmlns="http://www.opengis.net/kml/2.2" xmlns:gx="http://www.google.com/kml/ext/2.2" xmlns:kml="http://www.opengis.net/kml/2.2" xmlns:atom="http://www.w3.org/2005/Atom">
<Document>
	<name>Cocoa_500_samples_2025.kml</name>
	<StyleMap id="m_ylw-pushpin">
		<Pair>
			<key>normal</key>
			<styleUrl>#s_ylw-pushpin</styleUrl>
		</Pair>
		<Pair>
			<key>highlight</key>
			<styleUrl>#s_ylw-pushpin_hl</styleUrl>
		</Pair>
	</StyleMap>
	<Style id="s_ylw-pushpin">
		<IconStyle>
			<scale>1.1</scale>
			<Icon>
				<href>http://maps.google.com/mapfiles/kml/pushpin/ylw-pushpin.png</href>
			</Icon>
			<hotSpot x="20" y="2" xunits="pixels" yunits="pixels"/>
		</IconStyle>
	</Style>
	<Style id="s_ylw-pushpin_hl">
		<IconStyle>
			<scale>1.3</scale>
			<Icon>
				<href>http://maps.google.com/mapfiles/kml/pushpin/ylw-pushpin.png</href>
			</Icon>
			<hotSpot x="20" y="2" xunits="pixels" yunits="pixels"/>
		</IconStyle>
	</Style>
	<Style id="sn_noicon">
		<IconStyle>
			<Icon>
			</Icon>
		</IconStyle>
		<LabelStyle>
			<color>00ffffff</color>
		</LabelStyle>
	</Style>
	<Folder>
		<name>My Places</name>
		<open>1</open>
		<Style>
			<ListStyle>
				<listItemType>check</listItemType>
				<ItemIcon>
					<state>open</state>
					<href>:/mysavedplaces_open.png</href>
				</ItemIcon>
				<ItemIcon>
					<state>closed</state>
					<href>:/mysavedplaces_closed.png</href>
				</ItemIcon>
				<bgColor>00ffffff</bgColor>
				<maxSnippetLines>2</maxSnippetLines>
			</ListStyle>
		</Style>
		<Folder>
			<name>Sightseeing Tour</name>
			<description><![CDATA[Make sure 3D Buildings <br> layer is checked
    <]]></description>
			<Style id="sn_noicon">
				<IconStyle>
					<Icon>
					</Icon>
				</IconStyle>
				<LabelStyle>
					<color>00ffffff</color>
				</LabelStyle>
			</Style>
			<gx:Tour>
				<name>Start tour here</name>
				<gx:Playlist>
					<gx:FlyTo>
						<gx:duration>7</gx:duration>
						<LookAt>
							<longitude>2.291433408790398</longitude>
							<latitude>48.86046599047212</latitude>
							<altitude>0</altitude>
							<heading>-44.78443344916974</heading>
							<tilt>84.50456468378914</tilt>
							<range>1237.092264232066</range>
							<altitudeMode>relativeToGround</altitudeMode>
						</LookAt>
					</gx:FlyTo>
					<gx:Wait><gx:duration>4</gx:duration>
</gx:Wait>
					<gx:FlyTo>
						<gx:duration>5</gx:duration>
						<gx:flyToMode>smooth</gx:flyToMode>
						<LookAt>
							<longitude>2.292516819664192</longitude>
							<latitude>48.85698932280409</latitude>
							<altitude>0</altitude>
							<heading>-133.4483170172488</heading>
							<tilt>70.63136956830182</tilt>
							<range>969.7156365886258</range>
							<altitudeMode>relativeToGround</altitudeMode>
						</LookAt>
					</gx:FlyTo>
					<gx:FlyTo>
						<gx:duration>6</gx:duration>
						<gx:flyToMode>smooth</gx:flyToMode>
						<LookAt>
							<longitude>2.295838863036321</longitude>
							<latitude>48.85722765839494</latitude>
							<altitude>0</altitude>
							<heading>144.8330905543111</heading>
							<tilt>82.11044392463096</tilt>
							<range>1280.086026374546</range>
							<altitudeMode>relativeToGround</altitudeMode>
						</LookAt>
					</gx:FlyTo>
					<gx:Wait><gx:duration>0.6</gx:duration>
</gx:Wait>
					<gx:TourControl>
					</gx:TourControl>
					<gx:FlyTo>
						<gx:duration>7</gx:duration>
						<LookAt>
							<longitude>-43.20953574843956</longitude>
							<latitude>-22.950407157676</latitude>
							<altitude>0</altitude>
							<heading>-134.4620862063529</heading>
							<tilt>58.47824597790541</tilt>
							<range>518.7551361289096</range>
							<altitudeMode>relativeToGround</altitudeMode>
						</LookAt>
					</gx:FlyTo>
					<gx:Wait><gx:duration>3</gx:duration>
</gx:Wait>
					<gx:FlyTo>
						<gx:duration>6</gx:duration>
						<gx:flyToMode>smooth</gx:flyToMode>
						<LookAt>
							<longitude>-43.21454496440098</longitude>
							<latitude>-22.95360604377341</latitude>
							<altitude>0</altitude>
							<heading>-120.57288800332</heading>
							<tilt>65.17521407189773</tilt>
							<range>660</range>
							<altitudeMode>relativeToGround</altitudeMode>
						</LookAt>
					</gx:FlyTo>
					<gx:FlyTo>
						<gx:duration>6</gx:duration>
						<gx:flyToMode>smooth</gx:flyToMode>
						<LookAt>
							<longitude>-43.21660160057429</longitude>
							<latitude>-22.94806206144405</latitude>
							<altitude>0</altitude>
							<heading>-57.54538440420448</heading>
							<tilt>80.00485701436207</tilt>
							<range>1000</range>
							<altitudeMode>relativeToGround</altitudeMode>
						</LookAt>
					</gx:FlyTo>
					<gx:FlyTo>
						<gx:duration>6</gx:duration>
						<gx:flyToMode>smooth</gx:flyToMode>
						<LookAt>
							<longitude>-43.20919504667657</longitude>
							<latitude>-22.95016892675761</latitude>
							<altitude>0</altitude>
							<heading>43.40129179538381</heading>
							<tilt>66.44869267970699</tilt>
							<range>400</range>
							<altitudeMode>relativeToGround</altitudeMode>
						</LookAt>
					</gx:FlyTo>
					<gx:Wait><gx:duration>0.6</gx:duration>
</gx:Wait>
					<gx:TourControl>
					</gx:TourControl>
					<gx:FlyTo>
						<gx:duration>8</gx:duration>
						<LookAt>
							<longitude>-111.825259364926</longitude>
							<latitude>36.13629032059509</latitude>
							<altitude>0</altitude>
							<heading>-122.0385885563142</heading>
							<tilt>71.25665521441707</tilt>
							<range>2881.126209803783</range>
							<altitudeMode>relativeToGround</altitudeMode>
						</LookAt>
					</gx:FlyTo>
					<gx:Wait><gx:duration>5</gx:duration>
</gx:Wait>
					<gx:FlyTo>
						<gx:duration>10</gx:duration>
						<gx:flyToMode>smooth</gx:flyToMode>
						<LookAt>
							<longitude>-111.8178193912654</longitude>
							<latitude>36.12220415999125</latitude>
							<altitude>0</altitude>
							<heading>-20.55049931075685</heading>
							<tilt>70.46152747623586</tilt>
							<range>6923.518337176915</range>
							<altitudeMode>relativeToGround</altitudeMode>
						</LookAt>
					</gx:FlyTo>
					<gx:Wait><gx:duration>0.6</gx:duration>
</gx:Wait>
					<gx:TourControl>
					</gx:TourControl>
					<gx:FlyTo>
						<gx:duration>8</gx:duration>
						<LookAt>
							<longitude>151.2122001847845</longitude>
							<latitude>-33.85543600090152</latitude>
							<altitude>0</altitude>
							<heading>-136.7378847758026</heading>
							<tilt>68.87493344592141</tilt>
							<range>1332.179816629172</range>
							<altitudeMode>relativeToGround</altitudeMode>
						</LookAt>
					</gx:FlyTo>
					<gx:Wait><gx:duration>5</gx:duration>
</gx:Wait>
					<gx:FlyTo>
						<gx:duration>8</gx:duration>
						<gx:flyToMode>smooth</gx:flyToMode>
						<LookAt>
							<longitude>151.2102747218619</longitude>
							<latitude>-33.86562371282643</latitude>
							<altitude>0</altitude>
							<heading>-100.9504733403397</heading>
							<tilt>61.69903309250663</tilt>
							<range>1157.567447390761</range>
							<altitudeMode>relativeToGround</altitudeMode>
						</LookAt>
					</gx:FlyTo>
					<gx:FlyTo>
						<gx:duration>8</gx:duration>
						<gx:flyToMode>smooth</gx:flyToMode>
						<LookAt>
							<longitude>151.2084567507541</longitude>
							<latitude>-33.8719709424179</latitude>
							<altitude>0</altitude>
							<heading>-30.97913448260641</heading>
							<tilt>73.81737727550399</tilt>
							<range>1804.653308065182</range>
							<altitudeMode>relativeToGround</altitudeMode>
						</LookAt>
					</gx:FlyTo>
					<gx:Wait><gx:duration>1</gx:duration>
</gx:Wait>
					<gx:TourControl>
					</gx:TourControl>
					<gx:FlyTo>
						<gx:duration>7</gx:duration>
						<LookAt>
							<longitude>12.45863229278517</longitude>
							<latitude>41.90238356414683</latitude>
							<altitude>0</altitude>
							<heading>-88.09821473983064</heading>
							<tilt>72.55531058146758</tilt>
							<range>545.5229608700497</range>
							<altitudeMode>relativeToGround</altitudeMode>
						</LookAt>
					</gx:FlyTo>
					<gx:Wait><gx:duration>2</gx:duration>
</gx:Wait>
					<gx:FlyTo>
						<gx:duration>4</gx:duration>
						<gx:flyToMode>smooth</gx:flyToMode>
						<LookAt>
							<longitude>12.45576850829061</longitude>
							<latitude>41.90259432723413</latitude>
							<altitude>0</altitude>
							<heading>-45.63719485912762</heading>
							<tilt>67.45254428277359</tilt>
							<range>440.4364927688193</range>
							<altitudeMode>relativeToGround</altitudeMode>
						</LookAt>
					</gx:FlyTo>
					<gx:FlyTo>
						<gx:duration>5</gx:duration>
						<gx:flyToMode>smooth</gx:flyToMode>
						<LookAt>
							<longitude>12.45521415868397</longitude>
							<latitude>41.90223391472421</latitude>
							<altitude>0</altitude>
							<heading>62.2555896882265</heading>
							<tilt>56.44844484217481</tilt>
							<range>660</range>
							<altitudeMode>relativeToGround</altitudeMode>
						</LookAt>
					</gx:FlyTo>
					<gx:FlyTo>
						<gx:duration>5</gx:duration>
						<gx:flyToMode>smooth</gx:flyToMode>
						<LookAt>
							<longitude>12.45542893820797</longitude>
							<latitude>41.90247136879627</latitude>
							<altitude>0</altitude>
							<heading>143.1756044668531</heading>
							<tilt>54.3757116252694</tilt>
							<range>630.2289324677029</range>
							<altitudeMode>relativeToGround</altitudeMode>
						</LookAt>
					</gx:FlyTo>
					<gx:FlyTo>
						<gx:duration>4</gx:duration>
						<gx:flyToMode>smooth</gx:flyToMode>
						<LookAt>
							<longitude>12.45514725466031</longitude>
							<latitude>41.90208944848824</latitude>
							<altitude>0</altitude>
							<heading>-126.2904640924972</heading>
							<tilt>62.98553010498054</tilt>
							<range>973.0823093362777</range>
							<altitudeMode>relativeToGround</altitudeMode>
						</LookAt>
					</gx:FlyTo>
					<gx:Wait><gx:duration>0.6</gx:duration>
</gx:Wait>
					<gx:TourControl>
					</gx:TourControl>
					<gx:FlyTo>
						<gx:duration>9</gx:duration>
						<LookAt>
							<longitude>-0.120788371613878</longitude>
							<latitude>51.50501055442484</latitude>
							<altitude>0</altitude>
							<heading>-26.35029775803154</heading>
							<tilt>73.05226006937514</tilt>
							<range>454.4339921427415</range>
							<altitudeMode>relativeToGround</altitudeMode>
						</LookAt>
					</gx:FlyTo>
					<gx:Wait><gx:duration>4</gx:duration>
</gx:Wait>
					<gx:FlyTo>
						<gx:duration>3</gx:duration>
						<gx:flyToMode>smooth</gx:flyToMode>
						<LookAt>
							<longitude>-0.1218913821474976</longitude>
							<latitude>51.50305583632267</latitude>
							<altitude>0</altitude>
							<heading>-104.133103977011</heading>
							<tilt>62.33871582343829</tilt>
							<range>464.9005677104844</range>
							<altitudeMode>relativeToGround</altitudeMode>
						</LookAt>
					</gx:FlyTo>
					<gx:FlyTo>
						<gx:duration>3</gx:duration>
						<gx:flyToMode>smooth</gx:flyToMode>
						<LookAt>
							<longitude>-0.1210052471346601</longitude>
							<latitude>51.50193262427588</latitude>
							<altitude>0</altitude>
							<heading>-148.4647519019507</heading>
							<tilt>62.49820488326289</tilt>
							<range>467.9437060050972</range>
							<altitudeMode>relativeToGround</altitudeMode>
						</LookAt>
					</gx:FlyTo>
					<gx:Wait><gx:duration>0.6</gx:duration>
</gx:Wait>
					<gx:TourControl>
					</gx:TourControl>
					<gx:FlyTo>
						<gx:duration>10</gx:duration>
						<LookAt>
							<longitude>-49.94775814514536</longitude>
							<latitude>41.72923316238139</latitude>
							<altitude>0</altitude>
							<heading>-22.16745101595302</heading>
							<tilt>58.51118653734172</tilt>
							<range>15751.03428612136</range>
							<altitudeMode>relativeToGround</altitudeMode>
						</LookAt>
					</gx:FlyTo>
					<gx:Wait><gx:duration>3</gx:duration>
</gx:Wait>
					<gx:FlyTo>
						<gx:duration>3</gx:duration>
						<gx:flyToMode>smooth</gx:flyToMode>
						<LookAt>
							<longitude>-49.95064833173971</longitude>
							<latitude>41.73675356498745</latitude>
							<altitude>0</altitude>
							<heading>-22.0614952772804</heading>
							<tilt>58.41962787655594</tilt>
							<range>3785.050923503806</range>
							<gx:altitudeMode>relativeToSeaFloor</gx:altitudeMode>
						</LookAt>
					</gx:FlyTo>
					<gx:FlyTo>
						<gx:duration>3</gx:duration>
						<gx:flyToMode>smooth</gx:flyToMode>
						<LookAt>
							<longitude>-49.94963603456613</longitude>
							<latitude>41.73044100800762</latitude>
							<altitude>0</altitude>
							<heading>-21.98561736233518</heading>
							<tilt>59.14449309551124</tilt>
							<range>1298.527712044066</range>
							<gx:altitudeMode>relativeToSeaFloor</gx:altitudeMode>
						</LookAt>
					</gx:FlyTo>
					<gx:FlyTo>
						<gx:duration>3</gx:duration>
						<gx:flyToMode>smooth</gx:flyToMode>
						<LookAt>
							<longitude>-49.9476723120594</longitude>
							<latitude>41.73049451623312</latitude>
							<altitude>0</altitude>
							<heading>39.17295296812819</heading>
							<tilt>67.43152193490242</tilt>
							<range>877.6242516424816</range>
							<gx:altitudeMode>relativeToSeaFloor</gx:altitudeMode>
						</LookAt>
					</gx:FlyTo>
					<gx:FlyTo>
						<gx:duration>3</gx:duration>
						<gx:flyToMode>smooth</gx:flyToMode>
						<LookAt>
							<longitude>-49.94932550499109</longitude>
							<latitude>41.73351808554008</latitude>
							<altitude>0</altitude>
							<heading>62.89000376535781</heading>
							<tilt>76.83720128724194</tilt>
							<range>184.8131750740089</range>
							<gx:altitudeMode>relativeToSeaFloor</gx:altitudeMode>
						</LookAt>
					</gx:FlyTo>
					<gx:FlyTo>
						<gx:duration>3</gx:duration>
						<gx:flyToMode>smooth</gx:flyToMode>
						<LookAt>
							<longitude>-49.94863305687194</longitude>
							<latitude>41.7346904804198</latitude>
							<altitude>0</altitude>
							<heading>162.2375295003862</heading>
							<tilt>70.14149365018284</tilt>
							<range>231.5863465484218</range>
							<gx:altitudeMode>relativeToSeaFloor</gx:altitudeMode>
						</LookAt>
					</gx:FlyTo>
					<gx:Wait><gx:duration>0.6</gx:duration>
</gx:Wait>
					<gx:TourControl>
					</gx:TourControl>
					<gx:FlyTo>
						<gx:duration>14</gx:duration>
						<LookAt>
							<longitude>116.3908088768237</longitude>
							<latitude>39.91379916102216</latitude>
							<altitude>0</altitude>
							<heading>-1.138855209962087</heading>
							<tilt>63.78082439241467</tilt>
							<range>804.0076519351231</range>
							<altitudeMode>relativeToGround</altitudeMode>
						</LookAt>
					</gx:FlyTo>
					<gx:Wait><gx:duration>4</gx:duration>
</gx:Wait>
					<gx:FlyTo>
						<gx:duration>4</gx:duration>
						<gx:flyToMode>smooth</gx:flyToMode>
						<LookAt>
							<longitude>116.3902022277641</longitude>
							<latitude>39.91548590997697</latitude>
							<altitude>0</altitude>
							<heading>36.54261588920597</heading>
							<tilt>53.23349045734695</tilt>
							<range>1284.830404072757</range>
							<altitudeMode>relativeToGround</altitudeMode>
						</LookAt>
					</gx:FlyTo>
					<gx:FlyTo>
						<gx:duration>5</gx:duration>
						<gx:flyToMode>smooth</gx:flyToMode>
						<LookAt>
							<longitude>116.3894381947359</longitude>
							<latitude>39.91647028464102</latitude>
							<altitude>0</altitude>
							<heading>109.9844905127141</heading>
							<tilt>77.81184480203503</tilt>
							<range>434.044223900926</range>
							<altitudeMode>relativeToGround</altitudeMode>
						</LookAt>
					</gx:FlyTo>
					<gx:Wait><gx:duration>0.6</gx:duration>
</gx:Wait>
					<gx:TourControl>
					</gx:TourControl>
					<gx:FlyTo>
						<gx:duration>13</gx:duration>
						<LookAt>
							<longitude>138.7818265722904</longitude>
							<latitude>35.34063009043844</latitude>
							<altitude>0</altitude>
							<heading>-62.46343745766319</heading>
							<tilt>67.6064862659656</tilt>
							<range>7131.323646428426</range>
							<altitudeMode>relativeToGround</altitudeMode>
						</LookAt>
					</gx:FlyTo>
					<gx:Wait><gx:duration>2</gx:duration>
</gx:Wait>
					<gx:FlyTo>
						<gx:duration>5</gx:duration>
						<gx:flyToMode>smooth</gx:flyToMode>
						<LookAt>
							<longitude>138.732831233965</longitude>
							<latitude>35.34631761100981</latitude>
							<altitude>0</altitude>
							<heading>8.54680114884243</heading>
							<tilt>63.6005664023261</tilt>
							<range>4599.456156339281</range>
							<altitudeMode>relativeToGround</altitudeMode>
						</LookAt>
					</gx:FlyTo>
					<gx:FlyTo>
						<gx:duration>5</gx:duration>
						<gx:flyToMode>smooth</gx:flyToMode>
						<LookAt>
							<longitude>138.7117696613163</longitude>
							<latitude>35.35924486897797</latitude>
							<altitude>0</altitude>
							<heading>77.97081549606358</heading>
							<tilt>65.19409798035845</tilt>
							<range>8748.160445429821</range>
							<altitudeMode>relativeToGround</altitudeMode>
						</LookAt>
					</gx:FlyTo>
					<gx:Wait><gx:duration>0.6</gx:duration>
</gx:Wait>
					<gx:TourControl>
					</gx:TourControl>
					<gx:FlyTo>
						<gx:duration>8</gx:duration>
						<LookAt>
							<longitude>-122.0820910773159</longitude>
							<latitude>37.41931975444069</latitude>
							<altitude>0</altitude>
							<heading>-25.52915008078697</heading>
							<tilt>60.16567815354701</tilt>
							<range>421.7487119859438</range>
							<altitudeMode>relativeToGround</altitudeMode>
						</LookAt>
					</gx:FlyTo>
					<gx:Wait><gx:duration>3</gx:duration>
</gx:Wait>
					<gx:FlyTo>
						<gx:duration>3</gx:duration>
						<gx:flyToMode>smooth</gx:flyToMode>
						<LookAt>
							<longitude>-122.0828356355515</longitude>
							<latitude>37.41970831813314</latitude>
							<altitude>0</altitude>
							<heading>-48.22990007554524</heading>
							<tilt>77.38490900520242</tilt>
							<range>281.1183154577782</range>
							<altitudeMode>relativeToGround</altitudeMode>
						</LookAt>
					</gx:FlyTo>
					<gx:FlyTo>
						<gx:duration>3</gx:duration>
						<gx:flyToMode>smooth</gx:flyToMode>
						<LookAt>
							<longitude>-122.0837867591564</longitude>
							<latitude>37.42075190046511</latitude>
							<altitude>0</altitude>
							<heading>-48.20230753378853</heading>
							<tilt>77.38416695218248</tilt>
							<range>196.354133688462</range>
							<altitudeMode>relativeToGround</altitudeMode>
						</LookAt>
					</gx:FlyTo>
					<gx:FlyTo>
						<gx:duration>4</gx:duration>
						<gx:flyToMode>smooth</gx:flyToMode>
						<LookAt>
							<longitude>-122.0845501159868</longitude>
							<latitude>37.4218699663417</latitude>
							<altitude>0</altitude>
							<heading>-69.56777763392701</heading>
							<tilt>70.05009898715139</tilt>
							<range>179.6078491941072</range>
							<altitudeMode>relativeToGround</altitudeMode>
						</LookAt>
					</gx:FlyTo>
					<gx:FlyTo>
						<gx:duration>4</gx:duration>
						<gx:flyToMode>smooth</gx:flyToMode>
						<LookAt>
							<longitude>-122.0865370283483</longitude>
							<latitude>37.42216403229413</latitude>
							<altitude>0</altitude>
							<heading>-76.24554149800839</heading>
							<tilt>66.0643204358401</tilt>
							<range>186.138599501638</range>
							<altitudeMode>relativeToGround</altitudeMode>
						</LookAt>
					</gx:FlyTo>
					<gx:FlyTo>
						<gx:duration>4</gx:duration>
						<gx:flyToMode>smooth</gx:flyToMode>
						<LookAt>
							<longitude>-122.0855609773483</longitude>
							<latitude>37.42182792652437</latitude>
							<altitude>0</altitude>
							<heading>136.7389026227908</heading>
							<tilt>53.07129205583576</tilt>
							<range>205.5505645659833</range>
							<altitudeMode>relativeToGround</altitudeMode>
						</LookAt>
					</gx:FlyTo>
					<gx:FlyTo>
						<gx:duration>4</gx:duration>
						<gx:flyToMode>smooth</gx:flyToMode>
						<LookAt>
							<longitude>-122.0857031347691</longitude>
							<latitude>37.42169546784739</latitude>
							<altitude>0</altitude>
							<heading>51.91673446403121</heading>
							<tilt>50.75900171716816</tilt>
							<range>232.187882698068</range>
							<altitudeMode>relativeToGround</altitudeMode>
						</LookAt>
					</gx:FlyTo>
					<gx:Wait><gx:duration>0.6</gx:duration>
</gx:Wait>
					<gx:TourControl>
					</gx:TourControl>
				</gx:Playlist>
			</gx:Tour>
			<Placemark id="eiffel">
				<name>The Eiffel Tower</name>
				<description>Located in Paris, France</description>
				<LookAt>
					<longitude>2.295967680887427</longitude>
					<latitude>48.85780097266282</latitude>
					<altitude>0</altitude>
					<heading>-42.91158279440752</heading>
					<tilt>58.51308219868477</tilt>
					<range>798.4686453648802</range>
					<altitudeMode>relativeToGround</altitudeMode>
				</LookAt>
				<styleUrl>#sn_noicon</styleUrl>
				<Point>
					<coordinates>2.295967680887427,48.85780097266282,0</coordinates>
				</Point>
			</Placemark>
			<Placemark id="christ">
				<name>Christ the Redeemer</name>
				<description>Located in Rio, Brazil</description>
				<LookAt>
					<longitude>-43.20953574843956</longitude>
					<latitude>-22.950407157676</latitude>
					<altitude>0</altitude>
					<heading>-134.4620862063529</heading>
					<tilt>58.47824597790541</tilt>
					<range>518.7551361289096</range>
					<altitudeMode>relativeToGround</altitudeMode>
				</LookAt>
				<styleUrl>#sn_noicon</styleUrl>
				<Point>
					<coordinates>-43.20953574843956,-22.95040715767599,0</coordinates>
				</Point>
			</Placemark>
			<Placemark id="canyon">
				<name>The Grand Canyon</name>
				<description>Located in Arizona, USA</description>
				<LookAt>
					<longitude>-111.839335188889</longitude>
					<latitude>36.14936973429993</latitude>
					<altitude>0</altitude>
					<heading>-102.4264123877612</heading>
					<tilt>60.36812941371167</tilt>
					<range>17029.89256740801</range>
					<altitudeMode>relativeToGround</altitudeMode>
				</LookAt>
				<styleUrl>#sn_noicon</styleUrl>
				<Point>
					<coordinates>-111.839335188889,36.14936973429993,0</coordinates>
				</Point>
			</Placemark>
			<Placemark id="sydney">
				<name>Sydney</name>
				<description>New South Wales, Australia</description>
				<LookAt>
					<longitude>151.2122001847845</longitude>
					<latitude>-33.85543600090152</latitude>
					<altitude>0</altitude>
					<heading>-136.7378847758026</heading>
					<tilt>68.87493344592141</tilt>
					<range>1332.179816629172</range>
					<altitudeMode>relativeToGround</altitudeMode>
				</LookAt>
				<styleUrl>#sn_noicon</styleUrl>
				<Point>
					<coordinates>151.2122001847845,-33.85543600090152,0</coordinates>
				</Point>
			</Placemark>
			<Placemark id="peters">
				<name>St Peters Basilica</name>
				<description>Located in Vatican City</description>
				<LookAt>
					<longitude>12.45863229278517</longitude>
					<latitude>41.90238356414683</latitude>
					<altitude>0</altitude>
					<heading>-88.09821473983064</heading>
					<tilt>72.55531058146758</tilt>
					<range>545.5229608700497</range>
					<altitudeMode>relativeToGround</altitudeMode>
				</LookAt>
				<styleUrl>#sn_noicon</styleUrl>
				<Point>
					<coordinates>12.45863229278517,41.90238356414683,0</coordinates>
				</Point>
			</Placemark>
			<Placemark id="london">
				<name>The London Eye</name>
				<description>Located in London, England</description>
				<LookAt>
					<longitude>-0.1208037863755851</longitude>
					<latitude>51.50295856070689</latitude>
					<altitude>0</altitude>
					<heading>-119.6219029975624</heading>
					<tilt>54.36628262074456</tilt>
					<range>667.3903819080039</range>
					<altitudeMode>relativeToGround</altitudeMode>
				</LookAt>
				<styleUrl>#sn_noicon</styleUrl>
				<Point>
					<coordinates>-0.1208037863755851,51.50295856070689,0</coordinates>
				</Point>
			</Placemark>
			<Placemark id="titanic">
				<name>The Titanic</name>
				<description>Located in the North Atlantic Ocean</description>
				<LookAt>
					<longitude>-49.94881009327763</longitude>
					<latitude>41.72834170105288</latitude>
					<altitude>0</altitude>
					<heading>46.46743078657357</heading>
					<tilt>59.42261846268553</tilt>
					<range>858.0285123602595</range>
					<gx:altitudeMode>relativeToSeaFloor</gx:altitudeMode>
				</LookAt>
				<styleUrl>#sn_noicon</styleUrl>
				<Point>
					<coordinates>-49.94881009327763,41.72834170105288,0</coordinates>
				</Point>
			</Placemark>
			<Placemark id="forbidden">
				<name>The Forbidden City</name>
				<description>Located in China</description>
				<LookAt>
					<longitude>116.3908088768237</longitude>
					<latitude>39.91379916102216</latitude>
					<altitude>0</altitude>
					<heading>-1.138855209962087</heading>
					<tilt>63.78082439241467</tilt>
					<range>804.0076519351231</range>
					<altitudeMode>relativeToGround</altitudeMode>
				</LookAt>
				<styleUrl>#sn_noicon</styleUrl>
				<Point>
					<coordinates>116.3908088768236,39.91379916102216,0</coordinates>
				</Point>
			</Placemark>
			<Placemark id="fuji">
				<name>Mount Fuji</name>
				<description>Located near Tokyo, Japan</description>
				<LookAt>
					<longitude>138.7818265722904</longitude>
					<latitude>35.34063009043844</latitude>
					<altitude>0</altitude>
					<heading>-62.46343745766319</heading>
					<tilt>67.6064862659656</tilt>
					<range>7131.323646428426</range>
					<altitudeMode>relativeToGround</altitudeMode>
				</LookAt>
				<styleUrl>#sn_noicon</styleUrl>
				<Point>
					<coordinates>138.7818265722904,35.34063009043844,0</coordinates>
				</Point>
			</Placemark>
			<Placemark id="google">
				<name>Google Headquarters</name>
				<description>Located in Mountain View, California</description>
				<LookAt>
					<longitude>-122.0857031353512</longitude>
					<latitude>37.42169546752972</latitude>
					<altitude>0</altitude>
					<heading>51.91673446364886</heading>
					<tilt>50.75900171660835</tilt>
					<range>232.1878066927673</range>
					<altitudeMode>relativeToGround</altitudeMode>
				</LookAt>
				<styleUrl>#sn_noicon</styleUrl>
				<Point>
					<coordinates>-122.0857031353512,37.42169546752972,0</coordinates>
				</Point>
			</Placemark>
		</Folder>
		<Placemark>
			<name>coc1</name>
			<LookAt>
				<gx:TimeStamp><when>2026-04-30</when>
</gx:TimeStamp>
				<gx:ViewerOptions>
					<gx:option name="historicalimagery"></gx:option>
					<gx:option enabled="0" name="sunlight"></gx:option>
					<gx:option enabled="0" name="streetview"></gx:option>
				</gx:ViewerOptions>
				<longitude>-2.597611015357357</longitude>
				<latitude>6.145240149234477</latitude>
				<altitude>0</altitude>
				<heading>-0.0906400711712764</heading>
				<tilt>26.37300818121673</tilt>
				<range>578.2625102979249</range>
				<gx:altitudeMode>relativeToSeaFloor</gx:altitudeMode>
			</LookAt>
			<styleUrl>#m_ylw-pushpin</styleUrl>
			<Point>
				<gx:drawOrder>1</gx:drawOrder>
				<coordinates>-2.599143575751618,6.14518230129886,0</coordinates>
			</Point>
		</Placemark>
		<Placemark>
			<name>coc2</name>
			<LookAt>
				<gx:TimeStamp><when>2026-04-30</when>
</gx:TimeStamp>
				<gx:ViewerOptions>
					<gx:option name="historicalimagery"></gx:option>
					<gx:option enabled="0" name="sunlight"></gx:option>
					<gx:option enabled="0" name="streetview"></gx:option>
				</gx:ViewerOptions>
				<longitude>-2.597809863309422</longitude>
				<latitude>6.133079081460167</latitude>
				<altitude>0</altitude>
				<heading>-0.08992241799614685</heading>
				<tilt>30.00799925016127</tilt>
				<range>1781.01433778655</range>
				<gx:altitudeMode>relativeToSeaFloor</gx:altitudeMode>
			</LookAt>
			<styleUrl>#m_ylw-pushpin</styleUrl>
			<Point>
				<gx:drawOrder>1</gx:drawOrder>
				<coordinates>-2.601236698865661,6.131415387078846,0</coordinates>
			</Point>
		</Placemark>
		<Placemark>
			<name>coc3</name>
			<LookAt>
				<gx:TimeStamp><when>2026-04-30</when>
</gx:TimeStamp>
				<gx:ViewerOptions>
					<gx:option name="historicalimagery"></gx:option>
					<gx:option enabled="0" name="sunlight"></gx:option>
					<gx:option enabled="0" name="streetview"></gx:option>
				</gx:ViewerOptions>
				<longitude>-2.597809863309422</longitude>
				<latitude>6.133079081460167</latitude>
				<altitude>0</altitude>
				<heading>-0.08992241799614685</heading>
				<tilt>30.00799925016127</tilt>
				<range>1781.01433778655</range>
				<gx:altitudeMode>relativeToSeaFloor</gx:altitudeMode>
			</LookAt>
			<styleUrl>#m_ylw-pushpin</styleUrl>
			<Point>
				<gx:drawOrder>1</gx:drawOrder>
				<coordinates>-2.602209948299286,6.130335068747075,0</coordinates>
			</Point>
		</Placemark>
		<Placemark>
			<name>coc4</name>
			<LookAt>
				<gx:TimeStamp><when>2026-04-30</when>
</gx:TimeStamp>
				<gx:ViewerOptions>
					<gx:option name="historicalimagery"></gx:option>
					<gx:option enabled="0" name="sunlight"></gx:option>
					<gx:option enabled="0" name="streetview"></gx:option>
				</gx:ViewerOptions>
				<longitude>-2.599001971625703</longitude>
				<latitude>6.140887762934334</latitude>
				<altitude>0</altitude>
				<heading>-0.09004005819069082</heading>
				<tilt>30.00248682014451</tilt>
				<range>553.6243317946693</range>
				<gx:altitudeMode>relativeToSeaFloor</gx:altitudeMode>
			</LookAt>
			<styleUrl>#m_ylw-pushpin</styleUrl>
			<Point>
				<gx:drawOrder>1</gx:drawOrder>
				<coordinates>-2.599673664235516,6.140444851548504,0</coordinates>
			</Point>
		</Placemark>
		<Placemark>
			<name>coc5</name>
			<LookAt>
				<gx:TimeStamp><when>2026-04-30</when>
</gx:TimeStamp>
				<gx:ViewerOptions>
					<gx:option name="historicalimagery"></gx:option>
					<gx:option enabled="0" name="sunlight"></gx:option>
					<gx:option enabled="0" name="streetview"></gx:option>
				</gx:ViewerOptions>
				<longitude>-3.516875388401709</longitude>
				<latitude>6.829599687763969</latitude>
				<altitude>0</altitude>
				<heading>-0.1933062443885271</heading>
				<tilt>34.03885948990485</tilt>
				<range>1074.050382898516</range>
				<gx:altitudeMode>relativeToSeaFloor</gx:altitudeMode>
			</LookAt>
			<styleUrl>#m_ylw-pushpin</styleUrl>
			<Point>
				<gx:drawOrder>1</gx:drawOrder>
				<coordinates>-3.513740144428769,6.829246012524005,0</coordinates>
			</Point>
		</Placemark>
		<Placemark>
			<name>coc6</name>
			<LookAt>
				<gx:TimeStamp><when>2026-04-30</when>
</gx:TimeStamp>
				<gx:ViewerOptions>
					<gx:option name="historicalimagery"></gx:option>
					<gx:option enabled="0" name="sunlight"></gx:option>
					<gx:option enabled="0" name="streetview"></gx:option>
				</gx:ViewerOptions>
				<longitude>-3.517482641152663</longitude>
				<latitude>6.828963378602864</latitude>
				<altitude>0</altitude>
				<heading>-0.1933784869499977</heading>
				<tilt>34.03889626698023</tilt>
				<range>1081.364404215109</range>
				<gx:altitudeMode>relativeToSeaFloor</gx:altitudeMode>
			</LookAt>
			<styleUrl>#m_ylw-pushpin</styleUrl>
			<Point>
				<gx:drawOrder>1</gx:drawOrder>
				<coordinates>-3.520041597217849,6.829485491490512,0</coordinates>
			</Point>
		</Placemark>
		<Placemark>
			<name>coc7</name>
			<LookAt>
				<gx:TimeStamp><when>2026-04-30</when>
</gx:TimeStamp>
				<gx:ViewerOptions>
					<gx:option name="historicalimagery"></gx:option>
					<gx:option enabled="0" name="sunlight"></gx:option>
					<gx:option enabled="0" name="streetview"></gx:option>
				</gx:ViewerOptions>
				<longitude>-3.522852761983979</longitude>
				<latitude>6.838674055272097</latitude>
				<altitude>0</altitude>
				<heading>-0.1940173301006398</heading>
				<tilt>34.04506540703912</tilt>
				<range>2308.488861351105</range>
				<gx:altitudeMode>relativeToSeaFloor</gx:altitudeMode>
			</LookAt>
			<styleUrl>#m_ylw-pushpin</styleUrl>
			<Point>
				<gx:drawOrder>1</gx:drawOrder>
				<coordinates>-3.524011075637762,6.837297144021603,0</coordinates>
			</Point>
		</Placemark>
		<Placemark>
			<name>coc8</name>
			<LookAt>
				<gx:TimeStamp><when>2026-04-30</when>
</gx:TimeStamp>
				<gx:ViewerOptions>
					<gx:option name="historicalimagery"></gx:option>
					<gx:option enabled="0" name="sunlight"></gx:option>
					<gx:option enabled="0" name="streetview"></gx:option>
				</gx:ViewerOptions>
				<longitude>-3.513601851316987</longitude>
				<latitude>6.842196616571991</latitude>
				<altitude>0</altitude>
				<heading>-0.1929912270573722</heading>
				<tilt>33.7743505627265</tilt>
				<range>4964.88029795927</range>
				<gx:altitudeMode>relativeToSeaFloor</gx:altitudeMode>
			</LookAt>
			<styleUrl>#m_ylw-pushpin</styleUrl>
			<Point>
				<gx:drawOrder>1</gx:drawOrder>
				<coordinates>-3.504510303546543,6.833259375694345,0</coordinates>
			</Point>
		</Placemark>
		<Placemark>
			<name>coc9</name>
			<LookAt>
				<gx:TimeStamp><when>2026-04-30</when>
</gx:TimeStamp>
				<gx:ViewerOptions>
					<gx:option name="historicalimagery"></gx:option>
					<gx:option enabled="0" name="sunlight"></gx:option>
					<gx:option enabled="0" name="streetview"></gx:option>
				</gx:ViewerOptions>
				<longitude>-3.510275188645354</longitude>
				<latitude>6.858124246045043</latitude>
				<altitude>0</altitude>
				<heading>-0.1925865762199968</heading>
				<tilt>33.75944113929231</tilt>
				<range>1977.359804717006</range>
				<gx:altitudeMode>relativeToSeaFloor</gx:altitudeMode>
			</LookAt>
			<styleUrl>#m_ylw-pushpin</styleUrl>
			<Point>
				<gx:drawOrder>1</gx:drawOrder>
				<coordinates>-3.513921453007169,6.854855885213191,0</coordinates>
			</Point>
		</Placemark>
		<Placemark>
			<name>coc10</name>
			<LookAt>
				<gx:TimeStamp><when>2026-04-30</when>
</gx:TimeStamp>
				<gx:ViewerOptions>
					<gx:option name="historicalimagery"></gx:option>
					<gx:option enabled="0" name="sunlight"></gx:option>
					<gx:option enabled="0" name="streetview"></gx:option>
				</gx:ViewerOptions>
				<longitude>-3.510275188645354</longitude>
				<latitude>6.858124246045043</latitude>
				<altitude>0</altitude>
				<heading>-0.1925865762199968</heading>
				<tilt>33.75944113929231</tilt>
				<range>1977.359804717006</range>
				<gx:altitudeMode>relativeToSeaFloor</gx:altitudeMode>
			</LookAt>
			<styleUrl>#m_ylw-pushpin</styleUrl>
			<Point>
				<gx:drawOrder>1</gx:drawOrder>
				<coordinates>-3.514563986454258,6.859831044755819,0</coordinates>
			</Point>
		</Placemark>
		<Placemark>
			<name>coc11</name>
			<LookAt>
				<gx:TimeStamp><when>2026-04-30</when>
</gx:TimeStamp>
				<gx:ViewerOptions>
					<gx:option name="historicalimagery"></gx:option>
					<gx:option enabled="0" name="sunlight"></gx:option>
					<gx:option enabled="0" name="streetview"></gx:option>
				</gx:ViewerOptions>
				<longitude>-3.510275188645354</longitude>
				<latitude>6.858124246045043</latitude>
				<altitude>0</altitude>
				<heading>-0.1925865762199968</heading>
				<tilt>33.75944113929231</tilt>
				<range>1977.359804717006</range>
				<gx:altitudeMode>relativeToSeaFloor</gx:altitudeMode>
			</LookAt>
			<styleUrl>#m_ylw-pushpin</styleUrl>
			<Point>
				<gx:drawOrder>1</gx:drawOrder>
				<coordinates>-3.505354737234168,6.862405097153379,0</coordinates>
			</Point>
		</Placemark>
		<Placemark>
			<name>coc12</name>
			<LookAt>
				<gx:TimeStamp><when>2026-04-30</when>
</gx:TimeStamp>
				<gx:ViewerOptions>
					<gx:option name="historicalimagery"></gx:option>
					<gx:option enabled="0" name="sunlight"></gx:option>
					<gx:option enabled="0" name="streetview"></gx:option>
				</gx:ViewerOptions>
				<longitude>-3.510275189804656</longitude>
				<latitude>6.858124246153331</latitude>
				<altitude>0</altitude>
				<heading>-0.1925865780788636</heading>
				<tilt>33.75944113940446</tilt>
				<range>1977.359814208023</range>
				<gx:altitudeMode>relativeToSeaFloor</gx:altitudeMode>
			</LookAt>
			<styleUrl>#m_ylw-pushpin</styleUrl>
			<Point>
				<gx:drawOrder>1</gx:drawOrder>
				<coordinates>-3.512246501042594,6.859628896167792,0</coordinates>
			</Point>
		</Placemark>
		<Placemark>
			<name>coc13</name>
			<LookAt>
				<gx:TimeStamp><when>2026-04-30</when>
</gx:TimeStamp>
				<gx:ViewerOptions>
					<gx:option name="historicalimagery"></gx:option>
					<gx:option enabled="0" name="sunlight"></gx:option>
					<gx:option enabled="0" name="streetview"></gx:option>
				</gx:ViewerOptions>
				<longitude>-3.506452128854852</longitude>
				<latitude>6.860969633763175</latitude>
				<altitude>0</altitude>
				<heading>-0.1923262020766479</heading>
				<tilt>32.9794330248646</tilt>
				<range>1251.465359203743</range>
				<gx:altitudeMode>relativeToSeaFloor</gx:altitudeMode>
			</LookAt>
			<styleUrl>#m_ylw-pushpin</styleUrl>
			<Point>
				<gx:drawOrder>1</gx:drawOrder>
				<coordinates>-3.510048991310821,6.86036996284846,0</coordinates>
			</Point>
		</Placemark>
		<Placemark>
			<name>coc14</name>
			<LookAt>
				<gx:TimeStamp><when>2026-04-30</when>
</gx:TimeStamp>
				<gx:ViewerOptions>
					<gx:option name="historicalimagery"></gx:option>
					<gx:option enabled="0" name="sunlight"></gx:option>
					<gx:option enabled="0" name="streetview"></gx:option>
				</gx:ViewerOptions>
				<longitude>-3.503706785302702</longitude>
				<latitude>6.862869906126102</latitude>
				<altitude>0</altitude>
				<heading>-0.191998281126593</heading>
				<tilt>32.97958705816037</tilt>
				<range>1282.96697580046</range>
				<gx:altitudeMode>relativeToSeaFloor</gx:altitudeMode>
			</LookAt>
			<styleUrl>#m_ylw-pushpin</styleUrl>
			<Point>
				<gx:drawOrder>1</gx:drawOrder>
				<coordinates>-3.503065471344603,6.860567008779764,0</coordinates>
			</Point>
		</Placemark>
		<Placemark>
			<name>coc15</name>
			<LookAt>
				<gx:TimeStamp><when>2026-04-30</when>
</gx:TimeStamp>
				<gx:ViewerOptions>
					<gx:option name="historicalimagery"></gx:option>
					<gx:option enabled="0" name="sunlight"></gx:option>
					<gx:option enabled="0" name="streetview"></gx:option>
				</gx:ViewerOptions>
				<longitude>-3.503706785302702</longitude>
				<latitude>6.862869906126102</latitude>
				<altitude>0</altitude>
				<heading>-0.191998281126593</heading>
				<tilt>32.97958705816037</tilt>
				<range>1282.96697580046</range>
				<gx:altitudeMode>relativeToSeaFloor</gx:altitudeMode>
			</LookAt>
			<styleUrl>#m_ylw-pushpin</styleUrl>
			<Point>
				<gx:drawOrder>1</gx:drawOrder>
				<coordinates>-3.507882658082368,6.861446918580446,0</coordinates>
			</Point>
		</Placemark>
		<Placemark>
			<name>coc16</name>
			<LookAt>
				<gx:TimeStamp><when>2026-04-30</when>
</gx:TimeStamp>
				<gx:ViewerOptions>
					<gx:option name="historicalimagery"></gx:option>
					<gx:option enabled="0" name="sunlight"></gx:option>
					<gx:option enabled="0" name="streetview"></gx:option>
				</gx:ViewerOptions>
				<longitude>-3.504446154561669</longitude>
				<latitude>6.863279027461188</latitude>
				<altitude>0</altitude>
				<heading>-0.1920865253751529</heading>
				<tilt>32.98510459666576</tilt>
				<range>2411.561472559722</range>
				<gx:altitudeMode>relativeToSeaFloor</gx:altitudeMode>
			</LookAt>
			<styleUrl>#m_ylw-pushpin</styleUrl>
			<Point>
				<gx:drawOrder>1</gx:drawOrder>
				<coordinates>-3.504394728497582,6.859184872128519,0</coordinates>
			</Point>
		</Placemark>
		<Placemark>
			<name>coc17</name>
			<LookAt>
				<gx:TimeStamp><when>2026-04-30</when>
</gx:TimeStamp>
				<gx:ViewerOptions>
					<gx:option name="historicalimagery"></gx:option>
					<gx:option enabled="0" name="sunlight"></gx:option>
					<gx:option enabled="0" name="streetview"></gx:option>
				</gx:ViewerOptions>
				<longitude>-3.512495042135171</longitude>
				<latitude>6.857712688055068</latitude>
				<altitude>0</altitude>
				<heading>-0.1984850492135285</heading>
				<tilt>20.0207362826643</tilt>
				<range>1725.202898154088</range>
				<gx:altitudeMode>relativeToSeaFloor</gx:altitudeMode>
			</LookAt>
			<styleUrl>#m_ylw-pushpin</styleUrl>
			<Point>
				<gx:drawOrder>1</gx:drawOrder>
				<coordinates>-3.518272412822635,6.858199281971934,0</coordinates>
			</Point>
		</Placemark>
		<Placemark>
			<name>coc18</name>
			<LookAt>
				<gx:TimeStamp><when>2026-04-30</when>
</gx:TimeStamp>
				<gx:ViewerOptions>
					<gx:option name="historicalimagery"></gx:option>
					<gx:option enabled="0" name="sunlight"></gx:option>
					<gx:option enabled="0" name="streetview"></gx:option>
				</gx:ViewerOptions>
				<longitude>-3.51172598892039</longitude>
				<latitude>6.856767918731565</latitude>
				<altitude>0</altitude>
				<heading>-0.1956582041880948</heading>
				<tilt>24.28459516894353</tilt>
				<range>1814.849573215065</range>
				<gx:altitudeMode>relativeToSeaFloor</gx:altitudeMode>
			</LookAt>
			<styleUrl>#m_ylw-pushpin</styleUrl>
			<Point>
				<gx:drawOrder>1</gx:drawOrder>
				<coordinates>-3.517382390358347,6.853142262653468,0</coordinates>
			</Point>
		</Placemark>
		<Placemark>
			<name>coc19</name>
			<LookAt>
				<gx:TimeStamp><when>2026-04-30</when>
</gx:TimeStamp>
				<gx:ViewerOptions>
					<gx:option name="historicalimagery"></gx:option>
					<gx:option enabled="0" name="sunlight"></gx:option>
					<gx:option enabled="0" name="streetview"></gx:option>
				</gx:ViewerOptions>
				<longitude>-3.51172598892039</longitude>
				<latitude>6.856767918731565</latitude>
				<altitude>0</altitude>
				<heading>-0.1956582041880948</heading>
				<tilt>24.28459516894353</tilt>
				<range>1814.849573215065</range>
				<gx:altitudeMode>relativeToSeaFloor</gx:altitudeMode>
			</LookAt>
			<styleUrl>#m_ylw-pushpin</styleUrl>
			<Point>
				<gx:drawOrder>1</gx:drawOrder>
				<coordinates>-3.516740680189854,6.861652681026027,0</coordinates>
			</Point>
		</Placemark>
		<Placemark>
			<name>coc20</name>
			<LookAt>
				<gx:TimeStamp><when>2026-04-30</when>
</gx:TimeStamp>
				<gx:ViewerOptions>
					<gx:option name="historicalimagery"></gx:option>
					<gx:option enabled="0" name="sunlight"></gx:option>
					<gx:option enabled="0" name="streetview"></gx:option>
				</gx:ViewerOptions>
				<longitude>-3.50178463827196</longitude>
				<latitude>6.853477917776337</latitude>
				<altitude>0</altitude>
				<heading>-0.1944718561087838</heading>
				<tilt>24.28461630330039</tilt>
				<range>1820.570284848221</range>
				<gx:altitudeMode>relativeToSeaFloor</gx:altitudeMode>
			</LookAt>
			<styleUrl>#m_ylw-pushpin</styleUrl>
			<Point>
				<gx:drawOrder>1</gx:drawOrder>
				<coordinates>-3.497026405226713,6.85047145537467,0</coordinates>
			</Point>
		</Placemark>
		<Placemark>
			<name>coc21</name>
			<LookAt>
				<gx:TimeStamp><when>2026-04-30</when>
</gx:TimeStamp>
				<gx:ViewerOptions>
					<gx:option name="historicalimagery"></gx:option>
					<gx:option enabled="0" name="sunlight"></gx:option>
					<gx:option enabled="0" name="streetview"></gx:option>
				</gx:ViewerOptions>
				<longitude>-3.499218429727307</longitude>
				<latitude>6.861333684815108</latitude>
				<altitude>0</altitude>
				<heading>-0.1941656085702328</heading>
				<tilt>24.28465485100016</tilt>
				<range>1831.004349030908</range>
				<gx:altitudeMode>relativeToSeaFloor</gx:altitudeMode>
			</LookAt>
			<styleUrl>#m_ylw-pushpin</styleUrl>
			<Point>
				<gx:drawOrder>1</gx:drawOrder>
				<coordinates>-3.497572213992467,6.859928834327255,0</coordinates>
			</Point>
		</Placemark>
		<Placemark>
			<name>coc22</name>
			<LookAt>
				<gx:TimeStamp><when>2026-04-30</when>
</gx:TimeStamp>
				<gx:ViewerOptions>
					<gx:option name="historicalimagery"></gx:option>
					<gx:option enabled="0" name="sunlight"></gx:option>
					<gx:option enabled="0" name="streetview"></gx:option>
				</gx:ViewerOptions>
				<longitude>-3.500010533926139</longitude>
				<latitude>6.864244953300103</latitude>
				<altitude>0</altitude>
				<heading>-0.1938141389191594</heading>
				<tilt>25.17058945464964</tilt>
				<range>1121.512753354924</range>
				<gx:altitudeMode>relativeToSeaFloor</gx:altitudeMode>
			</LookAt>
			<styleUrl>#m_ylw-pushpin</styleUrl>
			<Point>
				<gx:drawOrder>1</gx:drawOrder>
				<coordinates>-3.501728409632705,6.863048287209795,0</coordinates>
			</Point>
		</Placemark>
		<Placemark>
			<name>coc23</name>
			<LookAt>
				<gx:TimeStamp><when>2026-04-30</when>
</gx:TimeStamp>
				<gx:ViewerOptions>
					<gx:option name="historicalimagery"></gx:option>
					<gx:option enabled="0" name="sunlight"></gx:option>
					<gx:option enabled="0" name="streetview"></gx:option>
				</gx:ViewerOptions>
				<longitude>-3.500010533926139</longitude>
				<latitude>6.864244953300103</latitude>
				<altitude>0</altitude>
				<heading>-0.1938141389191594</heading>
				<tilt>25.17058945464964</tilt>
				<range>1121.512753354924</range>
				<gx:altitudeMode>relativeToSeaFloor</gx:altitudeMode>
			</LookAt>
			<styleUrl>#m_ylw-pushpin</styleUrl>
			<Point>
				<gx:drawOrder>1</gx:drawOrder>
				<coordinates>-3.501720814586683,6.866515514506047,0</coordinates>
			</Point>
		</Placemark>
		<Placemark>
			<name>coc24</name>
			<LookAt>
				<gx:TimeStamp><when>2026-04-30</when>
</gx:TimeStamp>
				<gx:ViewerOptions>
					<gx:option name="historicalimagery"></gx:option>
					<gx:option enabled="0" name="sunlight"></gx:option>
					<gx:option enabled="0" name="streetview"></gx:option>
				</gx:ViewerOptions>
				<longitude>-3.50053875612518</longitude>
				<latitude>6.865059824103079</latitude>
				<altitude>0</altitude>
				<heading>-0.1938772761631399</heading>
				<tilt>25.17062547998526</tilt>
				<range>1130.942080742653</range>
				<gx:altitudeMode>relativeToSeaFloor</gx:altitudeMode>
			</LookAt>
			<styleUrl>#m_ylw-pushpin</styleUrl>
			<Point>
				<gx:drawOrder>1</gx:drawOrder>
				<coordinates>-3.499430989360042,6.863372318403526,0</coordinates>
			</Point>
		</Placemark>
		<Placemark>
			<name>coc25</name>
			<LookAt>
				<gx:TimeStamp><when>2026-04-30</when>
</gx:TimeStamp>
				<gx:ViewerOptions>
					<gx:option name="historicalimagery"></gx:option>
					<gx:option enabled="0" name="sunlight"></gx:option>
					<gx:option enabled="0" name="streetview"></gx:option>
				</gx:ViewerOptions>
				<longitude>-3.50604531258575</longitude>
				<latitude>6.868246161290993</latitude>
				<altitude>0</altitude>
				<heading>-0.1937968327387259</heading>
				<tilt>26.79181290239049</tilt>
				<range>1855.92308072725</range>
				<gx:altitudeMode>relativeToSeaFloor</gx:altitudeMode>
			</LookAt>
			<styleUrl>#m_ylw-pushpin</styleUrl>
			<Point>
				<gx:drawOrder>1</gx:drawOrder>
				<coordinates>-3.506211230888407,6.866818012444351,0</coordinates>
			</Point>
		</Placemark>
		<Placemark>
			<name>coc26</name>
			<LookAt>
				<gx:TimeStamp><when>2026-04-30</when>
</gx:TimeStamp>
				<gx:ViewerOptions>
					<gx:option name="historicalimagery"></gx:option>
					<gx:option enabled="0" name="sunlight"></gx:option>
					<gx:option enabled="0" name="streetview"></gx:option>
				</gx:ViewerOptions>
				<longitude>-3.497401882779253</longitude>
				<latitude>6.879132264595508</latitude>
				<altitude>0</altitude>
				<heading>-0.192512137101166</heading>
				<tilt>28.06210131471841</tilt>
				<range>1736.743517216998</range>
				<gx:altitudeMode>relativeToSeaFloor</gx:altitudeMode>
			</LookAt>
			<styleUrl>#m_ylw-pushpin</styleUrl>
			<Point>
				<gx:drawOrder>1</gx:drawOrder>
				<coordinates>-3.495769321883093,6.877261349810681,0</coordinates>
			</Point>
		</Placemark>
		<Placemark>
			<name>coc27</name>
			<LookAt>
				<gx:TimeStamp><when>2026-04-30</when>
</gx:TimeStamp>
				<gx:ViewerOptions>
					<gx:option name="historicalimagery"></gx:option>
					<gx:option enabled="0" name="sunlight"></gx:option>
					<gx:option enabled="0" name="streetview"></gx:option>
				</gx:ViewerOptions>
				<longitude>-3.497401882779253</longitude>
				<latitude>6.879132264595508</latitude>
				<altitude>0</altitude>
				<heading>-0.192512137101166</heading>
				<tilt>28.06210131471841</tilt>
				<range>1736.743517216998</range>
				<gx:altitudeMode>relativeToSeaFloor</gx:altitudeMode>
			</LookAt>
			<styleUrl>#m_ylw-pushpin</styleUrl>
			<Point>
				<gx:drawOrder>1</gx:drawOrder>
				<coordinates>-3.498469673713226,6.87584849437246,0</coordinates>
			</Point>
		</Placemark>
		<Placemark>
			<name>coc28</name>
			<LookAt>
				<gx:TimeStamp><when>2026-04-30</when>
</gx:TimeStamp>
				<gx:ViewerOptions>
					<gx:option name="historicalimagery"></gx:option>
					<gx:option enabled="0" name="sunlight"></gx:option>
					<gx:option enabled="0" name="streetview"></gx:option>
				</gx:ViewerOptions>
				<longitude>-3.497401882779253</longitude>
				<latitude>6.879132264595508</latitude>
				<altitude>0</altitude>
				<heading>-0.192512137101166</heading>
				<tilt>28.06210131471841</tilt>
				<range>1736.743517216998</range>
				<gx:altitudeMode>relativeToSeaFloor</gx:altitudeMode>
			</LookAt>
			<styleUrl>#m_ylw-pushpin</styleUrl>
			<Point>
				<gx:drawOrder>1</gx:drawOrder>
				<coordinates>-3.493223804212854,6.885176159326799,0</coordinates>
			</Point>
		</Placemark>
		<Placemark>
			<name>coc29</name>
			<LookAt>
				<gx:TimeStamp><when>2026-04-30</when>
</gx:TimeStamp>
				<gx:ViewerOptions>
					<gx:option name="historicalimagery"></gx:option>
					<gx:option enabled="0" name="sunlight"></gx:option>
					<gx:option enabled="0" name="streetview"></gx:option>
				</gx:ViewerOptions>
				<longitude>-3.49751053484183</longitude>
				<latitude>6.879144368096176</latitude>
				<altitude>0</altitude>
				<heading>-0.1925225510165869</heading>
				<tilt>28.07050259097733</tilt>
				<range>1632.38828987645</range>
				<gx:altitudeMode>relativeToSeaFloor</gx:altitudeMode>
			</LookAt>
			<styleUrl>#m_ylw-pushpin</styleUrl>
			<Point>
				<gx:drawOrder>1</gx:drawOrder>
				<coordinates>-3.502316812913374,6.876581455067069,0</coordinates>
			</Point>
		</Placemark>
		<Placemark>
			<name>coc30</name>
			<LookAt>
				<gx:TimeStamp><when>2026-04-30</when>
</gx:TimeStamp>
				<gx:ViewerOptions>
					<gx:option name="historicalimagery"></gx:option>
					<gx:option enabled="0" name="sunlight"></gx:option>
					<gx:option enabled="0" name="streetview"></gx:option>
				</gx:ViewerOptions>
				<longitude>-3.49751053484183</longitude>
				<latitude>6.879144368096176</latitude>
				<altitude>0</altitude>
				<heading>-0.1925225510165869</heading>
				<tilt>28.07050259097733</tilt>
				<range>1632.38828987645</range>
				<gx:altitudeMode>relativeToSeaFloor</gx:altitudeMode>
			</LookAt>
			<styleUrl>#m_ylw-pushpin</styleUrl>
			<Point>
				<gx:drawOrder>1</gx:drawOrder>
				<coordinates>-3.504628101660066,6.883140774129454,0</coordinates>
			</Point>
		</Placemark>
		<Placemark>
			<name>coc31</name>
			<LookAt>
				<gx:TimeStamp><when>2026-04-30</when>
</gx:TimeStamp>
				<gx:ViewerOptions>
					<gx:option name="historicalimagery"></gx:option>
					<gx:option enabled="0" name="sunlight"></gx:option>
					<gx:option enabled="0" name="streetview"></gx:option>
				</gx:ViewerOptions>
				<longitude>-2.601416348074959</longitude>
				<latitude>6.142548376501382</latitude>
				<altitude>0</altitude>
				<heading>-0.1020180597221174</heading>
				<tilt>19.53040225329392</tilt>
				<range>613.7747963059455</range>
				<gx:altitudeMode>relativeToSeaFloor</gx:altitudeMode>
			</LookAt>
			<styleUrl>#m_ylw-pushpin</styleUrl>
			<Point>
				<gx:drawOrder>1</gx:drawOrder>
				<coordinates>-2.601416322554084,6.143838756137472,0</coordinates>
			</Point>
		</Placemark>
		<Placemark>
			<name>coc32</name>
			<LookAt>
				<gx:TimeStamp><when>2026-04-30</when>
</gx:TimeStamp>
				<gx:ViewerOptions>
					<gx:option name="historicalimagery"></gx:option>
					<gx:option enabled="0" name="sunlight"></gx:option>
					<gx:option enabled="0" name="streetview"></gx:option>
				</gx:ViewerOptions>
				<longitude>-2.600883191971164</longitude>
				<latitude>6.141492105657812</latitude>
				<altitude>0</altitude>
				<heading>-0.1019610090296109</heading>
				<tilt>19.53039920380306</tilt>
				<range>612.7593719339109</range>
				<gx:altitudeMode>relativeToSeaFloor</gx:altitudeMode>
			</LookAt>
			<styleUrl>#m_ylw-pushpin</styleUrl>
			<Point>
				<gx:drawOrder>1</gx:drawOrder>
				<coordinates>-2.598771619179035,6.141720736667436,0</coordinates>
			</Point>
		</Placemark>
		<Placemark>
			<name>coc33</name>
			<LookAt>
				<gx:TimeStamp><when>2026-04-30</when>
</gx:TimeStamp>
				<gx:ViewerOptions>
					<gx:option name="historicalimagery"></gx:option>
					<gx:option enabled="0" name="sunlight"></gx:option>
					<gx:option enabled="0" name="streetview"></gx:option>
				</gx:ViewerOptions>
				<longitude>-2.600883191971164</longitude>
				<latitude>6.141492105657812</latitude>
				<altitude>0</altitude>
				<heading>-0.1019610090296109</heading>
				<tilt>19.53039920380306</tilt>
				<range>612.7593719339109</range>
				<gx:altitudeMode>relativeToSeaFloor</gx:altitudeMode>
			</LookAt>
			<styleUrl>#m_ylw-pushpin</styleUrl>
			<Point>
				<gx:drawOrder>1</gx:drawOrder>
				<coordinates>-2.601935211057199,6.140755785392345,0</coordinates>
			</Point>
		</Placemark>
		<Placemark>
			<name>coc34</name>
			<LookAt>
				<gx:TimeStamp><when>2026-04-30</when>
</gx:TimeStamp>
				<gx:ViewerOptions>
					<gx:option name="historicalimagery"></gx:option>
					<gx:option enabled="0" name="sunlight"></gx:option>
					<gx:option enabled="0" name="streetview"></gx:option>
				</gx:ViewerOptions>
				<longitude>-2.607459967577229</longitude>
				<latitude>6.140589158032088</latitude>
				<altitude>0</altitude>
				<heading>-0.1026645123305349</heading>
				<tilt>19.53039735975664</tilt>
				<range>612.1452623637279</range>
				<gx:altitudeMode>relativeToSeaFloor</gx:altitudeMode>
			</LookAt>
			<styleUrl>#m_ylw-pushpin</styleUrl>
			<Point>
				<gx:drawOrder>1</gx:drawOrder>
				<coordinates>-2.608277893527479,6.140947667059881,0</coordinates>
			</Point>
		</Placemark>
		<Placemark>
			<name>coc35</name>
			<LookAt>
				<gx:TimeStamp><when>2026-04-30</when>
</gx:TimeStamp>
				<gx:ViewerOptions>
					<gx:option name="historicalimagery"></gx:option>
					<gx:option enabled="0" name="sunlight"></gx:option>
					<gx:option enabled="0" name="streetview"></gx:option>
				</gx:ViewerOptions>
				<longitude>-2.607459967577229</longitude>
				<latitude>6.140589158032088</latitude>
				<altitude>0</altitude>
				<heading>-0.1026645123305349</heading>
				<tilt>19.53039735975664</tilt>
				<range>612.1452623637279</range>
				<gx:altitudeMode>relativeToSeaFloor</gx:altitudeMode>
			</LookAt>
			<styleUrl>#m_ylw-pushpin</styleUrl>
			<Point>
				<gx:drawOrder>1</gx:drawOrder>
				<coordinates>-2.606927501007563,6.141391992840896,0</coordinates>
			</Point>
		</Placemark>
		<Placemark>
			<name>coc36</name>
			<LookAt>
				<gx:TimeStamp><when>2026-04-30</when>
</gx:TimeStamp>
				<gx:ViewerOptions>
					<gx:option name="historicalimagery"></gx:option>
					<gx:option enabled="0" name="sunlight"></gx:option>
					<gx:option enabled="0" name="streetview"></gx:option>
				</gx:ViewerOptions>
				<longitude>-2.606992302808269</longitude>
				<latitude>6.136500035926431</latitude>
				<altitude>0</altitude>
				<heading>-0.1026145395603649</heading>
				<tilt>19.53039905972084</tilt>
				<range>612.7113503011975</range>
				<gx:altitudeMode>relativeToSeaFloor</gx:altitudeMode>
			</LookAt>
			<styleUrl>#m_ylw-pushpin</styleUrl>
			<Point>
				<gx:drawOrder>1</gx:drawOrder>
				<coordinates>-2.608710916461868,6.137107023347185,0</coordinates>
			</Point>
		</Placemark>
		<Placemark>
			<name>coc37</name>
			<LookAt>
				<gx:TimeStamp><when>2026-04-30</when>
</gx:TimeStamp>
				<gx:ViewerOptions>
					<gx:option name="historicalimagery"></gx:option>
					<gx:option enabled="0" name="sunlight"></gx:option>
					<gx:option enabled="0" name="streetview"></gx:option>
				</gx:ViewerOptions>
				<longitude>-2.608331662557627</longitude>
				<latitude>6.132229858658968</latitude>
				<altitude>0</altitude>
				<heading>-0.1031044046674986</heading>
				<tilt>24.5724094849412</tilt>
				<range>2252.328298596871</range>
				<gx:altitudeMode>relativeToSeaFloor</gx:altitudeMode>
			</LookAt>
			<styleUrl>#m_ylw-pushpin</styleUrl>
			<Point>
				<gx:drawOrder>1</gx:drawOrder>
				<coordinates>-2.610800621459951,6.129342778224119,0</coordinates>
			</Point>
		</Placemark>
		<Placemark>
			<name>coc38</name>
			<LookAt>
				<gx:TimeStamp><when>2026-04-30</when>
</gx:TimeStamp>
				<gx:ViewerOptions>
					<gx:option name="historicalimagery"></gx:option>
					<gx:option enabled="0" name="sunlight"></gx:option>
					<gx:option enabled="0" name="streetview"></gx:option>
				</gx:ViewerOptions>
				<longitude>-2.608331662557627</longitude>
				<latitude>6.132229858658968</latitude>
				<altitude>0</altitude>
				<heading>-0.1031044046674986</heading>
				<tilt>24.5724094849412</tilt>
				<range>2252.328298596871</range>
				<gx:altitudeMode>relativeToSeaFloor</gx:altitudeMode>
			</LookAt>
			<styleUrl>#m_ylw-pushpin</styleUrl>
			<Point>
				<gx:drawOrder>1</gx:drawOrder>
				<coordinates>-2.610318250934158,6.12802264190821,0</coordinates>
			</Point>
		</Placemark>
		<Placemark>
			<name>coc39</name>
			<LookAt>
				<gx:TimeStamp><when>2026-04-30</when>
</gx:TimeStamp>
				<gx:ViewerOptions>
					<gx:option name="historicalimagery"></gx:option>
					<gx:option enabled="0" name="sunlight"></gx:option>
					<gx:option enabled="0" name="streetview"></gx:option>
				</gx:ViewerOptions>
				<longitude>-2.614634335853293</longitude>
				<latitude>6.158592319605621</latitude>
				<altitude>0</altitude>
				<heading>-0.1028578366709507</heading>
				<tilt>22.61676123937212</tilt>
				<range>1123.539690400488</range>
				<gx:altitudeMode>relativeToSeaFloor</gx:altitudeMode>
			</LookAt>
			<styleUrl>#m_ylw-pushpin</styleUrl>
			<Point>
				<gx:drawOrder>1</gx:drawOrder>
				<coordinates>-2.611101457834553,6.155919397233042,0</coordinates>
			</Point>
		</Placemark>
		<Placemark>
			<name>coc40</name>
			<LookAt>
				<gx:TimeStamp><when>2026-04-30</when>
</gx:TimeStamp>
				<gx:ViewerOptions>
					<gx:option name="historicalimagery"></gx:option>
					<gx:option enabled="0" name="sunlight"></gx:option>
					<gx:option enabled="0" name="streetview"></gx:option>
				</gx:ViewerOptions>
				<longitude>-2.606896795587946</longitude>
				<latitude>6.160949783387539</latitude>
				<altitude>0</altitude>
				<heading>-0.1020275829430746</heading>
				<tilt>22.61675409841469</tilt>
				<range>1121.472545840473</range>
				<gx:altitudeMode>relativeToSeaFloor</gx:altitudeMode>
			</LookAt>
			<styleUrl>#m_ylw-pushpin</styleUrl>
			<Point>
				<gx:drawOrder>1</gx:drawOrder>
				<coordinates>-2.609609764284061,6.158561265496392,0</coordinates>
			</Point>
		</Placemark>
		<Placemark>
			<name>coc41</name>
			<LookAt>
				<gx:TimeStamp><when>2026-04-30</when>
</gx:TimeStamp>
				<gx:ViewerOptions>
					<gx:option name="historicalimagery"></gx:option>
					<gx:option enabled="0" name="sunlight"></gx:option>
					<gx:option enabled="0" name="streetview"></gx:option>
				</gx:ViewerOptions>
				<longitude>-2.606896795587946</longitude>
				<latitude>6.160949783387539</latitude>
				<altitude>0</altitude>
				<heading>-0.1020275829430746</heading>
				<tilt>22.61675409841469</tilt>
				<range>1121.472545840473</range>
				<gx:altitudeMode>relativeToSeaFloor</gx:altitudeMode>
			</LookAt>
			<styleUrl>#m_ylw-pushpin</styleUrl>
			<Point>
				<gx:drawOrder>1</gx:drawOrder>
				<coordinates>-2.607277677230242,6.159751716376238,0</coordinates>
			</Point>
		</Placemark>
		<Placemark>
			<name>coc42</name>
			<LookAt>
				<gx:TimeStamp><when>2026-04-30</when>
</gx:TimeStamp>
				<gx:ViewerOptions>
					<gx:option name="historicalimagery"></gx:option>
					<gx:option enabled="0" name="sunlight"></gx:option>
					<gx:option enabled="0" name="streetview"></gx:option>
				</gx:ViewerOptions>
				<longitude>-2.606896795587946</longitude>
				<latitude>6.160949783387539</latitude>
				<altitude>0</altitude>
				<heading>-0.1020275829430746</heading>
				<tilt>22.61675409841469</tilt>
				<range>1121.472545840473</range>
				<gx:altitudeMode>relativeToSeaFloor</gx:altitudeMode>
			</LookAt>
			<styleUrl>#m_ylw-pushpin</styleUrl>
			<Point>
				<gx:drawOrder>1</gx:drawOrder>
				<coordinates>-2.606231181641097,6.161440708391101,0</coordinates>
			</Point>
		</Placemark>
		<Placemark>
			<name>coc43</name>
			<LookAt>
				<gx:TimeStamp><when>2026-04-30</when>
</gx:TimeStamp>
				<gx:ViewerOptions>
					<gx:option name="historicalimagery"></gx:option>
					<gx:option enabled="0" name="sunlight"></gx:option>
					<gx:option enabled="0" name="streetview"></gx:option>
				</gx:ViewerOptions>
				<longitude>-2.599614675742715</longitude>
				<latitude>6.166236371848969</latitude>
				<altitude>0</altitude>
				<heading>-0.1012457996243615</heading>
				<tilt>22.6167874156848</tilt>
				<range>1131.117127369035</range>
				<gx:altitudeMode>relativeToSeaFloor</gx:altitudeMode>
			</LookAt>
			<styleUrl>#m_ylw-pushpin</styleUrl>
			<Point>
				<gx:drawOrder>1</gx:drawOrder>
				<coordinates>-2.601586622898651,6.163690705151531,0</coordinates>
			</Point>
		</Placemark>
		<Placemark>
			<name>coc44</name>
			<LookAt>
				<gx:TimeStamp><when>2026-04-30</when>
</gx:TimeStamp>
				<gx:ViewerOptions>
					<gx:option name="historicalimagery"></gx:option>
					<gx:option enabled="0" name="sunlight"></gx:option>
					<gx:option enabled="0" name="streetview"></gx:option>
				</gx:ViewerOptions>
				<longitude>-2.599614675742715</longitude>
				<latitude>6.166236371848969</latitude>
				<altitude>0</altitude>
				<heading>-0.1012457996243615</heading>
				<tilt>22.6167874156848</tilt>
				<range>1131.117127369035</range>
				<gx:altitudeMode>relativeToSeaFloor</gx:altitudeMode>
			</LookAt>
			<styleUrl>#m_ylw-pushpin</styleUrl>
			<Point>
				<gx:drawOrder>1</gx:drawOrder>
				<coordinates>-2.595471586007668,6.164686998910669,0</coordinates>
			</Point>
		</Placemark>
		<Placemark>
			<name>coc45</name>
			<LookAt>
				<gx:TimeStamp><when>2026-04-30</when>
</gx:TimeStamp>
				<gx:ViewerOptions>
					<gx:option name="historicalimagery"></gx:option>
					<gx:option enabled="0" name="sunlight"></gx:option>
					<gx:option enabled="0" name="streetview"></gx:option>
				</gx:ViewerOptions>
				<longitude>-2.589195176034079</longitude>
				<latitude>6.164191198837254</latitude>
				<altitude>0</altitude>
				<heading>-0.1001270432904148</heading>
				<tilt>22.6188508282353</tilt>
				<range>1728.528852329278</range>
				<gx:altitudeMode>relativeToSeaFloor</gx:altitudeMode>
			</LookAt>
			<styleUrl>#m_ylw-pushpin</styleUrl>
			<Point>
				<gx:drawOrder>1</gx:drawOrder>
				<coordinates>-2.587945818044176,6.162142732765221,0</coordinates>
			</Point>
		</Placemark>
		<Placemark>
			<name>coc46</name>
			<LookAt>
				<gx:TimeStamp><when>2026-04-30</when>
</gx:TimeStamp>
				<gx:ViewerOptions>
					<gx:option name="historicalimagery"></gx:option>
					<gx:option enabled="0" name="sunlight"></gx:option>
					<gx:option enabled="0" name="streetview"></gx:option>
				</gx:ViewerOptions>
				<longitude>-2.589195176034079</longitude>
				<latitude>6.164191198837254</latitude>
				<altitude>0</altitude>
				<heading>-0.1001270432904148</heading>
				<tilt>22.6188508282353</tilt>
				<range>1728.528852329278</range>
				<gx:altitudeMode>relativeToSeaFloor</gx:altitudeMode>
			</LookAt>
			<styleUrl>#m_ylw-pushpin</styleUrl>
			<Point>
				<gx:drawOrder>1</gx:drawOrder>
				<coordinates>-2.588709102049727,6.161155778135992,0</coordinates>
			</Point>
		</Placemark>
		<Placemark>
			<name>coc47</name>
			<LookAt>
				<gx:TimeStamp><when>2026-04-30</when>
</gx:TimeStamp>
				<gx:ViewerOptions>
					<gx:option name="historicalimagery"></gx:option>
					<gx:option enabled="0" name="sunlight"></gx:option>
					<gx:option enabled="0" name="streetview"></gx:option>
				</gx:ViewerOptions>
				<longitude>-2.589195176034079</longitude>
				<latitude>6.164191198837254</latitude>
				<altitude>0</altitude>
				<heading>-0.1001270432904148</heading>
				<tilt>22.6188508282353</tilt>
				<range>1728.528852329278</range>
				<gx:altitudeMode>relativeToSeaFloor</gx:altitudeMode>
			</LookAt>
			<styleUrl>#m_ylw-pushpin</styleUrl>
			<Point>
				<gx:drawOrder>1</gx:drawOrder>
				<coordinates>-2.592884383304543,6.161604696426832,0</coordinates>
			</Point>
		</Placemark>
		<Placemark>
			<name>coc48</name>
			<LookAt>
				<gx:TimeStamp><when>2026-04-30</when>
</gx:TimeStamp>
				<gx:ViewerOptions>
					<gx:option name="historicalimagery"></gx:option>
					<gx:option enabled="0" name="sunlight"></gx:option>
					<gx:option enabled="0" name="streetview"></gx:option>
				</gx:ViewerOptions>
				<longitude>-2.589195176034079</longitude>
				<latitude>6.164191198837254</latitude>
				<altitude>0</altitude>
				<heading>-0.1001270432904148</heading>
				<tilt>22.6188508282353</tilt>
				<range>1728.528852329278</range>
				<gx:altitudeMode>relativeToSeaFloor</gx:altitudeMode>
			</LookAt>
			<styleUrl>#m_ylw-pushpin</styleUrl>
			<Point>
				<gx:drawOrder>1</gx:drawOrder>
				<coordinates>-2.584245338774678,6.16385865018873,0</coordinates>
			</Point>
		</Placemark>
		<Placemark>
			<name>coc49</name>
			<LookAt>
				<gx:TimeStamp><when>2026-04-30</when>
</gx:TimeStamp>
				<gx:ViewerOptions>
					<gx:option name="historicalimagery"></gx:option>
					<gx:option enabled="0" name="sunlight"></gx:option>
					<gx:option enabled="0" name="streetview"></gx:option>
				</gx:ViewerOptions>
				<longitude>-2.589195176034079</longitude>
				<latitude>6.164191198837254</latitude>
				<altitude>0</altitude>
				<heading>-0.1001270432904148</heading>
				<tilt>22.6188508282353</tilt>
				<range>1728.528852329278</range>
				<gx:altitudeMode>relativeToSeaFloor</gx:altitudeMode>
			</LookAt>
			<styleUrl>#m_ylw-pushpin</styleUrl>
			<Point>
				<gx:drawOrder>1</gx:drawOrder>
				<coordinates>-2.590086471405467,6.164472540797509,0</coordinates>
			</Point>
		</Placemark>
		<Placemark>
			<name>coc50</name>
			<LookAt>
				<gx:TimeStamp><when>2026-04-30</when>
</gx:TimeStamp>
				<gx:ViewerOptions>
					<gx:option name="historicalimagery"></gx:option>
					<gx:option enabled="0" name="sunlight"></gx:option>
					<gx:option enabled="0" name="streetview"></gx:option>
				</gx:ViewerOptions>
				<longitude>-2.589195176034079</longitude>
				<latitude>6.164191198837254</latitude>
				<altitude>0</altitude>
				<heading>-0.1001270432904148</heading>
				<tilt>22.6188508282353</tilt>
				<range>1728.528852329278</range>
				<gx:altitudeMode>relativeToSeaFloor</gx:altitudeMode>
			</LookAt>
			<styleUrl>#m_ylw-pushpin</styleUrl>
			<Point>
				<gx:drawOrder>1</gx:drawOrder>
				<coordinates>-2.592322198702922,6.162743061936588,0</coordinates>
			</Point>
		</Placemark>
		<Placemark>
			<name>coc51</name>
			<LookAt>
				<gx:TimeStamp><when>2026-04-30</when>
</gx:TimeStamp>
				<gx:ViewerOptions>
					<gx:option name="historicalimagery"></gx:option>
					<gx:option enabled="0" name="sunlight"></gx:option>
					<gx:option enabled="0" name="streetview"></gx:option>
				</gx:ViewerOptions>
				<longitude>-2.589195176034079</longitude>
				<latitude>6.164191198837254</latitude>
				<altitude>0</altitude>
				<heading>-0.1001270432904148</heading>
				<tilt>22.6188508282353</tilt>
				<range>1728.528852329278</range>
				<gx:altitudeMode>relativeToSeaFloor</gx:altitudeMode>
			</LookAt>
			<styleUrl>#m_ylw-pushpin</styleUrl>
			<Point>
				<gx:drawOrder>1</gx:drawOrder>
				<coordinates>-2.586423538251805,6.160722950133644,0</coordinates>
			</Point>
		</Placemark>
		<Placemark>
			<name>coc52</name>
			<LookAt>
				<gx:TimeStamp><when>2026-04-30</when>
</gx:TimeStamp>
				<gx:ViewerOptions>
					<gx:option name="historicalimagery"></gx:option>
					<gx:option enabled="0" name="sunlight"></gx:option>
					<gx:option enabled="0" name="streetview"></gx:option>
				</gx:ViewerOptions>
				<longitude>-2.585148099129788</longitude>
				<latitude>6.162126066906497</latitude>
				<altitude>0</altitude>
				<heading>-0.09862363586480874</heading>
				<tilt>29.58154243860322</tilt>
				<range>895.2349661747432</range>
				<gx:altitudeMode>relativeToSeaFloor</gx:altitudeMode>
			</LookAt>
			<styleUrl>#m_ylw-pushpin</styleUrl>
			<Point>
				<gx:drawOrder>1</gx:drawOrder>
				<coordinates>-2.585637010588486,6.162099709064969,0</coordinates>
			</Point>
		</Placemark>
		<Placemark>
			<name>coc53</name>
			<LookAt>
				<gx:TimeStamp><when>2026-04-30</when>
</gx:TimeStamp>
				<gx:ViewerOptions>
					<gx:option name="historicalimagery"></gx:option>
					<gx:option enabled="0" name="sunlight"></gx:option>
					<gx:option enabled="0" name="streetview"></gx:option>
				</gx:ViewerOptions>
				<longitude>-2.585148099129788</longitude>
				<latitude>6.162126066906497</latitude>
				<altitude>0</altitude>
				<heading>-0.09862363586480874</heading>
				<tilt>29.58154243860322</tilt>
				<range>895.2349661747432</range>
				<gx:altitudeMode>relativeToSeaFloor</gx:altitudeMode>
			</LookAt>
			<styleUrl>#m_ylw-pushpin</styleUrl>
			<Point>
				<gx:drawOrder>1</gx:drawOrder>
				<coordinates>-2.585641619684521,6.165151553535766,0</coordinates>
			</Point>
		</Placemark>
		<Placemark>
			<name>coc54</name>
			<LookAt>
				<gx:TimeStamp><when>2026-04-30</when>
</gx:TimeStamp>
				<gx:ViewerOptions>
					<gx:option name="historicalimagery"></gx:option>
					<gx:option enabled="0" name="sunlight"></gx:option>
					<gx:option enabled="0" name="streetview"></gx:option>
				</gx:ViewerOptions>
				<longitude>-2.585148099129788</longitude>
				<latitude>6.162126066906497</latitude>
				<altitude>0</altitude>
				<heading>-0.09862363586480874</heading>
				<tilt>29.58154243860322</tilt>
				<range>895.2349661747432</range>
				<gx:altitudeMode>relativeToSeaFloor</gx:altitudeMode>
			</LookAt>
			<styleUrl>#m_ylw-pushpin</styleUrl>
			<Point>
				<gx:drawOrder>1</gx:drawOrder>
				<coordinates>-2.589000320462761,6.16450539172375,0</coordinates>
			</Point>
		</Placemark>
		<Placemark>
			<name>coc55</name>
			<LookAt>
				<gx:TimeStamp><when>2026-04-30</when>
</gx:TimeStamp>
				<gx:ViewerOptions>
					<gx:option name="historicalimagery"></gx:option>
					<gx:option enabled="0" name="sunlight"></gx:option>
					<gx:option enabled="0" name="streetview"></gx:option>
				</gx:ViewerOptions>
				<longitude>-2.581365596895929</longitude>
				<latitude>6.165113223108214</latitude>
				<altitude>0</altitude>
				<heading>-0.09821750414503179</heading>
				<tilt>29.58154691837393</tilt>
				<range>896.2451087465103</range>
				<gx:altitudeMode>relativeToSeaFloor</gx:altitudeMode>
			</LookAt>
			<styleUrl>#m_ylw-pushpin</styleUrl>
			<Point>
				<gx:drawOrder>1</gx:drawOrder>
				<coordinates>-2.582465046843943,6.16317385562289,0</coordinates>
			</Point>
		</Placemark>
		<Placemark>
			<name>coc56</name>
			<LookAt>
				<gx:TimeStamp><when>2026-04-30</when>
</gx:TimeStamp>
				<gx:ViewerOptions>
					<gx:option name="historicalimagery"></gx:option>
					<gx:option enabled="0" name="sunlight"></gx:option>
					<gx:option enabled="0" name="streetview"></gx:option>
				</gx:ViewerOptions>
				<longitude>-2.581365596895929</longitude>
				<latitude>6.165113223108214</latitude>
				<altitude>0</altitude>
				<heading>-0.09821750414503179</heading>
				<tilt>29.58154691837393</tilt>
				<range>896.2451087465103</range>
				<gx:altitudeMode>relativeToSeaFloor</gx:altitudeMode>
			</LookAt>
			<styleUrl>#m_ylw-pushpin</styleUrl>
			<Point>
				<gx:drawOrder>1</gx:drawOrder>
				<coordinates>-2.579973608778927,6.16513882702252,0</coordinates>
			</Point>
		</Placemark>
		<Placemark>
			<name>coc57</name>
			<LookAt>
				<gx:TimeStamp><when>2026-04-30</when>
</gx:TimeStamp>
				<gx:ViewerOptions>
					<gx:option name="historicalimagery"></gx:option>
					<gx:option enabled="0" name="sunlight"></gx:option>
					<gx:option enabled="0" name="streetview"></gx:option>
				</gx:ViewerOptions>
				<longitude>-2.57840079737656</longitude>
				<latitude>6.162681232852954</latitude>
				<altitude>0</altitude>
				<heading>-0.09789921883684247</heading>
				<tilt>29.58154915099841</tilt>
				<range>896.7485395030445</range>
				<gx:altitudeMode>relativeToSeaFloor</gx:altitudeMode>
			</LookAt>
			<styleUrl>#m_ylw-pushpin</styleUrl>
			<Point>
				<gx:drawOrder>1</gx:drawOrder>
				<coordinates>-2.580743604709563,6.161438024781563,0</coordinates>
			</Point>
		</Placemark>
		<Placemark>
			<name>coc58</name>
			<LookAt>
				<gx:TimeStamp><when>2026-04-30</when>
</gx:TimeStamp>
				<gx:ViewerOptions>
					<gx:option name="historicalimagery"></gx:option>
					<gx:option enabled="0" name="sunlight"></gx:option>
					<gx:option enabled="0" name="streetview"></gx:option>
				</gx:ViewerOptions>
				<longitude>-2.57840079737656</longitude>
				<latitude>6.162681232852954</latitude>
				<altitude>0</altitude>
				<heading>-0.09789921883684247</heading>
				<tilt>29.58154915099841</tilt>
				<range>896.7485395030445</range>
				<gx:altitudeMode>relativeToSeaFloor</gx:altitudeMode>
			</LookAt>
			<styleUrl>#m_ylw-pushpin</styleUrl>
			<Point>
				<gx:drawOrder>1</gx:drawOrder>
				<coordinates>-2.581772476298989,6.161690474646801,0</coordinates>
			</Point>
		</Placemark>
		<Placemark>
			<name>coc59</name>
			<LookAt>
				<gx:TimeStamp><when>2026-04-30</when>
</gx:TimeStamp>
				<gx:ViewerOptions>
					<gx:option name="historicalimagery"></gx:option>
					<gx:option enabled="0" name="sunlight"></gx:option>
					<gx:option enabled="0" name="streetview"></gx:option>
				</gx:ViewerOptions>
				<longitude>-2.581089982662224</longitude>
				<latitude>6.160622788104478</latitude>
				<altitude>0</altitude>
				<heading>-0.09818788665792534</heading>
				<tilt>29.58154850958082</tilt>
				<range>896.6039650249862</range>
				<gx:altitudeMode>relativeToSeaFloor</gx:altitudeMode>
			</LookAt>
			<styleUrl>#m_ylw-pushpin</styleUrl>
			<Point>
				<gx:drawOrder>1</gx:drawOrder>
				<coordinates>-2.580958296408892,6.15913995238009,0</coordinates>
			</Point>
		</Placemark>
		<Placemark>
			<name>coc60</name>
			<LookAt>
				<gx:TimeStamp><when>2026-04-30</when>
</gx:TimeStamp>
				<gx:ViewerOptions>
					<gx:option name="historicalimagery"></gx:option>
					<gx:option enabled="0" name="sunlight"></gx:option>
					<gx:option enabled="0" name="streetview"></gx:option>
				</gx:ViewerOptions>
				<longitude>-2.593898947223531</longitude>
				<latitude>6.175577977326498</latitude>
				<altitude>0</altitude>
				<heading>-0.09956313241637804</heading>
				<tilt>29.58146148863159</tilt>
				<range>876.9805142803058</range>
				<gx:altitudeMode>relativeToSeaFloor</gx:altitudeMode>
			</LookAt>
			<styleUrl>#m_ylw-pushpin</styleUrl>
			<Point>
				<gx:drawOrder>1</gx:drawOrder>
				<coordinates>-2.592656799950831,6.174413155887883,0</coordinates>
			</Point>
		</Placemark>
		<Placemark>
			<name>coc61</name>
			<LookAt>
				<gx:TimeStamp><when>2026-04-30</when>
</gx:TimeStamp>
				<gx:ViewerOptions>
					<gx:option name="historicalimagery"></gx:option>
					<gx:option enabled="0" name="sunlight"></gx:option>
					<gx:option enabled="0" name="streetview"></gx:option>
				</gx:ViewerOptions>
				<longitude>-2.599522886146012</longitude>
				<latitude>6.173160873197665</latitude>
				<altitude>0</altitude>
				<heading>-0.1001680805477952</heading>
				<tilt>29.58152427536572</tilt>
				<range>891.139025143602</range>
				<gx:altitudeMode>relativeToSeaFloor</gx:altitudeMode>
			</LookAt>
			<styleUrl>#m_ylw-pushpin</styleUrl>
			<Point>
				<gx:drawOrder>1</gx:drawOrder>
				<coordinates>-2.600416075117177,6.174566887318275,0</coordinates>
			</Point>
		</Placemark>
		<Placemark>
			<name>coc62</name>
			<LookAt>
				<gx:TimeStamp><when>2026-04-30</when>
</gx:TimeStamp>
				<gx:ViewerOptions>
					<gx:option name="historicalimagery"></gx:option>
					<gx:option enabled="0" name="sunlight"></gx:option>
					<gx:option enabled="0" name="streetview"></gx:option>
				</gx:ViewerOptions>
				<longitude>-2.605930684825915</longitude>
				<latitude>6.179593189608908</latitude>
				<altitude>0</altitude>
				<heading>-0.1008580655992127</heading>
				<tilt>29.58145109761439</tilt>
				<range>874.6372636208125</range>
				<gx:altitudeMode>relativeToSeaFloor</gx:altitudeMode>
			</LookAt>
			<styleUrl>#m_ylw-pushpin</styleUrl>
			<Point>
				<gx:drawOrder>1</gx:drawOrder>
				<coordinates>-2.607190259581942,6.179742257023361,0</coordinates>
			</Point>
		</Placemark>
		<Placemark>
			<name>coc63</name>
			<LookAt>
				<gx:TimeStamp><when>2026-04-30</when>
</gx:TimeStamp>
				<gx:ViewerOptions>
					<gx:option name="historicalimagery"></gx:option>
					<gx:option enabled="0" name="sunlight"></gx:option>
					<gx:option enabled="0" name="streetview"></gx:option>
				</gx:ViewerOptions>
				<longitude>-2.605930684825915</longitude>
				<latitude>6.179593189608908</latitude>
				<altitude>0</altitude>
				<heading>-0.1008580655992127</heading>
				<tilt>29.58145109761439</tilt>
				<range>874.6372636208125</range>
				<gx:altitudeMode>relativeToSeaFloor</gx:altitudeMode>
			</LookAt>
			<styleUrl>#m_ylw-pushpin</styleUrl>
			<Point>
				<gx:drawOrder>1</gx:drawOrder>
				<coordinates>-2.606213846620677,6.178994068178032,0</coordinates>
			</Point>
		</Placemark>
		<Placemark>
			<name>coc64</name>
			<LookAt>
				<gx:TimeStamp><when>2026-04-30</when>
</gx:TimeStamp>
				<gx:ViewerOptions>
					<gx:option name="historicalimagery"></gx:option>
					<gx:option enabled="0" name="sunlight"></gx:option>
					<gx:option enabled="0" name="streetview"></gx:option>
				</gx:ViewerOptions>
				<longitude>-2.641772195518294</longitude>
				<latitude>6.236776819800376</latitude>
				<altitude>0</altitude>
				<heading>-0.1060782552911864</heading>
				<tilt>28.17555818331321</tilt>
				<range>345.8810551719357</range>
				<gx:altitudeMode>relativeToSeaFloor</gx:altitudeMode>
			</LookAt>
			<styleUrl>#m_ylw-pushpin</styleUrl>
			<Point>
				<gx:drawOrder>1</gx:drawOrder>
				<coordinates>-2.641745656048922,6.237258419869621,0</coordinates>
			</Point>
		</Placemark>
		<Placemark>
			<name>coc65</name>
			<LookAt>
				<gx:TimeStamp><when>2026-04-30</when>
</gx:TimeStamp>
				<gx:ViewerOptions>
					<gx:option name="historicalimagery"></gx:option>
					<gx:option enabled="0" name="sunlight"></gx:option>
					<gx:option enabled="0" name="streetview"></gx:option>
				</gx:ViewerOptions>
				<longitude>-2.895675426578947</longitude>
				<latitude>6.326229247026495</latitude>
				<altitude>0</altitude>
				<heading>-0.1311207358453943</heading>
				<tilt>30.00257939318636</tilt>
				<range>574.3185678938838</range>
				<gx:altitudeMode>relativeToSeaFloor</gx:altitudeMode>
			</LookAt>
			<styleUrl>#m_ylw-pushpin</styleUrl>
			<Point>
				<gx:drawOrder>1</gx:drawOrder>
				<coordinates>-2.896914258894689,6.325779643522536,0</coordinates>
			</Point>
		</Placemark>
		<Placemark>
			<name>coc66</name>
			<LookAt>
				<gx:TimeStamp><when>2026-04-30</when>
</gx:TimeStamp>
				<gx:ViewerOptions>
					<gx:option name="historicalimagery"></gx:option>
					<gx:option enabled="0" name="sunlight"></gx:option>
					<gx:option enabled="0" name="streetview"></gx:option>
				</gx:ViewerOptions>
				<longitude>-2.895675426578947</longitude>
				<latitude>6.326229247026495</latitude>
				<altitude>0</altitude>
				<heading>-0.1311207358453943</heading>
				<tilt>30.00257939318636</tilt>
				<range>574.3185678938838</range>
				<gx:altitudeMode>relativeToSeaFloor</gx:altitudeMode>
			</LookAt>
			<styleUrl>#m_ylw-pushpin</styleUrl>
			<Point>
				<gx:drawOrder>1</gx:drawOrder>
				<coordinates>-2.896197904763225,6.325038916354251,0</coordinates>
			</Point>
		</Placemark>
		<Placemark>
			<name>coc67</name>
			<LookAt>
				<gx:TimeStamp><when>2026-04-30</when>
</gx:TimeStamp>
				<gx:ViewerOptions>
					<gx:option name="historicalimagery"></gx:option>
					<gx:option enabled="0" name="sunlight"></gx:option>
					<gx:option enabled="0" name="streetview"></gx:option>
				</gx:ViewerOptions>
				<longitude>-2.896660323066863</longitude>
				<latitude>6.326847760281754</latitude>
				<altitude>0</altitude>
				<heading>-0.1312292746743142</heading>
				<tilt>30.00260428563385</tilt>
				<range>579.8602516554354</range>
				<gx:altitudeMode>relativeToSeaFloor</gx:altitudeMode>
			</LookAt>
			<styleUrl>#m_ylw-pushpin</styleUrl>
			<Point>
				<gx:drawOrder>1</gx:drawOrder>
				<coordinates>-2.897639320891971,6.327090916849199,0</coordinates>
			</Point>
		</Placemark>
		<Placemark>
			<name>coc68</name>
			<LookAt>
				<gx:TimeStamp><when>2026-04-30</when>
</gx:TimeStamp>
				<gx:ViewerOptions>
					<gx:option name="historicalimagery"></gx:option>
					<gx:option enabled="0" name="sunlight"></gx:option>
					<gx:option enabled="0" name="streetview"></gx:option>
				</gx:ViewerOptions>
				<longitude>-2.897962955379029</longitude>
				<latitude>6.324734223254378</latitude>
				<altitude>0</altitude>
				<heading>-0.1314492317100817</heading>
				<tilt>28.71084123236383</tilt>
				<range>730.9414197051944</range>
				<gx:altitudeMode>relativeToSeaFloor</gx:altitudeMode>
			</LookAt>
			<styleUrl>#m_ylw-pushpin</styleUrl>
			<Point>
				<gx:drawOrder>1</gx:drawOrder>
				<coordinates>-2.899962613479104,6.323841379176482,0</coordinates>
			</Point>
		</Placemark>
		<Placemark>
			<name>coc69</name>
			<LookAt>
				<gx:TimeStamp><when>2026-04-30</when>
</gx:TimeStamp>
				<gx:ViewerOptions>
					<gx:option name="historicalimagery"></gx:option>
					<gx:option enabled="0" name="sunlight"></gx:option>
					<gx:option enabled="0" name="streetview"></gx:option>
				</gx:ViewerOptions>
				<longitude>-2.901784516783397</longitude>
				<latitude>6.325646913794191</latitude>
				<altitude>0</altitude>
				<heading>-0.131870228009166</heading>
				<tilt>28.71083748175216</tilt>
				<range>730.0722644328775</range>
				<gx:altitudeMode>relativeToSeaFloor</gx:altitudeMode>
			</LookAt>
			<styleUrl>#m_ylw-pushpin</styleUrl>
			<Point>
				<gx:drawOrder>1</gx:drawOrder>
				<coordinates>-2.901684859687141,6.324495811307188,0</coordinates>
			</Point>
		</Placemark>
		<Placemark>
			<name>coc70</name>
			<LookAt>
				<gx:TimeStamp><when>2026-04-30</when>
</gx:TimeStamp>
				<gx:ViewerOptions>
					<gx:option name="historicalimagery"></gx:option>
					<gx:option enabled="0" name="sunlight"></gx:option>
					<gx:option enabled="0" name="streetview"></gx:option>
				</gx:ViewerOptions>
				<longitude>-2.902026682044421</longitude>
				<latitude>6.326485529496069</latitude>
				<altitude>0</altitude>
				<heading>-0.1318030452643119</heading>
				<tilt>30.00173863268029</tilt>
				<range>387.1226125502613</range>
				<gx:altitudeMode>relativeToSeaFloor</gx:altitudeMode>
			</LookAt>
			<styleUrl>#m_ylw-pushpin</styleUrl>
			<Point>
				<gx:drawOrder>1</gx:drawOrder>
				<coordinates>-2.902645192739851,6.32579893400763,0</coordinates>
			</Point>
		</Placemark>
		<Placemark>
			<name>coc71</name>
			<LookAt>
				<gx:TimeStamp><when>2026-04-30</when>
</gx:TimeStamp>
				<gx:ViewerOptions>
					<gx:option name="historicalimagery"></gx:option>
					<gx:option enabled="0" name="sunlight"></gx:option>
					<gx:option enabled="0" name="streetview"></gx:option>
				</gx:ViewerOptions>
				<longitude>-2.896232975703657</longitude>
				<latitude>6.36516555952162</latitude>
				<altitude>0</altitude>
				<heading>-0.129001256181901</heading>
				<tilt>30.0017641771607</tilt>
				<range>392.7035462059069</range>
				<gx:altitudeMode>relativeToSeaFloor</gx:altitudeMode>
			</LookAt>
			<styleUrl>#m_ylw-pushpin</styleUrl>
			<Point>
				<gx:drawOrder>1</gx:drawOrder>
				<coordinates>-2.895430024978817,6.365935056550929,0</coordinates>
			</Point>
		</Placemark>
		<Placemark>
			<name>coc72</name>
			<LookAt>
				<gx:TimeStamp><when>2026-04-30</when>
</gx:TimeStamp>
				<gx:ViewerOptions>
					<gx:option name="historicalimagery"></gx:option>
					<gx:option enabled="0" name="sunlight"></gx:option>
					<gx:option enabled="0" name="streetview"></gx:option>
				</gx:ViewerOptions>
				<longitude>-2.963868913112419</longitude>
				<latitude>6.547407840939016</latitude>
				<altitude>0</altitude>
				<heading>-0.1355964041839634</heading>
				<tilt>28.65633713914942</tilt>
				<range>355.6669353280867</range>
				<gx:altitudeMode>relativeToSeaFloor</gx:altitudeMode>
			</LookAt>
			<styleUrl>#m_ylw-pushpin</styleUrl>
			<Point>
				<gx:drawOrder>1</gx:drawOrder>
				<coordinates>-2.964433484791486,6.547389749693683,0</coordinates>
			</Point>
		</Placemark>
		<Placemark>
			<name>coc73</name>
			<LookAt>
				<gx:TimeStamp><when>2026-04-30</when>
</gx:TimeStamp>
				<gx:ViewerOptions>
					<gx:option name="historicalimagery"></gx:option>
					<gx:option enabled="0" name="sunlight"></gx:option>
					<gx:option enabled="0" name="streetview"></gx:option>
				</gx:ViewerOptions>
				<longitude>-2.964311313483066</longitude>
				<latitude>6.579888574126458</latitude>
				<altitude>0</altitude>
				<heading>-0.1361042118795585</heading>
				<tilt>28.34201237638218</tilt>
				<range>626.9487045306195</range>
				<gx:altitudeMode>relativeToSeaFloor</gx:altitudeMode>
			</LookAt>
			<styleUrl>#m_ylw-pushpin</styleUrl>
			<Point>
				<gx:drawOrder>1</gx:drawOrder>
				<coordinates>-2.964435237366151,6.579316290940859,0</coordinates>
			</Point>
		</Placemark>
		<Placemark>
			<name>coc74</name>
			<LookAt>
				<gx:TimeStamp><when>2026-04-30</when>
</gx:TimeStamp>
				<gx:ViewerOptions>
					<gx:option name="historicalimagery"></gx:option>
					<gx:option enabled="0" name="sunlight"></gx:option>
					<gx:option enabled="0" name="streetview"></gx:option>
				</gx:ViewerOptions>
				<longitude>-2.955809606290102</longitude>
				<latitude>6.587412477929471</latitude>
				<altitude>0</altitude>
				<heading>-0.1351286990000284</heading>
				<tilt>28.34188467831865</tilt>
				<range>597.0040924298168</range>
				<gx:altitudeMode>relativeToSeaFloor</gx:altitudeMode>
			</LookAt>
			<styleUrl>#m_ylw-pushpin</styleUrl>
			<Point>
				<gx:drawOrder>1</gx:drawOrder>
				<coordinates>-2.956246687255674,6.58634412817913,0</coordinates>
			</Point>
		</Placemark>
		<Placemark>
			<name>coc75</name>
			<LookAt>
				<gx:TimeStamp><when>2026-04-30</when>
</gx:TimeStamp>
				<gx:ViewerOptions>
					<gx:option name="historicalimagery"></gx:option>
					<gx:option enabled="0" name="sunlight"></gx:option>
					<gx:option enabled="0" name="streetview"></gx:option>
				</gx:ViewerOptions>
				<longitude>-2.960566648487239</longitude>
				<latitude>6.606298573042826</latitude>
				<altitude>0</altitude>
				<heading>-0.1315890082512742</heading>
				<tilt>29.950090813514</tilt>
				<range>683.3233437333573</range>
				<gx:altitudeMode>relativeToSeaFloor</gx:altitudeMode>
			</LookAt>
			<styleUrl>#m_ylw-pushpin</styleUrl>
			<Point>
				<gx:drawOrder>1</gx:drawOrder>
				<coordinates>-2.961079751755813,6.605724372729529,0</coordinates>
			</Point>
		</Placemark>
		<Placemark>
			<name>coc76</name>
			<LookAt>
				<gx:TimeStamp><when>2026-04-30</when>
</gx:TimeStamp>
				<gx:ViewerOptions>
					<gx:option name="historicalimagery"></gx:option>
					<gx:option enabled="0" name="sunlight"></gx:option>
					<gx:option enabled="0" name="streetview"></gx:option>
				</gx:ViewerOptions>
				<longitude>-2.960566648487239</longitude>
				<latitude>6.606298573042826</latitude>
				<altitude>0</altitude>
				<heading>-0.1315890082512742</heading>
				<tilt>29.950090813514</tilt>
				<range>683.3233437333573</range>
				<gx:altitudeMode>relativeToSeaFloor</gx:altitudeMode>
			</LookAt>
			<styleUrl>#m_ylw-pushpin</styleUrl>
			<Point>
				<gx:drawOrder>1</gx:drawOrder>
				<coordinates>-2.962477141670664,6.605122680576295,0</coordinates>
			</Point>
		</Placemark>
		<Placemark>
			<name>coc72</name>
			<LookAt>
				<gx:TimeStamp><when>2026-04-30</when>
</gx:TimeStamp>
				<gx:ViewerOptions>
					<gx:option name="historicalimagery"></gx:option>
					<gx:option enabled="0" name="sunlight"></gx:option>
					<gx:option enabled="0" name="streetview"></gx:option>
				</gx:ViewerOptions>
				<longitude>-3.027752446919199</longitude>
				<latitude>6.565387397542874</latitude>
				<altitude>0</altitude>
				<heading>-0.153294684943786</heading>
				<tilt>24.73960349651617</tilt>
				<range>251.3865192488584</range>
				<gx:altitudeMode>relativeToSeaFloor</gx:altitudeMode>
			</LookAt>
			<styleUrl>#m_ylw-pushpin</styleUrl>
			<Point>
				<gx:drawOrder>1</gx:drawOrder>
				<coordinates>-3.028117163478952,6.565382896978874,0</coordinates>
			</Point>
		</Placemark>
		<Placemark>
			<name>coc73</name>
			<LookAt>
				<gx:TimeStamp><when>2026-04-30</when>
</gx:TimeStamp>
				<gx:ViewerOptions>
					<gx:option name="historicalimagery"></gx:option>
					<gx:option enabled="0" name="sunlight"></gx:option>
					<gx:option enabled="0" name="streetview"></gx:option>
				</gx:ViewerOptions>
				<longitude>-3.026563384933295</longitude>
				<latitude>6.569868549841496</latitude>
				<altitude>0</altitude>
				<heading>-0.1476177029051532</heading>
				<tilt>26.40762796889519</tilt>
				<range>663.4246807767169</range>
				<gx:altitudeMode>relativeToSeaFloor</gx:altitudeMode>
			</LookAt>
			<styleUrl>#m_ylw-pushpin</styleUrl>
			<Point>
				<gx:drawOrder>1</gx:drawOrder>
				<coordinates>-3.02687826719446,6.569356577872797,0</coordinates>
			</Point>
		</Placemark>
		<Placemark>
			<name>coc74</name>
			<LookAt>
				<gx:TimeStamp><when>2026-04-30</when>
</gx:TimeStamp>
				<gx:ViewerOptions>
					<gx:option name="historicalimagery"></gx:option>
					<gx:option enabled="0" name="sunlight"></gx:option>
					<gx:option enabled="0" name="streetview"></gx:option>
				</gx:ViewerOptions>
				<longitude>-3.015816489770612</longitude>
				<latitude>6.566377577260758</latitude>
				<altitude>0</altitude>
				<heading>-0.1463871824400369</heading>
				<tilt>26.40764601788328</tilt>
				<range>667.9422948327564</range>
				<gx:altitudeMode>relativeToSeaFloor</gx:altitudeMode>
			</LookAt>
			<styleUrl>#m_ylw-pushpin</styleUrl>
			<Point>
				<gx:drawOrder>1</gx:drawOrder>
				<coordinates>-3.015783696981108,6.566501991491883,0</coordinates>
			</Point>
		</Placemark>
		<Placemark>
			<name>coc75</name>
			<LookAt>
				<gx:TimeStamp><when>2026-04-30</when>
</gx:TimeStamp>
				<gx:ViewerOptions>
					<gx:option name="historicalimagery"></gx:option>
					<gx:option enabled="0" name="sunlight"></gx:option>
					<gx:option enabled="0" name="streetview"></gx:option>
				</gx:ViewerOptions>
				<longitude>-3.012533971384187</longitude>
				<latitude>6.563636634373148</latitude>
				<altitude>0</altitude>
				<heading>-0.1461440308864771</heading>
				<tilt>26.36532499431315</tilt>
				<range>650.5900526657027</range>
				<gx:altitudeMode>relativeToSeaFloor</gx:altitudeMode>
			</LookAt>
			<styleUrl>#m_ylw-pushpin</styleUrl>
			<Point>
				<gx:drawOrder>1</gx:drawOrder>
				<coordinates>-3.013028224187242,6.5644374107923,0</coordinates>
			</Point>
		</Placemark>
		<Placemark>
			<name>coc76</name>
			<LookAt>
				<gx:TimeStamp><when>2026-04-30</when>
</gx:TimeStamp>
				<gx:ViewerOptions>
					<gx:option name="historicalimagery"></gx:option>
					<gx:option enabled="0" name="sunlight"></gx:option>
					<gx:option enabled="0" name="streetview"></gx:option>
				</gx:ViewerOptions>
				<longitude>-3.008681785832023</longitude>
				<latitude>6.559904040040506</latitude>
				<altitude>0</altitude>
				<heading>-0.1457037970216623</heading>
				<tilt>26.36532549815476</tilt>
				<range>650.7163775968885</range>
				<gx:altitudeMode>relativeToSeaFloor</gx:altitudeMode>
			</LookAt>
			<styleUrl>#m_ylw-pushpin</styleUrl>
			<Point>
				<gx:drawOrder>1</gx:drawOrder>
				<coordinates>-3.009748167067547,6.561439224109641,0</coordinates>
			</Point>
		</Placemark>
		<Placemark>
			<name>coc77</name>
			<LookAt>
				<gx:TimeStamp><when>2026-04-30</when>
</gx:TimeStamp>
				<gx:ViewerOptions>
					<gx:option name="historicalimagery"></gx:option>
					<gx:option enabled="0" name="sunlight"></gx:option>
					<gx:option enabled="0" name="streetview"></gx:option>
				</gx:ViewerOptions>
				<longitude>-3.015486166018001</longitude>
				<latitude>6.561106800542785</latitude>
				<altitude>0</altitude>
				<heading>-0.1363335171940097</heading>
				<tilt>30.00380293956387</tilt>
				<range>846.644342367728</range>
				<gx:altitudeMode>relativeToSeaFloor</gx:altitudeMode>
			</LookAt>
			<styleUrl>#m_ylw-pushpin</styleUrl>
			<Point>
				<gx:drawOrder>1</gx:drawOrder>
				<coordinates>-3.018275849722951,6.559485173473252,0</coordinates>
			</Point>
		</Placemark>
		<Placemark>
			<name>coc78</name>
			<LookAt>
				<gx:TimeStamp><when>2026-04-30</when>
</gx:TimeStamp>
				<gx:ViewerOptions>
					<gx:option name="historicalimagery"></gx:option>
					<gx:option enabled="0" name="sunlight"></gx:option>
					<gx:option enabled="0" name="streetview"></gx:option>
				</gx:ViewerOptions>
				<longitude>-3.017098058077519</longitude>
				<latitude>6.555980661544075</latitude>
				<altitude>0</altitude>
				<heading>-0.1365176374830937</heading>
				<tilt>30.00694953129154</tilt>
				<range>1547.211329189912</range>
				<gx:altitudeMode>relativeToSeaFloor</gx:altitudeMode>
			</LookAt>
			<styleUrl>#m_ylw-pushpin</styleUrl>
			<Point>
				<gx:drawOrder>1</gx:drawOrder>
				<coordinates>-3.021588731474028,6.558459915753614,0</coordinates>
			</Point>
		</Placemark>
		<Placemark>
			<name>coc79</name>
			<LookAt>
				<gx:TimeStamp><when>2026-04-30</when>
</gx:TimeStamp>
				<gx:ViewerOptions>
					<gx:option name="historicalimagery"></gx:option>
					<gx:option enabled="0" name="sunlight"></gx:option>
					<gx:option enabled="0" name="streetview"></gx:option>
				</gx:ViewerOptions>
				<longitude>-3.017219033889517</longitude>
				<latitude>6.552684054635837</latitude>
				<altitude>0</altitude>
				<heading>-0.136531413265664</heading>
				<tilt>30.00697512692387</tilt>
				<range>1552.908942912342</range>
				<gx:altitudeMode>relativeToSeaFloor</gx:altitudeMode>
			</LookAt>
			<styleUrl>#m_ylw-pushpin</styleUrl>
			<Point>
				<gx:drawOrder>1</gx:drawOrder>
				<coordinates>-3.021860462814737,6.552903845567985,0</coordinates>
			</Point>
		</Placemark>
		<Placemark>
			<name>coc80</name>
			<LookAt>
				<gx:TimeStamp><when>2026-04-30</when>
</gx:TimeStamp>
				<gx:ViewerOptions>
					<gx:option name="historicalimagery"></gx:option>
					<gx:option enabled="0" name="sunlight"></gx:option>
					<gx:option enabled="0" name="streetview"></gx:option>
				</gx:ViewerOptions>
				<longitude>-3.018862883633882</longitude>
				<latitude>6.549706247624816</latitude>
				<altitude>0</altitude>
				<heading>-0.1367188502155786</heading>
				<tilt>30.00708176340521</tilt>
				<range>1576.646087592549</range>
				<gx:altitudeMode>relativeToSeaFloor</gx:altitudeMode>
			</LookAt>
			<styleUrl>#m_ylw-pushpin</styleUrl>
			<Point>
				<gx:drawOrder>1</gx:drawOrder>
				<coordinates>-3.02084050222453,6.548299200563302,0</coordinates>
			</Point>
		</Placemark>
		<Placemark>
			<name>coc81</name>
			<LookAt>
				<gx:TimeStamp><when>2026-04-30</when>
</gx:TimeStamp>
				<gx:ViewerOptions>
					<gx:option name="historicalimagery"></gx:option>
					<gx:option enabled="0" name="sunlight"></gx:option>
					<gx:option enabled="0" name="streetview"></gx:option>
				</gx:ViewerOptions>
				<longitude>-3.015680798413502</longitude>
				<latitude>6.545057787727178</latitude>
				<altitude>0</altitude>
				<heading>-0.1363558892780903</heading>
				<tilt>30.00710928407578</tilt>
				<range>1582.772189834867</range>
				<gx:altitudeMode>relativeToSeaFloor</gx:altitudeMode>
			</LookAt>
			<styleUrl>#m_ylw-pushpin</styleUrl>
			<Point>
				<gx:drawOrder>1</gx:drawOrder>
				<coordinates>-3.014922239046301,6.544760160791157,0</coordinates>
			</Point>
		</Placemark>
		<Placemark>
			<name>coc82</name>
			<LookAt>
				<gx:TimeStamp><when>2026-04-30</when>
</gx:TimeStamp>
				<gx:ViewerOptions>
					<gx:option name="historicalimagery"></gx:option>
					<gx:option enabled="0" name="sunlight"></gx:option>
					<gx:option enabled="0" name="streetview"></gx:option>
				</gx:ViewerOptions>
				<longitude>-3.015680798413502</longitude>
				<latitude>6.545057787727178</latitude>
				<altitude>0</altitude>
				<heading>-0.1363558892780903</heading>
				<tilt>30.00710928407578</tilt>
				<range>1582.772189834867</range>
				<gx:altitudeMode>relativeToSeaFloor</gx:altitudeMode>
			</LookAt>
			<styleUrl>#m_ylw-pushpin</styleUrl>
			<Point>
				<gx:drawOrder>1</gx:drawOrder>
				<coordinates>-3.014174228515496,6.544686591800057,0</coordinates>
			</Point>
		</Placemark>
		<Placemark>
			<name>coc83</name>
			<LookAt>
				<gx:TimeStamp><when>2026-04-30</when>
</gx:TimeStamp>
				<gx:ViewerOptions>
					<gx:option name="historicalimagery"></gx:option>
					<gx:option enabled="0" name="sunlight"></gx:option>
					<gx:option enabled="0" name="streetview"></gx:option>
				</gx:ViewerOptions>
				<longitude>-3.013269500490169</longitude>
				<latitude>6.542747855582461</latitude>
				<altitude>0</altitude>
				<heading>-0.13608123976965</heading>
				<tilt>30.0071196190319</tilt>
				<range>1585.072741736067</range>
				<gx:altitudeMode>relativeToSeaFloor</gx:altitudeMode>
			</LookAt>
			<styleUrl>#m_ylw-pushpin</styleUrl>
			<Point>
				<gx:drawOrder>1</gx:drawOrder>
				<coordinates>-3.016783413815574,6.546040457433464,0</coordinates>
			</Point>
		</Placemark>
		<Placemark>
			<name>coc84</name>
			<LookAt>
				<gx:TimeStamp><when>2026-04-30</when>
</gx:TimeStamp>
				<gx:ViewerOptions>
					<gx:option name="historicalimagery"></gx:option>
					<gx:option enabled="0" name="sunlight"></gx:option>
					<gx:option enabled="0" name="streetview"></gx:option>
				</gx:ViewerOptions>
				<longitude>-3.013269500490169</longitude>
				<latitude>6.542747855582461</latitude>
				<altitude>0</altitude>
				<heading>-0.13608123976965</heading>
				<tilt>30.0071196190319</tilt>
				<range>1585.072741736067</range>
				<gx:altitudeMode>relativeToSeaFloor</gx:altitudeMode>
			</LookAt>
			<styleUrl>#m_ylw-pushpin</styleUrl>
			<Point>
				<gx:drawOrder>1</gx:drawOrder>
				<coordinates>-3.012115706755105,6.542890822953007,0</coordinates>
			</Point>
		</Placemark>
		<Placemark>
			<name>coc85</name>
			<LookAt>
				<gx:TimeStamp><when>2026-04-30</when>
</gx:TimeStamp>
				<gx:ViewerOptions>
					<gx:option name="historicalimagery"></gx:option>
					<gx:option enabled="0" name="sunlight"></gx:option>
					<gx:option enabled="0" name="streetview"></gx:option>
				</gx:ViewerOptions>
				<longitude>-3.017603422251647</longitude>
				<latitude>6.53212338925184</latitude>
				<altitude>0</altitude>
				<heading>-0.1481018304873833</heading>
				<tilt>25.89268753896359</tilt>
				<range>636.1160891055503</range>
				<gx:altitudeMode>relativeToSeaFloor</gx:altitudeMode>
			</LookAt>
			<styleUrl>#m_ylw-pushpin</styleUrl>
			<Point>
				<gx:drawOrder>1</gx:drawOrder>
				<coordinates>-3.019153476846486,6.531204678912008,0</coordinates>
			</Point>
		</Placemark>
		<Placemark>
			<name>coc86</name>
			<LookAt>
				<gx:TimeStamp><when>2026-04-30</when>
</gx:TimeStamp>
				<gx:ViewerOptions>
					<gx:option name="historicalimagery"></gx:option>
					<gx:option enabled="0" name="sunlight"></gx:option>
					<gx:option enabled="0" name="streetview"></gx:option>
				</gx:ViewerOptions>
				<longitude>-3.017603422251647</longitude>
				<latitude>6.53212338925184</latitude>
				<altitude>0</altitude>
				<heading>-0.1481018304873833</heading>
				<tilt>25.89268753896359</tilt>
				<range>636.1160891055503</range>
				<gx:altitudeMode>relativeToSeaFloor</gx:altitudeMode>
			</LookAt>
			<styleUrl>#m_ylw-pushpin</styleUrl>
			<Point>
				<gx:drawOrder>1</gx:drawOrder>
				<coordinates>-3.018109743377653,6.531597350760419,0</coordinates>
			</Point>
		</Placemark>
		<Placemark>
			<name>coc87</name>
			<LookAt>
				<gx:TimeStamp><when>2026-04-30</when>
</gx:TimeStamp>
				<gx:ViewerOptions>
					<gx:option name="historicalimagery"></gx:option>
					<gx:option enabled="0" name="sunlight"></gx:option>
					<gx:option enabled="0" name="streetview"></gx:option>
				</gx:ViewerOptions>
				<longitude>-3.007835472681823</longitude>
				<latitude>6.543171759995697</latitude>
				<altitude>0</altitude>
				<heading>-0.1469898123081143</heading>
				<tilt>25.8932366262636</tilt>
				<range>725.8778233378539</range>
				<gx:altitudeMode>relativeToSeaFloor</gx:altitudeMode>
			</LookAt>
			<styleUrl>#m_ylw-pushpin</styleUrl>
			<Point>
				<gx:drawOrder>1</gx:drawOrder>
				<coordinates>-3.009049770585292,6.542710142887467,0</coordinates>
			</Point>
		</Placemark>
		<Placemark>
			<name>coc88</name>
			<LookAt>
				<gx:TimeStamp><when>2026-04-30</when>
</gx:TimeStamp>
				<gx:ViewerOptions>
					<gx:option name="historicalimagery"></gx:option>
					<gx:option enabled="0" name="sunlight"></gx:option>
					<gx:option enabled="0" name="streetview"></gx:option>
				</gx:ViewerOptions>
				<longitude>-3.008905430633201</longitude>
				<latitude>6.543244763856275</latitude>
				<altitude>0</altitude>
				<heading>-0.1471117385263949</heading>
				<tilt>25.89324558462202</tilt>
				<range>728.1615400780208</range>
				<gx:altitudeMode>relativeToSeaFloor</gx:altitudeMode>
			</LookAt>
			<styleUrl>#m_ylw-pushpin</styleUrl>
			<Point>
				<gx:drawOrder>1</gx:drawOrder>
				<coordinates>-3.011546128481839,6.542259112856977,0</coordinates>
			</Point>
		</Placemark>
		<Placemark>
			<name>coc89</name>
			<LookAt>
				<gx:TimeStamp><when>2026-04-30</when>
</gx:TimeStamp>
				<gx:ViewerOptions>
					<gx:option name="historicalimagery"></gx:option>
					<gx:option enabled="0" name="sunlight"></gx:option>
					<gx:option enabled="0" name="streetview"></gx:option>
				</gx:ViewerOptions>
				<longitude>-3.006606038742289</longitude>
				<latitude>6.540387767353383</latitude>
				<altitude>0</altitude>
				<heading>-0.1404833769516602</heading>
				<tilt>28.01857428812144</tilt>
				<range>494.2541082049341</range>
				<gx:altitudeMode>relativeToSeaFloor</gx:altitudeMode>
			</LookAt>
			<styleUrl>#m_ylw-pushpin</styleUrl>
			<Point>
				<gx:drawOrder>1</gx:drawOrder>
				<coordinates>-3.007133750271383,6.540014143368716,0</coordinates>
			</Point>
		</Placemark>
		<Placemark>
			<name>coc90</name>
			<LookAt>
				<gx:TimeStamp><when>2026-04-30</when>
</gx:TimeStamp>
				<gx:ViewerOptions>
					<gx:option name="historicalimagery"></gx:option>
					<gx:option enabled="0" name="sunlight"></gx:option>
					<gx:option enabled="0" name="streetview"></gx:option>
				</gx:ViewerOptions>
				<longitude>-3.006606038742289</longitude>
				<latitude>6.540387767353383</latitude>
				<altitude>0</altitude>
				<heading>-0.1404833769516602</heading>
				<tilt>28.01857428812144</tilt>
				<range>494.2541082049341</range>
				<gx:altitudeMode>relativeToSeaFloor</gx:altitudeMode>
			</LookAt>
			<styleUrl>#m_ylw-pushpin</styleUrl>
			<Point>
				<gx:drawOrder>1</gx:drawOrder>
				<coordinates>-3.006226755889943,6.539943052129703,0</coordinates>
			</Point>
		</Placemark>
		<Placemark>
			<name>coc91</name>
			<LookAt>
				<gx:TimeStamp><when>2026-04-30</when>
</gx:TimeStamp>
				<gx:ViewerOptions>
					<gx:option name="historicalimagery"></gx:option>
					<gx:option enabled="0" name="sunlight"></gx:option>
					<gx:option enabled="0" name="streetview"></gx:option>
				</gx:ViewerOptions>
				<longitude>-3.006508103163932</longitude>
				<latitude>6.539350082712795</latitude>
				<altitude>0</altitude>
				<heading>-0.1404722206708454</heading>
				<tilt>28.01857118700903</tilt>
				<range>493.5192715846513</range>
				<gx:altitudeMode>relativeToSeaFloor</gx:altitudeMode>
			</LookAt>
			<styleUrl>#m_ylw-pushpin</styleUrl>
			<Point>
				<gx:drawOrder>1</gx:drawOrder>
				<coordinates>-3.005670271741722,6.539432555549215,0</coordinates>
			</Point>
		</Placemark>
		<Placemark>
			<name>coc92</name>
			<LookAt>
				<gx:TimeStamp><when>2026-04-30</when>
</gx:TimeStamp>
				<gx:ViewerOptions>
					<gx:option name="historicalimagery"></gx:option>
					<gx:option enabled="0" name="sunlight"></gx:option>
					<gx:option enabled="0" name="streetview"></gx:option>
				</gx:ViewerOptions>
				<longitude>-3.008825016554315</longitude>
				<latitude>6.541647784433256</latitude>
				<altitude>0</altitude>
				<heading>-0.1407363108447444</heading>
				<tilt>28.01857426490897</tilt>
				<range>494.2486431843911</range>
				<gx:altitudeMode>relativeToSeaFloor</gx:altitudeMode>
			</LookAt>
			<styleUrl>#m_ylw-pushpin</styleUrl>
			<Point>
				<gx:drawOrder>1</gx:drawOrder>
				<coordinates>-3.010221907127638,6.541950310340406,0</coordinates>
			</Point>
		</Placemark>
		<Placemark>
			<name>coc93</name>
			<LookAt>
				<gx:TimeStamp><when>2026-04-30</when>
</gx:TimeStamp>
				<gx:ViewerOptions>
					<gx:option name="historicalimagery"></gx:option>
					<gx:option enabled="0" name="sunlight"></gx:option>
					<gx:option enabled="0" name="streetview"></gx:option>
				</gx:ViewerOptions>
				<longitude>-3.003149011355414</longitude>
				<latitude>6.534988349233206</latitude>
				<altitude>0</altitude>
				<heading>-0.1400899935035629</heading>
				<tilt>28.01858314601261</tilt>
				<range>496.3532767235799</range>
				<gx:altitudeMode>relativeToSeaFloor</gx:altitudeMode>
			</LookAt>
			<styleUrl>#m_ylw-pushpin</styleUrl>
			<Point>
				<gx:drawOrder>1</gx:drawOrder>
				<coordinates>-3.003280400519253,6.535071511165507,0</coordinates>
			</Point>
		</Placemark>
		<Placemark>
			<name>coc94</name>
			<LookAt>
				<gx:TimeStamp><when>2026-04-30</when>
</gx:TimeStamp>
				<gx:ViewerOptions>
					<gx:option name="historicalimagery"></gx:option>
					<gx:option enabled="0" name="sunlight"></gx:option>
					<gx:option enabled="0" name="streetview"></gx:option>
				</gx:ViewerOptions>
				<longitude>-3.004951060401198</longitude>
				<latitude>6.550642136903964</latitude>
				<altitude>0</altitude>
				<heading>-0.1510094220220549</heading>
				<tilt>24.50525421594878</tilt>
				<range>255.9311797357861</range>
				<gx:altitudeMode>relativeToSeaFloor</gx:altitudeMode>
			</LookAt>
			<styleUrl>#m_ylw-pushpin</styleUrl>
			<Point>
				<gx:drawOrder>1</gx:drawOrder>
				<coordinates>-3.005001831123935,6.55083823753474,0</coordinates>
			</Point>
		</Placemark>
		<Placemark>
			<name>coc95</name>
			<LookAt>
				<gx:TimeStamp><when>2020-12-31</when>
</gx:TimeStamp>
				<gx:ViewerOptions>
					<gx:option name="historicalimagery"></gx:option>
					<gx:option enabled="0" name="sunlight"></gx:option>
					<gx:option enabled="0" name="streetview"></gx:option>
				</gx:ViewerOptions>
				<longitude>-2.177888915409663</longitude>
				<latitude>5.475165797786844</latitude>
				<altitude>0</altitude>
				<heading>-0.09134681123416484</heading>
				<tilt>19.23938580141644</tilt>
				<range>2738.832886546416</range>
				<gx:altitudeMode>relativeToSeaFloor</gx:altitudeMode>
			</LookAt>
			<styleUrl>#m_ylw-pushpin</styleUrl>
			<Point>
				<gx:drawOrder>1</gx:drawOrder>
				<coordinates>-2.181652932754053,5.473172327217173,0</coordinates>
			</Point>
		</Placemark>
		<Placemark>
			<name>coc96</name>
			<LookAt>
				<gx:TimeStamp><when>2020-12-31</when>
</gx:TimeStamp>
				<gx:ViewerOptions>
					<gx:option name="historicalimagery"></gx:option>
					<gx:option enabled="0" name="sunlight"></gx:option>
					<gx:option enabled="0" name="streetview"></gx:option>
				</gx:ViewerOptions>
				<longitude>-2.175446256610295</longitude>
				<latitude>5.463366904517606</latitude>
				<altitude>0</altitude>
				<heading>-0.07667162116343681</heading>
				<tilt>22.43970242169627</tilt>
				<range>901.5894270015679</range>
				<gx:altitudeMode>relativeToSeaFloor</gx:altitudeMode>
			</LookAt>
			<styleUrl>#m_ylw-pushpin</styleUrl>
			<Point>
				<gx:drawOrder>1</gx:drawOrder>
				<coordinates>-2.175577889268189,5.461327781872111,0</coordinates>
			</Point>
		</Placemark>
		<Placemark>
			<name>coc97</name>
			<LookAt>
				<gx:TimeStamp><when>2020-12-31</when>
</gx:TimeStamp>
				<gx:ViewerOptions>
					<gx:option name="historicalimagery"></gx:option>
					<gx:option enabled="0" name="sunlight"></gx:option>
					<gx:option enabled="0" name="streetview"></gx:option>
				</gx:ViewerOptions>
				<longitude>-2.175446256610295</longitude>
				<latitude>5.463366904517606</latitude>
				<altitude>0</altitude>
				<heading>-0.07667162116343681</heading>
				<tilt>22.43970242169627</tilt>
				<range>901.5894270015679</range>
				<gx:altitudeMode>relativeToSeaFloor</gx:altitudeMode>
			</LookAt>
			<styleUrl>#m_ylw-pushpin</styleUrl>
			<Point>
				<gx:drawOrder>1</gx:drawOrder>
				<coordinates>-2.175793791799162,5.46551197792049,0</coordinates>
			</Point>
		</Placemark>
		<Placemark>
			<name>coc98</name>
			<LookAt>
				<gx:TimeStamp><when>2020-12-31</when>
</gx:TimeStamp>
				<gx:ViewerOptions>
					<gx:option name="historicalimagery"></gx:option>
					<gx:option enabled="0" name="sunlight"></gx:option>
					<gx:option enabled="0" name="streetview"></gx:option>
				</gx:ViewerOptions>
				<longitude>-2.175446256610295</longitude>
				<latitude>5.463366904517606</latitude>
				<altitude>0</altitude>
				<heading>-0.07667162116343681</heading>
				<tilt>22.43970242169627</tilt>
				<range>901.5894270015679</range>
				<gx:altitudeMode>relativeToSeaFloor</gx:altitudeMode>
			</LookAt>
			<styleUrl>#m_ylw-pushpin</styleUrl>
			<Point>
				<gx:drawOrder>1</gx:drawOrder>
				<coordinates>-2.174979316699208,5.465730695405408,0</coordinates>
			</Point>
		</Placemark>
		<Placemark>
			<name>coc99</name>
			<LookAt>
				<gx:TimeStamp><when>2020-12-31</when>
</gx:TimeStamp>
				<gx:ViewerOptions>
					<gx:option name="historicalimagery"></gx:option>
					<gx:option enabled="0" name="sunlight"></gx:option>
					<gx:option enabled="0" name="streetview"></gx:option>
				</gx:ViewerOptions>
				<longitude>-2.17259342034988</longitude>
				<latitude>5.458481521889623</latitude>
				<altitude>0</altitude>
				<heading>-0.07640004136475309</heading>
				<tilt>22.43969485286421</tilt>
				<range>899.3820627410496</range>
				<gx:altitudeMode>relativeToSeaFloor</gx:altitudeMode>
			</LookAt>
			<styleUrl>#m_ylw-pushpin</styleUrl>
			<Point>
				<gx:drawOrder>1</gx:drawOrder>
				<coordinates>-2.174126653834034,5.457513855642065,0</coordinates>
			</Point>
		</Placemark>
		<Placemark>
			<name>coc100</name>
			<LookAt>
				<gx:TimeStamp><when>2020-12-31</when>
</gx:TimeStamp>
				<gx:ViewerOptions>
					<gx:option name="historicalimagery"></gx:option>
					<gx:option enabled="0" name="sunlight"></gx:option>
					<gx:option enabled="0" name="streetview"></gx:option>
				</gx:ViewerOptions>
				<longitude>-2.172250718213591</longitude>
				<latitude>5.452692181874256</latitude>
				<altitude>0</altitude>
				<heading>-0.07636732541752711</heading>
				<tilt>22.43973297415481</tilt>
				<range>910.4996542097297</range>
				<gx:altitudeMode>relativeToSeaFloor</gx:altitudeMode>
			</LookAt>
			<styleUrl>#m_ylw-pushpin</styleUrl>
			<Point>
				<gx:drawOrder>1</gx:drawOrder>
				<coordinates>-2.173185455429071,5.453383160167982,0</coordinates>
			</Point>
		</Placemark>
		<Placemark>
			<name>coc101</name>
			<LookAt>
				<gx:TimeStamp><when>2020-12-31</when>
</gx:TimeStamp>
				<gx:ViewerOptions>
					<gx:option name="historicalimagery"></gx:option>
					<gx:option enabled="0" name="sunlight"></gx:option>
					<gx:option enabled="0" name="streetview"></gx:option>
				</gx:ViewerOptions>
				<longitude>-2.171391934118054</longitude>
				<latitude>5.447665124208861</latitude>
				<altitude>0</altitude>
				<heading>-0.07628567146939294</heading>
				<tilt>22.43972478724585</tilt>
				<range>908.1121128669673</range>
				<gx:altitudeMode>relativeToSeaFloor</gx:altitudeMode>
			</LookAt>
			<styleUrl>#m_ylw-pushpin</styleUrl>
			<Point>
				<gx:drawOrder>1</gx:drawOrder>
				<coordinates>-2.173436021914141,5.44922171803863,0</coordinates>
			</Point>
		</Placemark>
		<Placemark>
			<name>coc102</name>
			<LookAt>
				<gx:TimeStamp><when>2020-12-31</when>
</gx:TimeStamp>
				<gx:ViewerOptions>
					<gx:option name="historicalimagery"></gx:option>
					<gx:option enabled="0" name="sunlight"></gx:option>
					<gx:option enabled="0" name="streetview"></gx:option>
				</gx:ViewerOptions>
				<longitude>-2.171391934118054</longitude>
				<latitude>5.447665124208861</latitude>
				<altitude>0</altitude>
				<heading>-0.07628567146939294</heading>
				<tilt>22.43972478724585</tilt>
				<range>908.1121128669673</range>
				<gx:altitudeMode>relativeToSeaFloor</gx:altitudeMode>
			</LookAt>
			<styleUrl>#m_ylw-pushpin</styleUrl>
			<Point>
				<gx:drawOrder>1</gx:drawOrder>
				<coordinates>-2.171933460489919,5.446340234470951,0</coordinates>
			</Point>
		</Placemark>
		<Placemark>
			<name>coc103</name>
			<LookAt>
				<gx:TimeStamp><when>2020-12-31</when>
</gx:TimeStamp>
				<gx:ViewerOptions>
					<gx:option name="historicalimagery"></gx:option>
					<gx:option enabled="0" name="sunlight"></gx:option>
					<gx:option enabled="0" name="streetview"></gx:option>
				</gx:ViewerOptions>
				<longitude>-2.171391934118054</longitude>
				<latitude>5.447665124208861</latitude>
				<altitude>0</altitude>
				<heading>-0.07628567146939294</heading>
				<tilt>22.43972478724585</tilt>
				<range>908.1121128669673</range>
				<gx:altitudeMode>relativeToSeaFloor</gx:altitudeMode>
			</LookAt>
			<styleUrl>#m_ylw-pushpin</styleUrl>
			<Point>
				<gx:drawOrder>1</gx:drawOrder>
				<coordinates>-2.173981761751173,5.446436469633514,0</coordinates>
			</Point>
		</Placemark>
		<Placemark>
			<name>coc104</name>
			<LookAt>
				<gx:TimeStamp><when>2020-12-31</when>
</gx:TimeStamp>
				<gx:ViewerOptions>
					<gx:option name="historicalimagery"></gx:option>
					<gx:option enabled="0" name="sunlight"></gx:option>
					<gx:option enabled="0" name="streetview"></gx:option>
				</gx:ViewerOptions>
				<longitude>-2.169086520205481</longitude>
				<latitude>5.44543639170135</latitude>
				<altitude>0</altitude>
				<heading>-0.07606684858903758</heading>
				<tilt>22.43973729961643</tilt>
				<range>911.76120901193</range>
				<gx:altitudeMode>relativeToSeaFloor</gx:altitudeMode>
			</LookAt>
			<styleUrl>#m_ylw-pushpin</styleUrl>
			<Point>
				<gx:drawOrder>1</gx:drawOrder>
				<coordinates>-2.168700773324193,5.44460293564498,0</coordinates>
			</Point>
		</Placemark>
		<Placemark>
			<name>coc105</name>
			<LookAt>
				<gx:TimeStamp><when>2020-12-31</when>
</gx:TimeStamp>
				<gx:ViewerOptions>
					<gx:option name="historicalimagery"></gx:option>
					<gx:option enabled="0" name="sunlight"></gx:option>
					<gx:option enabled="0" name="streetview"></gx:option>
				</gx:ViewerOptions>
				<longitude>-2.168623499122806</longitude>
				<latitude>5.443496505955707</latitude>
				<altitude>0</altitude>
				<heading>-0.07602284977632078</heading>
				<tilt>22.43975900594145</tilt>
				<range>918.0912741624071</range>
				<gx:altitudeMode>relativeToSeaFloor</gx:altitudeMode>
			</LookAt>
			<styleUrl>#m_ylw-pushpin</styleUrl>
			<Point>
				<gx:drawOrder>1</gx:drawOrder>
				<coordinates>-2.169080144339976,5.443343415716061,0</coordinates>
			</Point>
		</Placemark>
		<Placemark>
			<name>coc106</name>
			<LookAt>
				<gx:TimeStamp><when>2020-12-31</when>
</gx:TimeStamp>
				<gx:ViewerOptions>
					<gx:option name="historicalimagery"></gx:option>
					<gx:option enabled="0" name="sunlight"></gx:option>
					<gx:option enabled="0" name="streetview"></gx:option>
				</gx:ViewerOptions>
				<longitude>-2.168623499122806</longitude>
				<latitude>5.443496505955707</latitude>
				<altitude>0</altitude>
				<heading>-0.07602284977632078</heading>
				<tilt>22.43975900594145</tilt>
				<range>918.0912741624071</range>
				<gx:altitudeMode>relativeToSeaFloor</gx:altitudeMode>
			</LookAt>
			<styleUrl>#m_ylw-pushpin</styleUrl>
			<Point>
				<gx:drawOrder>1</gx:drawOrder>
				<coordinates>-2.1666638850685,5.441863517695439,0</coordinates>
			</Point>
		</Placemark>
		<Placemark>
			<name>coc107</name>
			<LookAt>
				<gx:TimeStamp><when>2020-12-31</when>
</gx:TimeStamp>
				<gx:ViewerOptions>
					<gx:option name="historicalimagery"></gx:option>
					<gx:option enabled="0" name="sunlight"></gx:option>
					<gx:option enabled="0" name="streetview"></gx:option>
				</gx:ViewerOptions>
				<longitude>-2.163612923805132</longitude>
				<latitude>5.438560588528473</latitude>
				<altitude>0</altitude>
				<heading>-0.07554776614695367</heading>
				<tilt>22.4397545293468</tilt>
				<range>916.785864864582</range>
				<gx:altitudeMode>relativeToSeaFloor</gx:altitudeMode>
			</LookAt>
			<styleUrl>#m_ylw-pushpin</styleUrl>
			<Point>
				<gx:drawOrder>1</gx:drawOrder>
				<coordinates>-2.163010655287604,5.439572848885569,0</coordinates>
			</Point>
		</Placemark>
		<Placemark>
			<name>coc108</name>
			<LookAt>
				<gx:TimeStamp><when>2020-12-31</when>
</gx:TimeStamp>
				<gx:ViewerOptions>
					<gx:option name="historicalimagery"></gx:option>
					<gx:option enabled="0" name="sunlight"></gx:option>
					<gx:option enabled="0" name="streetview"></gx:option>
				</gx:ViewerOptions>
				<longitude>-2.163612923805132</longitude>
				<latitude>5.438560588528473</latitude>
				<altitude>0</altitude>
				<heading>-0.07554776614695367</heading>
				<tilt>22.4397545293468</tilt>
				<range>916.785864864582</range>
				<gx:altitudeMode>relativeToSeaFloor</gx:altitudeMode>
			</LookAt>
			<styleUrl>#m_ylw-pushpin</styleUrl>
			<Point>
				<gx:drawOrder>1</gx:drawOrder>
				<coordinates>-2.161111192384358,5.439224302071143,0</coordinates>
			</Point>
		</Placemark>
		<Placemark>
			<name>coc109</name>
			<LookAt>
				<gx:TimeStamp><when>2020-12-31</when>
</gx:TimeStamp>
				<gx:ViewerOptions>
					<gx:option name="historicalimagery"></gx:option>
					<gx:option enabled="0" name="sunlight"></gx:option>
					<gx:option enabled="0" name="streetview"></gx:option>
				</gx:ViewerOptions>
				<longitude>-2.163612923805132</longitude>
				<latitude>5.438560588528473</latitude>
				<altitude>0</altitude>
				<heading>-0.07554776614695367</heading>
				<tilt>22.4397545293468</tilt>
				<range>916.785864864582</range>
				<gx:altitudeMode>relativeToSeaFloor</gx:altitudeMode>
			</LookAt>
			<styleUrl>#m_ylw-pushpin</styleUrl>
			<Point>
				<gx:drawOrder>1</gx:drawOrder>
				<coordinates>-2.165234953483334,5.438007918237929,0</coordinates>
			</Point>
		</Placemark>
		<Placemark>
			<name>coc110</name>
			<LookAt>
				<gx:TimeStamp><when>2020-12-31</when>
</gx:TimeStamp>
				<gx:ViewerOptions>
					<gx:option name="historicalimagery"></gx:option>
					<gx:option enabled="0" name="sunlight"></gx:option>
					<gx:option enabled="0" name="streetview"></gx:option>
				</gx:ViewerOptions>
				<longitude>-2.160778578111904</longitude>
				<latitude>5.437465422676418</latitude>
				<altitude>0</altitude>
				<heading>-0.07527917815546969</heading>
				<tilt>22.43972870195239</tilt>
				<range>909.253729336183</range>
				<gx:altitudeMode>relativeToSeaFloor</gx:altitudeMode>
			</LookAt>
			<styleUrl>#m_ylw-pushpin</styleUrl>
			<Point>
				<gx:drawOrder>1</gx:drawOrder>
				<coordinates>-2.161672491824955,5.437414575065125,0</coordinates>
			</Point>
		</Placemark>
		<Placemark>
			<name>coc111</name>
			<LookAt>
				<gx:TimeStamp><when>2020-12-31</when>
</gx:TimeStamp>
				<gx:ViewerOptions>
					<gx:option name="historicalimagery"></gx:option>
					<gx:option enabled="0" name="sunlight"></gx:option>
					<gx:option enabled="0" name="streetview"></gx:option>
				</gx:ViewerOptions>
				<longitude>-2.154436193018917</longitude>
				<latitude>5.439203333614211</latitude>
				<altitude>0</altitude>
				<heading>-0.07467815171001221</heading>
				<tilt>22.44247695752346</tilt>
				<range>1710.841667500599</range>
				<gx:altitudeMode>relativeToSeaFloor</gx:altitudeMode>
			</LookAt>
			<styleUrl>#m_ylw-pushpin</styleUrl>
			<Point>
				<gx:drawOrder>1</gx:drawOrder>
				<coordinates>-2.155148169919163,5.437396413294485,0</coordinates>
			</Point>
		</Placemark>
		<Placemark>
			<name>coc112</name>
			<LookAt>
				<gx:TimeStamp><when>2020-01-09</when>
</gx:TimeStamp>
				<gx:ViewerOptions>
					<gx:option name="historicalimagery"></gx:option>
					<gx:option enabled="0" name="sunlight"></gx:option>
					<gx:option enabled="0" name="streetview"></gx:option>
				</gx:ViewerOptions>
				<longitude>-2.157038501891207</longitude>
				<latitude>5.445891724232648</latitude>
				<altitude>0</altitude>
				<heading>-0.07860809662067741</heading>
				<tilt>21.37963434249818</tilt>
				<range>1813.797530311544</range>
				<gx:altitudeMode>relativeToSeaFloor</gx:altitudeMode>
			</LookAt>
			<styleUrl>#m_ylw-pushpin</styleUrl>
			<Point>
				<gx:drawOrder>1</gx:drawOrder>
				<coordinates>-2.160777327413599,5.444826916586342,0</coordinates>
			</Point>
		</Placemark>
		<Placemark>
			<name>coc113</name>
			<LookAt>
				<gx:TimeStamp><when>2020-01-09</when>
</gx:TimeStamp>
				<gx:ViewerOptions>
					<gx:option name="historicalimagery"></gx:option>
					<gx:option enabled="0" name="sunlight"></gx:option>
					<gx:option enabled="0" name="streetview"></gx:option>
				</gx:ViewerOptions>
				<longitude>-2.157038501891207</longitude>
				<latitude>5.445891724232648</latitude>
				<altitude>0</altitude>
				<heading>-0.07860809662067741</heading>
				<tilt>21.37963434249818</tilt>
				<range>1813.797530311544</range>
				<gx:altitudeMode>relativeToSeaFloor</gx:altitudeMode>
			</LookAt>
			<styleUrl>#m_ylw-pushpin</styleUrl>
			<Point>
				<gx:drawOrder>1</gx:drawOrder>
				<coordinates>-2.156726698587941,5.448384534480975,0</coordinates>
			</Point>
		</Placemark>
		<Placemark>
			<name>coc114</name>
			<LookAt>
				<gx:TimeStamp><when>2020-01-09</when>
</gx:TimeStamp>
				<gx:ViewerOptions>
					<gx:option name="historicalimagery"></gx:option>
					<gx:option enabled="0" name="sunlight"></gx:option>
					<gx:option enabled="0" name="streetview"></gx:option>
				</gx:ViewerOptions>
				<longitude>-2.15253928965724</longitude>
				<latitude>5.458759821920971</latitude>
				<altitude>0</altitude>
				<heading>-0.05456804272457393</heading>
				<tilt>30.00502871890601</tilt>
				<range>1125.075137658538</range>
				<gx:altitudeMode>relativeToSeaFloor</gx:altitudeMode>
			</LookAt>
			<styleUrl>#m_ylw-pushpin</styleUrl>
			<Point>
				<gx:drawOrder>1</gx:drawOrder>
				<coordinates>-2.154646113086875,5.460006258391473,0</coordinates>
			</Point>
		</Placemark>
		<Placemark>
			<name>coc115</name>
			<LookAt>
				<gx:TimeStamp><when>2020-01-09</when>
</gx:TimeStamp>
				<gx:ViewerOptions>
					<gx:option name="historicalimagery"></gx:option>
					<gx:option enabled="0" name="sunlight"></gx:option>
					<gx:option enabled="0" name="streetview"></gx:option>
				</gx:ViewerOptions>
				<longitude>-2.15253928965724</longitude>
				<latitude>5.458759821920971</latitude>
				<altitude>0</altitude>
				<heading>-0.05456804272457393</heading>
				<tilt>30.00502871890601</tilt>
				<range>1125.075137658538</range>
				<gx:altitudeMode>relativeToSeaFloor</gx:altitudeMode>
			</LookAt>
			<styleUrl>#m_ylw-pushpin</styleUrl>
			<Point>
				<gx:drawOrder>1</gx:drawOrder>
				<coordinates>-2.152429969622785,5.456213429438855,0</coordinates>
			</Point>
		</Placemark>
		<Placemark>
			<name>coc116</name>
			<LookAt>
				<gx:TimeStamp><when>2020-01-09</when>
</gx:TimeStamp>
				<gx:ViewerOptions>
					<gx:option name="historicalimagery"></gx:option>
					<gx:option enabled="0" name="sunlight"></gx:option>
					<gx:option enabled="0" name="streetview"></gx:option>
				</gx:ViewerOptions>
				<longitude>-2.149243625374334</longitude>
				<latitude>5.458841418869563</latitude>
				<altitude>0</altitude>
				<heading>-0.05425454116575737</heading>
				<tilt>30.00502299369649</tilt>
				<range>1123.800607967416</range>
				<gx:altitudeMode>relativeToSeaFloor</gx:altitudeMode>
			</LookAt>
			<styleUrl>#m_ylw-pushpin</styleUrl>
			<Point>
				<gx:drawOrder>1</gx:drawOrder>
				<coordinates>-2.149297146040343,5.458359649872938,0</coordinates>
			</Point>
		</Placemark>
		<Placemark>
			<name>coc117</name>
			<LookAt>
				<gx:TimeStamp><when>2020-01-09</when>
</gx:TimeStamp>
				<gx:ViewerOptions>
					<gx:option name="historicalimagery"></gx:option>
					<gx:option enabled="0" name="sunlight"></gx:option>
					<gx:option enabled="0" name="streetview"></gx:option>
				</gx:ViewerOptions>
				<longitude>-2.149243625374334</longitude>
				<latitude>5.458841418869563</latitude>
				<altitude>0</altitude>
				<heading>-0.05425454116575737</heading>
				<tilt>30.00502299369649</tilt>
				<range>1123.800607967416</range>
				<gx:altitudeMode>relativeToSeaFloor</gx:altitudeMode>
			</LookAt>
			<styleUrl>#m_ylw-pushpin</styleUrl>
			<Point>
				<gx:drawOrder>1</gx:drawOrder>
				<coordinates>-2.148649753672409,5.457309653393408,0</coordinates>
			</Point>
		</Placemark>
		<Placemark>
			<name>coc118</name>
			<LookAt>
				<gx:TimeStamp><when>2020-01-09</when>
</gx:TimeStamp>
				<gx:ViewerOptions>
					<gx:option name="historicalimagery"></gx:option>
					<gx:option enabled="0" name="sunlight"></gx:option>
					<gx:option enabled="0" name="streetview"></gx:option>
				</gx:ViewerOptions>
				<longitude>-2.144630809684494</longitude>
				<latitude>5.462353925241664</latitude>
				<altitude>0</altitude>
				<heading>-0.05381589970762098</heading>
				<tilt>30.00503381323966</tilt>
				<range>1126.209117232566</range>
				<gx:altitudeMode>relativeToSeaFloor</gx:altitudeMode>
			</LookAt>
			<styleUrl>#m_ylw-pushpin</styleUrl>
			<Point>
				<gx:drawOrder>1</gx:drawOrder>
				<coordinates>-2.146253301816662,5.462635915672823,0</coordinates>
			</Point>
		</Placemark>
		<Placemark>
			<name>coc119</name>
			<LookAt>
				<gx:TimeStamp><when>2020-01-09</when>
</gx:TimeStamp>
				<gx:ViewerOptions>
					<gx:option name="historicalimagery"></gx:option>
					<gx:option enabled="0" name="sunlight"></gx:option>
					<gx:option enabled="0" name="streetview"></gx:option>
				</gx:ViewerOptions>
				<longitude>-2.144630809684494</longitude>
				<latitude>5.462353925241664</latitude>
				<altitude>0</altitude>
				<heading>-0.05381589970762098</heading>
				<tilt>30.00503381323966</tilt>
				<range>1126.209117232566</range>
				<gx:altitudeMode>relativeToSeaFloor</gx:altitudeMode>
			</LookAt>
			<styleUrl>#m_ylw-pushpin</styleUrl>
			<Point>
				<gx:drawOrder>1</gx:drawOrder>
				<coordinates>-2.14378538279361,5.462298358200774,0</coordinates>
			</Point>
		</Placemark>
		<Placemark>
			<name>coc120</name>
			<LookAt>
				<gx:TimeStamp><when>2020-01-09</when>
</gx:TimeStamp>
				<gx:ViewerOptions>
					<gx:option name="historicalimagery"></gx:option>
					<gx:option enabled="0" name="sunlight"></gx:option>
					<gx:option enabled="0" name="streetview"></gx:option>
				</gx:ViewerOptions>
				<longitude>-2.143071951040207</longitude>
				<latitude>5.458832331229879</latitude>
				<altitude>0</altitude>
				<heading>-0.05366768590669921</heading>
				<tilt>30.00504784133128</tilt>
				<range>1129.331893907186</range>
				<gx:altitudeMode>relativeToSeaFloor</gx:altitudeMode>
			</LookAt>
			<styleUrl>#m_ylw-pushpin</styleUrl>
			<Point>
				<gx:drawOrder>1</gx:drawOrder>
				<coordinates>-2.143933698318902,5.458801467933995,0</coordinates>
			</Point>
		</Placemark>
		<Placemark>
			<name>coc121</name>
			<LookAt>
				<gx:TimeStamp><when>2020-01-09</when>
</gx:TimeStamp>
				<gx:ViewerOptions>
					<gx:option name="historicalimagery"></gx:option>
					<gx:option enabled="0" name="sunlight"></gx:option>
					<gx:option enabled="0" name="streetview"></gx:option>
				</gx:ViewerOptions>
				<longitude>-2.145631194783534</longitude>
				<latitude>5.455694991635147</latitude>
				<altitude>0</altitude>
				<heading>-0.05430052373330164</heading>
				<tilt>29.81315131478745</tilt>
				<range>1217.417460034887</range>
				<gx:altitudeMode>relativeToSeaFloor</gx:altitudeMode>
			</LookAt>
			<styleUrl>#m_ylw-pushpin</styleUrl>
			<Point>
				<gx:drawOrder>1</gx:drawOrder>
				<coordinates>-2.147764946583623,5.454666333699743,0</coordinates>
			</Point>
		</Placemark>
		<Placemark>
			<name>coc122</name>
			<LookAt>
				<gx:TimeStamp><when>2020-01-09</when>
</gx:TimeStamp>
				<gx:ViewerOptions>
					<gx:option name="historicalimagery"></gx:option>
					<gx:option enabled="0" name="sunlight"></gx:option>
					<gx:option enabled="0" name="streetview"></gx:option>
				</gx:ViewerOptions>
				<longitude>-2.144257444885117</longitude>
				<latitude>5.455175674557492</latitude>
				<altitude>0</altitude>
				<heading>-0.05378138834491884</heading>
				<tilt>30.00298665929633</tilt>
				<range>664.9586229799115</range>
				<gx:altitudeMode>relativeToSeaFloor</gx:altitudeMode>
			</LookAt>
			<styleUrl>#m_ylw-pushpin</styleUrl>
			<Point>
				<gx:drawOrder>1</gx:drawOrder>
				<coordinates>-2.145464008360958,5.454369752151809,0</coordinates>
			</Point>
		</Placemark>
		<Placemark>
			<name>coc123</name>
			<LookAt>
				<gx:TimeStamp><when>2020-01-09</when>
</gx:TimeStamp>
				<gx:ViewerOptions>
					<gx:option name="historicalimagery"></gx:option>
					<gx:option enabled="0" name="sunlight"></gx:option>
					<gx:option enabled="0" name="streetview"></gx:option>
				</gx:ViewerOptions>
				<longitude>-2.144694987412796</longitude>
				<latitude>5.45143502040075</latitude>
				<altitude>0</altitude>
				<heading>-0.05382295366643888</heading>
				<tilt>30.00335933433248</tilt>
				<range>747.9490081356086</range>
				<gx:altitudeMode>relativeToSeaFloor</gx:altitudeMode>
			</LookAt>
			<styleUrl>#m_ylw-pushpin</styleUrl>
			<Point>
				<gx:drawOrder>1</gx:drawOrder>
				<coordinates>-2.146715075075552,5.451422149967615,0</coordinates>
			</Point>
		</Placemark>
		<Placemark>
			<name>coc124</name>
			<LookAt>
				<gx:TimeStamp><when>2020-01-09</when>
</gx:TimeStamp>
				<gx:ViewerOptions>
					<gx:option name="historicalimagery"></gx:option>
					<gx:option enabled="0" name="sunlight"></gx:option>
					<gx:option enabled="0" name="streetview"></gx:option>
				</gx:ViewerOptions>
				<longitude>-2.152215541356422</longitude>
				<latitude>5.453591353080268</latitude>
				<altitude>0</altitude>
				<heading>-0.06324977698969768</heading>
				<tilt>26.14482746776378</tilt>
				<range>719.2425503083568</range>
				<gx:altitudeMode>relativeToSeaFloor</gx:altitudeMode>
			</LookAt>
			<styleUrl>#m_ylw-pushpin</styleUrl>
			<Point>
				<gx:drawOrder>1</gx:drawOrder>
				<coordinates>-2.152971949151532,5.452807511344742,0</coordinates>
			</Point>
		</Placemark>
		<Placemark>
			<name>coc125</name>
			<LookAt>
				<gx:TimeStamp><when>2020-01-09</when>
</gx:TimeStamp>
				<gx:ViewerOptions>
					<gx:option name="historicalimagery"></gx:option>
					<gx:option enabled="0" name="sunlight"></gx:option>
					<gx:option enabled="0" name="streetview"></gx:option>
				</gx:ViewerOptions>
				<longitude>-2.151853671069327</longitude>
				<latitude>5.451118894569008</latitude>
				<altitude>0</altitude>
				<heading>-0.063215455536707</heading>
				<tilt>26.14488053970327</tilt>
				<range>732.6501528792193</range>
				<gx:altitudeMode>relativeToSeaFloor</gx:altitudeMode>
			</LookAt>
			<styleUrl>#m_ylw-pushpin</styleUrl>
			<Point>
				<gx:drawOrder>1</gx:drawOrder>
				<coordinates>-2.151827926182905,5.449416017888823,0</coordinates>
			</Point>
		</Placemark>
		<Placemark>
			<name>coc126</name>
			<LookAt>
				<gx:TimeStamp><when>2020-01-09</when>
</gx:TimeStamp>
				<gx:ViewerOptions>
					<gx:option name="historicalimagery"></gx:option>
					<gx:option enabled="0" name="sunlight"></gx:option>
					<gx:option enabled="0" name="streetview"></gx:option>
				</gx:ViewerOptions>
				<longitude>-2.151853671069327</longitude>
				<latitude>5.451118894569008</latitude>
				<altitude>0</altitude>
				<heading>-0.063215455536707</heading>
				<tilt>26.14488053970327</tilt>
				<range>732.6501528792193</range>
				<gx:altitudeMode>relativeToSeaFloor</gx:altitudeMode>
			</LookAt>
			<styleUrl>#m_ylw-pushpin</styleUrl>
			<Point>
				<gx:drawOrder>1</gx:drawOrder>
				<coordinates>-2.155015078970142,5.449768597197715,0</coordinates>
			</Point>
		</Placemark>
		<Placemark>
			<name>coc127</name>
			<LookAt>
				<gx:TimeStamp><when>2020-01-09</when>
</gx:TimeStamp>
				<gx:ViewerOptions>
					<gx:option name="historicalimagery"></gx:option>
					<gx:option enabled="0" name="sunlight"></gx:option>
					<gx:option enabled="0" name="streetview"></gx:option>
				</gx:ViewerOptions>
				<longitude>-2.157212490037967</longitude>
				<latitude>5.446727236327376</latitude>
				<altitude>0</altitude>
				<heading>-0.05484251672323693</heading>
				<tilt>30.00358291516329</tilt>
				<range>797.938264256829</range>
				<gx:altitudeMode>relativeToSeaFloor</gx:altitudeMode>
			</LookAt>
			<styleUrl>#m_ylw-pushpin</styleUrl>
			<Point>
				<gx:drawOrder>1</gx:drawOrder>
				<coordinates>-2.159172150121803,5.447853719916576,0</coordinates>
			</Point>
		</Placemark>
		<Placemark>
			<name>coc128</name>
			<LookAt>
				<gx:TimeStamp><when>2020-01-09</when>
</gx:TimeStamp>
				<gx:ViewerOptions>
					<gx:option name="historicalimagery"></gx:option>
					<gx:option enabled="0" name="sunlight"></gx:option>
					<gx:option enabled="0" name="streetview"></gx:option>
				</gx:ViewerOptions>
				<longitude>-2.157212490037967</longitude>
				<latitude>5.446727236327376</latitude>
				<altitude>0</altitude>
				<heading>-0.05484251672323693</heading>
				<tilt>30.00358291516329</tilt>
				<range>797.938264256829</range>
				<gx:altitudeMode>relativeToSeaFloor</gx:altitudeMode>
			</LookAt>
			<styleUrl>#m_ylw-pushpin</styleUrl>
			<Point>
				<gx:drawOrder>1</gx:drawOrder>
				<coordinates>-2.158645949377436,5.445481641610468,0</coordinates>
			</Point>
		</Placemark>
		<Placemark>
			<name>coc129</name>
			<LookAt>
				<gx:TimeStamp><when>2020-01-09</when>
</gx:TimeStamp>
				<gx:ViewerOptions>
					<gx:option name="historicalimagery"></gx:option>
					<gx:option enabled="0" name="sunlight"></gx:option>
					<gx:option enabled="0" name="streetview"></gx:option>
				</gx:ViewerOptions>
				<longitude>-2.157212490037967</longitude>
				<latitude>5.446727236327376</latitude>
				<altitude>0</altitude>
				<heading>-0.05484251672323693</heading>
				<tilt>30.00358291516329</tilt>
				<range>797.938264256829</range>
				<gx:altitudeMode>relativeToSeaFloor</gx:altitudeMode>
			</LookAt>
			<styleUrl>#m_ylw-pushpin</styleUrl>
			<Point>
				<gx:drawOrder>1</gx:drawOrder>
				<coordinates>-2.158938751726573,5.444691074102997,0</coordinates>
			</Point>
		</Placemark>
		<Placemark>
			<name>coc130</name>
			<LookAt>
				<gx:TimeStamp><when>2020-01-09</when>
</gx:TimeStamp>
				<gx:ViewerOptions>
					<gx:option name="historicalimagery"></gx:option>
					<gx:option enabled="0" name="sunlight"></gx:option>
					<gx:option enabled="0" name="streetview"></gx:option>
				</gx:ViewerOptions>
				<longitude>-2.161279584874161</longitude>
				<latitude>5.44442017645162</latitude>
				<altitude>0</altitude>
				<heading>-0.05653129048681334</heading>
				<tilt>29.39197058041901</tilt>
				<range>890.53906378659</range>
				<gx:altitudeMode>relativeToSeaFloor</gx:altitudeMode>
			</LookAt>
			<styleUrl>#m_ylw-pushpin</styleUrl>
			<Point>
				<gx:drawOrder>1</gx:drawOrder>
				<coordinates>-2.163570490761123,5.444122930432699,0</coordinates>
			</Point>
		</Placemark>
		<Placemark>
			<name>coc131</name>
			<LookAt>
				<gx:TimeStamp><when>2020-01-09</when>
</gx:TimeStamp>
				<gx:ViewerOptions>
					<gx:option name="historicalimagery"></gx:option>
					<gx:option enabled="0" name="sunlight"></gx:option>
					<gx:option enabled="0" name="streetview"></gx:option>
				</gx:ViewerOptions>
				<longitude>-2.161277336576263</longitude>
				<latitude>5.443522659741969</latitude>
				<altitude>0</altitude>
				<heading>-0.05653105363518884</heading>
				<tilt>29.39197700986401</tilt>
				<range>891.9973707136757</range>
				<gx:altitudeMode>relativeToSeaFloor</gx:altitudeMode>
			</LookAt>
			<styleUrl>#m_ylw-pushpin</styleUrl>
			<Point>
				<gx:drawOrder>1</gx:drawOrder>
				<coordinates>-2.161324523725011,5.442109995869934,0</coordinates>
			</Point>
		</Placemark>
		<Placemark>
			<name>coc132</name>
			<LookAt>
				<gx:TimeStamp><when>2020-01-09</when>
</gx:TimeStamp>
				<gx:ViewerOptions>
					<gx:option name="historicalimagery"></gx:option>
					<gx:option enabled="0" name="sunlight"></gx:option>
					<gx:option enabled="0" name="streetview"></gx:option>
				</gx:ViewerOptions>
				<longitude>-2.161229236653788</longitude>
				<latitude>5.442239170929243</latitude>
				<altitude>0</altitude>
				<heading>-0.05652646786968448</heading>
				<tilt>29.39200215717532</tilt>
				<range>897.701368351767</range>
				<gx:altitudeMode>relativeToSeaFloor</gx:altitudeMode>
			</LookAt>
			<styleUrl>#m_ylw-pushpin</styleUrl>
			<Point>
				<gx:drawOrder>1</gx:drawOrder>
				<coordinates>-2.161720373469125,5.440995839945336,0</coordinates>
			</Point>
		</Placemark>
		<Placemark>
			<name>coc133</name>
			<LookAt>
				<gx:TimeStamp><when>2020-01-09</when>
</gx:TimeStamp>
				<gx:ViewerOptions>
					<gx:option name="historicalimagery"></gx:option>
					<gx:option enabled="0" name="sunlight"></gx:option>
					<gx:option enabled="0" name="streetview"></gx:option>
				</gx:ViewerOptions>
				<longitude>-2.15962331577412</longitude>
				<latitude>5.441325471099771</latitude>
				<altitude>0</altitude>
				<heading>-0.05637417380074917</heading>
				<tilt>29.39202667960629</tilt>
				<range>903.2636332652187</range>
				<gx:altitudeMode>relativeToSeaFloor</gx:altitudeMode>
			</LookAt>
			<styleUrl>#m_ylw-pushpin</styleUrl>
			<Point>
				<gx:drawOrder>1</gx:drawOrder>
				<coordinates>-2.159602196442357,5.442373353166019,0</coordinates>
			</Point>
		</Placemark>
		<Placemark>
			<name>coc134</name>
			<LookAt>
				<gx:TimeStamp><when>2020-01-09</when>
</gx:TimeStamp>
				<gx:ViewerOptions>
					<gx:option name="historicalimagery"></gx:option>
					<gx:option enabled="0" name="sunlight"></gx:option>
					<gx:option enabled="0" name="streetview"></gx:option>
				</gx:ViewerOptions>
				<longitude>-2.155640332963632</longitude>
				<latitude>5.445787306810779</latitude>
				<altitude>0</altitude>
				<heading>-0.05599651307287502</heading>
				<tilt>29.39274444764294</tilt>
				<range>1066.117631927045</range>
				<gx:altitudeMode>relativeToSeaFloor</gx:altitudeMode>
			</LookAt>
			<styleUrl>#m_ylw-pushpin</styleUrl>
			<Point>
				<gx:drawOrder>1</gx:drawOrder>
				<coordinates>-2.155862564336876,5.443566289814711,0</coordinates>
			</Point>
		</Placemark>
		<Placemark>
			<name>coc135</name>
			<LookAt>
				<gx:TimeStamp><when>2020-01-09</when>
</gx:TimeStamp>
				<gx:ViewerOptions>
					<gx:option name="historicalimagery"></gx:option>
					<gx:option enabled="0" name="sunlight"></gx:option>
					<gx:option enabled="0" name="streetview"></gx:option>
				</gx:ViewerOptions>
				<longitude>-2.152378458187968</longitude>
				<latitude>5.445013874410483</latitude>
				<altitude>0</altitude>
				<heading>-0.05440260041144546</heading>
				<tilt>30.00295436976661</tilt>
				<range>657.7483712088883</range>
				<gx:altitudeMode>relativeToSeaFloor</gx:altitudeMode>
			</LookAt>
			<styleUrl>#m_ylw-pushpin</styleUrl>
			<Point>
				<gx:drawOrder>1</gx:drawOrder>
				<coordinates>-2.152375401787815,5.445918542497324,0</coordinates>
			</Point>
		</Placemark>
		<Placemark>
			<name>coc136</name>
			<LookAt>
				<gx:TimeStamp><when>2020-01-09</when>
</gx:TimeStamp>
				<gx:ViewerOptions>
					<gx:option name="historicalimagery"></gx:option>
					<gx:option enabled="0" name="sunlight"></gx:option>
					<gx:option enabled="0" name="streetview"></gx:option>
				</gx:ViewerOptions>
				<longitude>-2.14821505410152</longitude>
				<latitude>5.4481880184407</latitude>
				<altitude>0</altitude>
				<heading>-0.05400748596630955</heading>
				<tilt>30.00298424378013</tilt>
				<range>664.3989484793249</range>
				<gx:altitudeMode>relativeToSeaFloor</gx:altitudeMode>
			</LookAt>
			<styleUrl>#m_ylw-pushpin</styleUrl>
			<Point>
				<gx:drawOrder>1</gx:drawOrder>
				<coordinates>-2.148947995010855,5.447199220577081,0</coordinates>
			</Point>
		</Placemark>
		<Placemark>
			<name>coc137</name>
			<LookAt>
				<gx:TimeStamp><when>2020-01-09</when>
</gx:TimeStamp>
				<gx:ViewerOptions>
					<gx:option name="historicalimagery"></gx:option>
					<gx:option enabled="0" name="sunlight"></gx:option>
					<gx:option enabled="0" name="streetview"></gx:option>
				</gx:ViewerOptions>
				<longitude>-2.14821505410152</longitude>
				<latitude>5.4481880184407</latitude>
				<altitude>0</altitude>
				<heading>-0.05400748596630955</heading>
				<tilt>30.00298424378013</tilt>
				<range>664.3989484793249</range>
				<gx:altitudeMode>relativeToSeaFloor</gx:altitudeMode>
			</LookAt>
			<styleUrl>#m_ylw-pushpin</styleUrl>
			<Point>
				<gx:drawOrder>1</gx:drawOrder>
				<coordinates>-2.147210301597573,5.447819767787301,0</coordinates>
			</Point>
		</Placemark>
		<Placemark>
			<name>coc138</name>
			<LookAt>
				<gx:TimeStamp><when>2020-12-31</when>
</gx:TimeStamp>
				<gx:ViewerOptions>
					<gx:option name="historicalimagery"></gx:option>
					<gx:option enabled="0" name="sunlight"></gx:option>
					<gx:option enabled="0" name="streetview"></gx:option>
				</gx:ViewerOptions>
				<longitude>-2.124528760145724</longitude>
				<latitude>5.297103418892383</latitude>
				<altitude>0</altitude>
				<heading>-0.06483947589288569</heading>
				<tilt>30.00255632447888</tilt>
				<range>569.2943347122119</range>
				<gx:altitudeMode>relativeToSeaFloor</gx:altitudeMode>
			</LookAt>
			<styleUrl>#m_ylw-pushpin</styleUrl>
			<Point>
				<gx:drawOrder>1</gx:drawOrder>
				<coordinates>-2.125024668422507,5.296255071853543,0</coordinates>
			</Point>
		</Placemark>
		<Placemark>
			<name>coc139</name>
			<LookAt>
				<gx:TimeStamp><when>2020-12-31</when>
</gx:TimeStamp>
				<gx:ViewerOptions>
					<gx:option name="historicalimagery"></gx:option>
					<gx:option enabled="0" name="sunlight"></gx:option>
					<gx:option enabled="0" name="streetview"></gx:option>
				</gx:ViewerOptions>
				<longitude>-2.124655204280277</longitude>
				<latitude>5.297375676545986</latitude>
				<altitude>0</altitude>
				<heading>-0.07496175818643346</heading>
				<tilt>27.80688504723068</tilt>
				<range>420.8383456541628</range>
				<gx:altitudeMode>relativeToSeaFloor</gx:altitudeMode>
			</LookAt>
			<styleUrl>#m_ylw-pushpin</styleUrl>
			<Point>
				<gx:drawOrder>1</gx:drawOrder>
				<coordinates>-2.125527841607266,5.298241858522485,0</coordinates>
			</Point>
		</Placemark>
		<Placemark>
			<name>coc140</name>
			<LookAt>
				<gx:TimeStamp><when>2020-12-31</when>
</gx:TimeStamp>
				<gx:ViewerOptions>
					<gx:option name="historicalimagery"></gx:option>
					<gx:option enabled="0" name="sunlight"></gx:option>
					<gx:option enabled="0" name="streetview"></gx:option>
				</gx:ViewerOptions>
				<longitude>-2.12766109391023</longitude>
				<latitude>5.299191835555074</latitude>
				<altitude>0</altitude>
				<heading>-0.07523930774743294</heading>
				<tilt>27.80687002019676</tilt>
				<range>417.2524407062466</range>
				<gx:altitudeMode>relativeToSeaFloor</gx:altitudeMode>
			</LookAt>
			<styleUrl>#m_ylw-pushpin</styleUrl>
			<Point>
				<gx:drawOrder>1</gx:drawOrder>
				<coordinates>-2.127796661059427,5.298790090404532,0</coordinates>
			</Point>
		</Placemark>
		<Placemark>
			<name>coc141</name>
			<LookAt>
				<gx:TimeStamp><when>2025-01-07</when>
</gx:TimeStamp>
				<gx:ViewerOptions>
					<gx:option name="historicalimagery"></gx:option>
					<gx:option enabled="0" name="sunlight"></gx:option>
					<gx:option enabled="0" name="streetview"></gx:option>
				</gx:ViewerOptions>
				<longitude>-1.334287931514228</longitude>
				<latitude>6.848489527478544</latitude>
				<altitude>0</altitude>
				<heading>0.03694626454487107</heading>
				<tilt>27.48050978799257</tilt>
				<range>501.6495477623275</range>
				<gx:altitudeMode>relativeToSeaFloor</gx:altitudeMode>
			</LookAt>
			<styleUrl>#m_ylw-pushpin</styleUrl>
			<Point>
				<gx:drawOrder>1</gx:drawOrder>
				<coordinates>-1.334719348282277,6.848381628202138,0</coordinates>
			</Point>
		</Placemark>
		<Placemark>
			<name>coc142</name>
			<LookAt>
				<gx:TimeStamp><when>2025-01-07</when>
</gx:TimeStamp>
				<gx:ViewerOptions>
					<gx:option name="historicalimagery"></gx:option>
					<gx:option enabled="0" name="sunlight"></gx:option>
					<gx:option enabled="0" name="streetview"></gx:option>
				</gx:ViewerOptions>
				<longitude>-1.335519180226943</longitude>
				<latitude>6.848824884093071</latitude>
				<altitude>0</altitude>
				<heading>0.02945064482637796</heading>
				<tilt>26.1960382519316</tilt>
				<range>252.6206377705396</range>
				<gx:altitudeMode>relativeToSeaFloor</gx:altitudeMode>
			</LookAt>
			<styleUrl>#m_ylw-pushpin</styleUrl>
			<Point>
				<gx:drawOrder>1</gx:drawOrder>
				<coordinates>-1.336419339935975,6.849439783594206,0</coordinates>
			</Point>
		</Placemark>
		<Placemark>
			<name>coc143</name>
			<LookAt>
				<gx:TimeStamp><when>2025-01-07</when>
</gx:TimeStamp>
				<gx:ViewerOptions>
					<gx:option name="historicalimagery"></gx:option>
					<gx:option enabled="0" name="sunlight"></gx:option>
					<gx:option enabled="0" name="streetview"></gx:option>
				</gx:ViewerOptions>
				<longitude>-1.320999162005987</longitude>
				<latitude>6.846914767560689</latitude>
				<altitude>0</altitude>
				<heading>0.04969277480451621</heading>
				<tilt>29.68426830016542</tilt>
				<range>364.9004822261986</range>
				<gx:altitudeMode>relativeToSeaFloor</gx:altitudeMode>
			</LookAt>
			<styleUrl>#m_ylw-pushpin</styleUrl>
			<Point>
				<gx:drawOrder>1</gx:drawOrder>
				<coordinates>-1.321340692084635,6.846791485218332,0</coordinates>
			</Point>
		</Placemark>
		<Placemark>
			<name>coc144</name>
			<LookAt>
				<gx:TimeStamp><when>2025-01-07</when>
</gx:TimeStamp>
				<gx:ViewerOptions>
					<gx:option name="historicalimagery"></gx:option>
					<gx:option enabled="0" name="sunlight"></gx:option>
					<gx:option enabled="0" name="streetview"></gx:option>
				</gx:ViewerOptions>
				<longitude>-1.320523811659172</longitude>
				<latitude>6.845491665990137</latitude>
				<altitude>0</altitude>
				<heading>0.04513835250563823</heading>
				<tilt>28.74919743351028</tilt>
				<range>401.4065429243876</range>
				<gx:altitudeMode>relativeToSeaFloor</gx:altitudeMode>
			</LookAt>
			<styleUrl>#m_ylw-pushpin</styleUrl>
			<Point>
				<gx:drawOrder>1</gx:drawOrder>
				<coordinates>-1.321196113618116,6.844560950957797,0</coordinates>
			</Point>
		</Placemark>
		<Placemark>
			<name>coc145</name>
			<LookAt>
				<gx:TimeStamp><when>2025-01-07</when>
</gx:TimeStamp>
				<gx:ViewerOptions>
					<gx:option name="historicalimagery"></gx:option>
					<gx:option enabled="0" name="sunlight"></gx:option>
					<gx:option enabled="0" name="streetview"></gx:option>
				</gx:ViewerOptions>
				<longitude>-1.329362750307556</longitude>
				<latitude>6.842103061643877</latitude>
				<altitude>0</altitude>
				<heading>0.04408612619377997</heading>
				<tilt>28.74930707906059</tilt>
				<range>426.7844228147984</range>
				<gx:altitudeMode>relativeToSeaFloor</gx:altitudeMode>
			</LookAt>
			<styleUrl>#m_ylw-pushpin</styleUrl>
			<Point>
				<gx:drawOrder>1</gx:drawOrder>
				<coordinates>-1.330690013075267,6.842028469708256,0</coordinates>
			</Point>
		</Placemark>
		<Placemark>
			<name>coc146</name>
			<LookAt>
				<gx:TimeStamp><when>2025-01-07</when>
</gx:TimeStamp>
				<gx:ViewerOptions>
					<gx:option name="historicalimagery"></gx:option>
					<gx:option enabled="0" name="sunlight"></gx:option>
					<gx:option enabled="0" name="streetview"></gx:option>
				</gx:ViewerOptions>
				<longitude>-1.329284237803378</longitude>
				<latitude>6.841636227665166</latitude>
				<altitude>0</altitude>
				<heading>0.04409548171965628</heading>
				<tilt>28.74930436792741</tilt>
				<range>426.1569322328048</range>
				<gx:altitudeMode>relativeToSeaFloor</gx:altitudeMode>
			</LookAt>
			<styleUrl>#m_ylw-pushpin</styleUrl>
			<Point>
				<gx:drawOrder>1</gx:drawOrder>
				<coordinates>-1.329346114474724,6.841518200951464,0</coordinates>
			</Point>
		</Placemark>
		<Placemark>
			<name>coc147</name>
			<LookAt>
				<gx:TimeStamp><when>2025-01-07</when>
</gx:TimeStamp>
				<gx:ViewerOptions>
					<gx:option name="historicalimagery"></gx:option>
					<gx:option enabled="0" name="sunlight"></gx:option>
					<gx:option enabled="0" name="streetview"></gx:option>
				</gx:ViewerOptions>
				<longitude>-1.3300095392247</longitude>
				<latitude>6.841454578880177</latitude>
				<altitude>0</altitude>
				<heading>0.04400909146603541</heading>
				<tilt>28.74930566346301</tilt>
				<range>426.4568250051312</range>
				<gx:altitudeMode>relativeToSeaFloor</gx:altitudeMode>
			</LookAt>
			<styleUrl>#m_ylw-pushpin</styleUrl>
			<Point>
				<gx:drawOrder>1</gx:drawOrder>
				<coordinates>-1.330856476797024,6.841240562280501,0</coordinates>
			</Point>
		</Placemark>
		<Placemark>
			<name>coc148</name>
			<LookAt>
				<gx:TimeStamp><when>2025-01-07</when>
</gx:TimeStamp>
				<gx:ViewerOptions>
					<gx:option name="historicalimagery"></gx:option>
					<gx:option enabled="0" name="sunlight"></gx:option>
					<gx:option enabled="0" name="streetview"></gx:option>
				</gx:ViewerOptions>
				<longitude>-1.330443474009555</longitude>
				<latitude>6.842635229785508</latitude>
				<altitude>0</altitude>
				<heading>0.04395736002769083</heading>
				<tilt>28.7492952824126</tilt>
				<range>424.0540749337376</range>
				<gx:altitudeMode>relativeToSeaFloor</gx:altitudeMode>
			</LookAt>
			<styleUrl>#m_ylw-pushpin</styleUrl>
			<Point>
				<gx:drawOrder>1</gx:drawOrder>
				<coordinates>-1.329310045782941,6.842399099846018,0</coordinates>
			</Point>
		</Placemark>
		<Placemark>
			<name>coc149</name>
			<LookAt>
				<gx:TimeStamp><when>2025-01-07</when>
</gx:TimeStamp>
				<gx:ViewerOptions>
					<gx:option name="historicalimagery"></gx:option>
					<gx:option enabled="0" name="sunlight"></gx:option>
					<gx:option enabled="0" name="streetview"></gx:option>
				</gx:ViewerOptions>
				<longitude>-1.330443474009555</longitude>
				<latitude>6.842635229785508</latitude>
				<altitude>0</altitude>
				<heading>0.04395736002769083</heading>
				<tilt>28.7492952824126</tilt>
				<range>424.0540749337376</range>
				<gx:altitudeMode>relativeToSeaFloor</gx:altitudeMode>
			</LookAt>
			<styleUrl>#m_ylw-pushpin</styleUrl>
			<Point>
				<gx:drawOrder>1</gx:drawOrder>
				<coordinates>-1.328977326830302,6.842974129585188,0</coordinates>
			</Point>
		</Placemark>
		<Placemark>
			<name>coc150</name>
			<LookAt>
				<gx:TimeStamp><when>2025-01-07</when>
</gx:TimeStamp>
				<gx:ViewerOptions>
					<gx:option name="historicalimagery"></gx:option>
					<gx:option enabled="0" name="sunlight"></gx:option>
					<gx:option enabled="0" name="streetview"></gx:option>
				</gx:ViewerOptions>
				<longitude>-1.329742146758431</longitude>
				<latitude>6.840841828521847</latitude>
				<altitude>0</altitude>
				<heading>0.04404092958529592</heading>
				<tilt>28.749283085179</tilt>
				<range>421.2309933010749</range>
				<gx:altitudeMode>relativeToSeaFloor</gx:altitudeMode>
			</LookAt>
			<styleUrl>#m_ylw-pushpin</styleUrl>
			<Point>
				<gx:drawOrder>1</gx:drawOrder>
				<coordinates>-1.329868304059687,6.841133459520755,0</coordinates>
			</Point>
		</Placemark>
		<Placemark>
			<name>coc151</name>
			<LookAt>
				<gx:TimeStamp><when>2025-01-07</when>
</gx:TimeStamp>
				<gx:ViewerOptions>
					<gx:option name="historicalimagery"></gx:option>
					<gx:option enabled="0" name="sunlight"></gx:option>
					<gx:option enabled="0" name="streetview"></gx:option>
				</gx:ViewerOptions>
				<longitude>-1.331323550419993</longitude>
				<latitude>6.841076584867246</latitude>
				<altitude>0</altitude>
				<heading>0.04385256407384984</heading>
				<tilt>28.7492840595313</tilt>
				<range>421.4565290569429</range>
				<gx:altitudeMode>relativeToSeaFloor</gx:altitudeMode>
			</LookAt>
			<styleUrl>#m_ylw-pushpin</styleUrl>
			<Point>
				<gx:drawOrder>1</gx:drawOrder>
				<coordinates>-1.331668992398145,6.841676905408683,0</coordinates>
			</Point>
		</Placemark>
		<Placemark>
			<name>coc152</name>
			<LookAt>
				<gx:TimeStamp><when>2025-01-07</when>
</gx:TimeStamp>
				<gx:ViewerOptions>
					<gx:option name="historicalimagery"></gx:option>
					<gx:option enabled="0" name="sunlight"></gx:option>
					<gx:option enabled="0" name="streetview"></gx:option>
				</gx:ViewerOptions>
				<longitude>-1.331926662902818</longitude>
				<latitude>6.842847469955497</latitude>
				<altitude>0</altitude>
				<heading>0.04378072095370976</heading>
				<tilt>28.74928249551949</tilt>
				<range>421.0945211073217</range>
				<gx:altitudeMode>relativeToSeaFloor</gx:altitudeMode>
			</LookAt>
			<styleUrl>#m_ylw-pushpin</styleUrl>
			<Point>
				<gx:drawOrder>1</gx:drawOrder>
				<coordinates>-1.333325049502214,6.843597796151196,0</coordinates>
			</Point>
		</Placemark>
		<Placemark>
			<name>coc153</name>
			<LookAt>
				<gx:TimeStamp><when>2025-01-07</when>
</gx:TimeStamp>
				<gx:ViewerOptions>
					<gx:option name="historicalimagery"></gx:option>
					<gx:option enabled="0" name="sunlight"></gx:option>
					<gx:option enabled="0" name="streetview"></gx:option>
				</gx:ViewerOptions>
				<longitude>-1.331750588506305</longitude>
				<latitude>6.840799939782406</latitude>
				<altitude>0</altitude>
				<heading>0.04380169271843409</heading>
				<tilt>28.74926727432089</tilt>
				<range>417.5715355306829</range>
				<gx:altitudeMode>relativeToSeaFloor</gx:altitudeMode>
			</LookAt>
			<styleUrl>#m_ylw-pushpin</styleUrl>
			<Point>
				<gx:drawOrder>1</gx:drawOrder>
				<coordinates>-1.333275051204182,6.842035827248305,0</coordinates>
			</Point>
		</Placemark>
		<Placemark>
			<name>coc154</name>
			<LookAt>
				<gx:TimeStamp><when>2025-01-07</when>
</gx:TimeStamp>
				<gx:ViewerOptions>
					<gx:option name="historicalimagery"></gx:option>
					<gx:option enabled="0" name="sunlight"></gx:option>
					<gx:option enabled="0" name="streetview"></gx:option>
				</gx:ViewerOptions>
				<longitude>-1.326309155910746</longitude>
				<latitude>6.845153267848486</latitude>
				<altitude>0</altitude>
				<heading>0.04444989292696251</heading>
				<tilt>28.74926771517132</tilt>
				<range>417.6736040637817</range>
				<gx:altitudeMode>relativeToSeaFloor</gx:altitudeMode>
			</LookAt>
			<styleUrl>#m_ylw-pushpin</styleUrl>
			<Point>
				<gx:drawOrder>1</gx:drawOrder>
				<coordinates>-1.326597552139593,6.845057981206998,0</coordinates>
			</Point>
		</Placemark>
		<Placemark>
			<name>coc155</name>
			<LookAt>
				<gx:TimeStamp><when>2025-01-07</when>
</gx:TimeStamp>
				<gx:ViewerOptions>
					<gx:option name="historicalimagery"></gx:option>
					<gx:option enabled="0" name="sunlight"></gx:option>
					<gx:option enabled="0" name="streetview"></gx:option>
				</gx:ViewerOptions>
				<longitude>-1.320925538825335</longitude>
				<latitude>6.84615643893663</latitude>
				<altitude>0</altitude>
				<heading>0.05127798243750651</heading>
				<tilt>30.00164270647702</tilt>
				<range>365.712401756487</range>
				<gx:altitudeMode>relativeToSeaFloor</gx:altitudeMode>
			</LookAt>
			<styleUrl>#m_ylw-pushpin</styleUrl>
			<Point>
				<gx:drawOrder>1</gx:drawOrder>
				<coordinates>-1.321612072561446,6.846420395019546,0</coordinates>
			</Point>
		</Placemark>
		<Placemark>
			<name>coc156</name>
			<LookAt>
				<gx:TimeStamp><when>2025-01-07</when>
</gx:TimeStamp>
				<gx:ViewerOptions>
					<gx:option name="historicalimagery"></gx:option>
					<gx:option enabled="0" name="sunlight"></gx:option>
					<gx:option enabled="0" name="streetview"></gx:option>
				</gx:ViewerOptions>
				<longitude>-1.47656964533474</longitude>
				<latitude>7.162085817256965</latitude>
				<altitude>0</altitude>
				<heading>0.006149137480477203</heading>
				<tilt>26.46825930633643</tilt>
				<range>553.6877023128554</range>
				<gx:altitudeMode>relativeToSeaFloor</gx:altitudeMode>
			</LookAt>
			<styleUrl>#m_ylw-pushpin</styleUrl>
			<Point>
				<gx:drawOrder>1</gx:drawOrder>
				<coordinates>-1.475138432126892,7.161864154322457,0</coordinates>
			</Point>
		</Placemark>
		<Placemark>
			<name>coc157</name>
			<LookAt>
				<gx:TimeStamp><when>2025-01-07</when>
</gx:TimeStamp>
				<gx:ViewerOptions>
					<gx:option name="historicalimagery"></gx:option>
					<gx:option enabled="0" name="sunlight"></gx:option>
					<gx:option enabled="0" name="streetview"></gx:option>
				</gx:ViewerOptions>
				<longitude>-1.476692622888141</longitude>
				<latitude>7.161201426878524</latitude>
				<altitude>0</altitude>
				<heading>0.006133795612407468</heading>
				<tilt>26.46824971469404</tilt>
				<range>551.2919416361858</range>
				<gx:altitudeMode>relativeToSeaFloor</gx:altitudeMode>
			</LookAt>
			<styleUrl>#m_ylw-pushpin</styleUrl>
			<Point>
				<gx:drawOrder>1</gx:drawOrder>
				<coordinates>-1.478518475622935,7.160664095697957,0</coordinates>
			</Point>
		</Placemark>
		<Placemark>
			<name>coc158</name>
			<LookAt>
				<gx:TimeStamp><when>2025-01-07</when>
</gx:TimeStamp>
				<gx:ViewerOptions>
					<gx:option name="historicalimagery"></gx:option>
					<gx:option enabled="0" name="sunlight"></gx:option>
					<gx:option enabled="0" name="streetview"></gx:option>
				</gx:ViewerOptions>
				<longitude>-1.475652012699632</longitude>
				<latitude>7.158718229612076</latitude>
				<altitude>0</altitude>
				<heading>0.006263471879362362</heading>
				<tilt>26.46818717284683</tilt>
				<range>535.6703509089103</range>
				<gx:altitudeMode>relativeToSeaFloor</gx:altitudeMode>
			</LookAt>
			<styleUrl>#m_ylw-pushpin</styleUrl>
			<Point>
				<gx:drawOrder>1</gx:drawOrder>
				<coordinates>-1.47489988622601,7.158722826206329,0</coordinates>
			</Point>
		</Placemark>
		<Placemark>
			<name>coc159</name>
			<LookAt>
				<gx:TimeStamp><when>2025-01-07</when>
</gx:TimeStamp>
				<gx:ViewerOptions>
					<gx:option name="historicalimagery"></gx:option>
					<gx:option enabled="0" name="sunlight"></gx:option>
					<gx:option enabled="0" name="streetview"></gx:option>
				</gx:ViewerOptions>
				<longitude>-1.475652012699632</longitude>
				<latitude>7.158718229612076</latitude>
				<altitude>0</altitude>
				<heading>0.006263471879362362</heading>
				<tilt>26.46818717284683</tilt>
				<range>535.6703509089103</range>
				<gx:altitudeMode>relativeToSeaFloor</gx:altitudeMode>
			</LookAt>
			<styleUrl>#m_ylw-pushpin</styleUrl>
			<Point>
				<gx:drawOrder>1</gx:drawOrder>
				<coordinates>-1.473681577457501,7.15810168437894,0</coordinates>
			</Point>
		</Placemark>
		<Placemark>
			<name>coc160</name>
			<LookAt>
				<gx:TimeStamp><when>2025-01-07</when>
</gx:TimeStamp>
				<gx:ViewerOptions>
					<gx:option name="historicalimagery"></gx:option>
					<gx:option enabled="0" name="sunlight"></gx:option>
					<gx:option enabled="0" name="streetview"></gx:option>
				</gx:ViewerOptions>
				<longitude>-1.475652012699632</longitude>
				<latitude>7.158718229612076</latitude>
				<altitude>0</altitude>
				<heading>0.006263471879362362</heading>
				<tilt>26.46818717284683</tilt>
				<range>535.6703509089103</range>
				<gx:altitudeMode>relativeToSeaFloor</gx:altitudeMode>
			</LookAt>
			<styleUrl>#m_ylw-pushpin</styleUrl>
			<Point>
				<gx:drawOrder>1</gx:drawOrder>
				<coordinates>-1.476879238684367,7.159030798429142,0</coordinates>
			</Point>
		</Placemark>
		<Placemark>
			<name>coc161</name>
			<LookAt>
				<gx:TimeStamp><when>2025-01-07</when>
</gx:TimeStamp>
				<gx:ViewerOptions>
					<gx:option name="historicalimagery"></gx:option>
					<gx:option enabled="0" name="sunlight"></gx:option>
					<gx:option enabled="0" name="streetview"></gx:option>
				</gx:ViewerOptions>
				<longitude>-1.474841624404662</longitude>
				<latitude>7.160879503818679</latitude>
				<altitude>0</altitude>
				<heading>0.006364439665007527</heading>
				<tilt>26.46823038109563</tilt>
				<range>546.4627769001484</range>
				<gx:altitudeMode>relativeToSeaFloor</gx:altitudeMode>
			</LookAt>
			<styleUrl>#m_ylw-pushpin</styleUrl>
			<Point>
				<gx:drawOrder>1</gx:drawOrder>
				<coordinates>-1.474472481852867,7.162233411308993,0</coordinates>
			</Point>
		</Placemark>
		<Placemark>
			<name>coc162</name>
			<LookAt>
				<gx:TimeStamp><when>2025-01-07</when>
</gx:TimeStamp>
				<gx:ViewerOptions>
					<gx:option name="historicalimagery"></gx:option>
					<gx:option enabled="0" name="sunlight"></gx:option>
					<gx:option enabled="0" name="streetview"></gx:option>
				</gx:ViewerOptions>
				<longitude>-1.475236644044241</longitude>
				<latitude>7.161323201992475</latitude>
				<altitude>0</altitude>
				<heading>0.006315195788926967</heading>
				<tilt>26.46823479626055</tilt>
				<range>547.565576863052</range>
				<gx:altitudeMode>relativeToSeaFloor</gx:altitudeMode>
			</LookAt>
			<styleUrl>#m_ylw-pushpin</styleUrl>
			<Point>
				<gx:drawOrder>1</gx:drawOrder>
				<coordinates>-1.476111277562782,7.16236959825185,0</coordinates>
			</Point>
		</Placemark>
		<Placemark>
			<name>coc163</name>
			<LookAt>
				<gx:TimeStamp><when>2025-01-07</when>
</gx:TimeStamp>
				<gx:ViewerOptions>
					<gx:option name="historicalimagery"></gx:option>
					<gx:option enabled="0" name="sunlight"></gx:option>
					<gx:option enabled="0" name="streetview"></gx:option>
				</gx:ViewerOptions>
				<longitude>-1.468812931235272</longitude>
				<latitude>7.162516767817174</latitude>
				<altitude>0</altitude>
				<heading>0.007116215889583442</heading>
				<tilt>26.46910645586215</tilt>
				<range>765.3555958331871</range>
				<gx:altitudeMode>relativeToSeaFloor</gx:altitudeMode>
			</LookAt>
			<styleUrl>#m_ylw-pushpin</styleUrl>
			<Point>
				<gx:drawOrder>1</gx:drawOrder>
				<coordinates>-1.470588720242774,7.162184281029372,0</coordinates>
			</Point>
		</Placemark>
		<Placemark>
			<name>coc164</name>
			<LookAt>
				<gx:TimeStamp><when>2025-01-07</when>
</gx:TimeStamp>
				<gx:ViewerOptions>
					<gx:option name="historicalimagery"></gx:option>
					<gx:option enabled="0" name="sunlight"></gx:option>
					<gx:option enabled="0" name="streetview"></gx:option>
				</gx:ViewerOptions>
				<longitude>-1.460947483322942</longitude>
				<latitude>7.155971808089742</latitude>
				<altitude>0</altitude>
				<heading>0.008096525219407298</heading>
				<tilt>26.46900612337127</tilt>
				<range>740.2954705884765</range>
				<gx:altitudeMode>relativeToSeaFloor</gx:altitudeMode>
			</LookAt>
			<styleUrl>#m_ylw-pushpin</styleUrl>
			<Point>
				<gx:drawOrder>1</gx:drawOrder>
				<coordinates>-1.462484559321423,7.157422859977685,0</coordinates>
			</Point>
		</Placemark>
		<Placemark>
			<name>coc165</name>
			<LookAt>
				<gx:TimeStamp><when>2025-01-07</when>
</gx:TimeStamp>
				<gx:ViewerOptions>
					<gx:option name="historicalimagery"></gx:option>
					<gx:option enabled="0" name="sunlight"></gx:option>
					<gx:option enabled="0" name="streetview"></gx:option>
				</gx:ViewerOptions>
				<longitude>-1.460947483322942</longitude>
				<latitude>7.155971808089742</latitude>
				<altitude>0</altitude>
				<heading>0.008096525219407298</heading>
				<tilt>26.46900612337127</tilt>
				<range>740.2954705884765</range>
				<gx:altitudeMode>relativeToSeaFloor</gx:altitudeMode>
			</LookAt>
			<styleUrl>#m_ylw-pushpin</styleUrl>
			<Point>
				<gx:drawOrder>1</gx:drawOrder>
				<coordinates>-1.461277213170618,7.154680255700727,0</coordinates>
			</Point>
		</Placemark>
		<Placemark>
			<name>coc166</name>
			<LookAt>
				<gx:TimeStamp><when>2025-01-07</when>
</gx:TimeStamp>
				<gx:ViewerOptions>
					<gx:option name="historicalimagery"></gx:option>
					<gx:option enabled="0" name="sunlight"></gx:option>
					<gx:option enabled="0" name="streetview"></gx:option>
				</gx:ViewerOptions>
				<longitude>-1.462276166820617</longitude>
				<latitude>7.167953897676734</latitude>
				<altitude>0</altitude>
				<heading>0.007929765387175609</heading>
				<tilt>26.47113138710984</tilt>
				<range>1271.223037558068</range>
				<gx:altitudeMode>relativeToSeaFloor</gx:altitudeMode>
			</LookAt>
			<styleUrl>#m_ylw-pushpin</styleUrl>
			<Point>
				<gx:drawOrder>1</gx:drawOrder>
				<coordinates>-1.464709173713952,7.167347281236982,0</coordinates>
			</Point>
		</Placemark>
		<Placemark>
			<name>coc167</name>
			<LookAt>
				<gx:TimeStamp><when>2025-01-07</when>
</gx:TimeStamp>
				<gx:ViewerOptions>
					<gx:option name="historicalimagery"></gx:option>
					<gx:option enabled="0" name="sunlight"></gx:option>
					<gx:option enabled="0" name="streetview"></gx:option>
				</gx:ViewerOptions>
				<longitude>-1.462276166820617</longitude>
				<latitude>7.167953897676734</latitude>
				<altitude>0</altitude>
				<heading>0.007929765387175609</heading>
				<tilt>26.47113138710984</tilt>
				<range>1271.223037558068</range>
				<gx:altitudeMode>relativeToSeaFloor</gx:altitudeMode>
			</LookAt>
			<styleUrl>#m_ylw-pushpin</styleUrl>
			<Point>
				<gx:drawOrder>1</gx:drawOrder>
				<coordinates>-1.46554334348389,7.165347424240468,0</coordinates>
			</Point>
		</Placemark>
		<Placemark>
			<name>coc168</name>
			<LookAt>
				<gx:TimeStamp><when>2025-01-07</when>
</gx:TimeStamp>
				<gx:ViewerOptions>
					<gx:option name="historicalimagery"></gx:option>
					<gx:option enabled="0" name="sunlight"></gx:option>
					<gx:option enabled="0" name="streetview"></gx:option>
				</gx:ViewerOptions>
				<longitude>-1.463963338861693</longitude>
				<latitude>7.16647502647564</latitude>
				<altitude>0</altitude>
				<heading>0.007719301334943041</heading>
				<tilt>26.47108691869668</tilt>
				<range>1260.116895446513</range>
				<gx:altitudeMode>relativeToSeaFloor</gx:altitudeMode>
			</LookAt>
			<styleUrl>#m_ylw-pushpin</styleUrl>
			<Point>
				<gx:drawOrder>1</gx:drawOrder>
				<coordinates>-1.465965834372075,7.166850527694993,0</coordinates>
			</Point>
		</Placemark>
		<Placemark>
			<name>coc169</name>
			<LookAt>
				<gx:TimeStamp><when>2025-01-07</when>
</gx:TimeStamp>
				<gx:ViewerOptions>
					<gx:option name="historicalimagery"></gx:option>
					<gx:option enabled="0" name="sunlight"></gx:option>
					<gx:option enabled="0" name="streetview"></gx:option>
				</gx:ViewerOptions>
				<longitude>-1.465052717249961</longitude>
				<latitude>7.146701107241002</latitude>
				<altitude>0</altitude>
				<heading>0.01696024984202431</heading>
				<tilt>28.11139777926508</tilt>
				<range>560.9080803853242</range>
				<gx:altitudeMode>relativeToSeaFloor</gx:altitudeMode>
			</LookAt>
			<styleUrl>#m_ylw-pushpin</styleUrl>
			<Point>
				<gx:drawOrder>1</gx:drawOrder>
				<coordinates>-1.465999977850839,7.14677160918317,0</coordinates>
			</Point>
		</Placemark>
		<Placemark>
			<name>coc170</name>
			<LookAt>
				<gx:TimeStamp><when>2025-01-07</when>
</gx:TimeStamp>
				<gx:ViewerOptions>
					<gx:option name="historicalimagery"></gx:option>
					<gx:option enabled="0" name="sunlight"></gx:option>
					<gx:option enabled="0" name="streetview"></gx:option>
				</gx:ViewerOptions>
				<longitude>-1.474371581440641</longitude>
				<latitude>7.148200782532889</latitude>
				<altitude>0</altitude>
				<heading>-0.02938047918582375</heading>
				<tilt>21.68856729744984</tilt>
				<range>451.1976703170879</range>
				<gx:altitudeMode>relativeToSeaFloor</gx:altitudeMode>
			</LookAt>
			<styleUrl>#m_ylw-pushpin</styleUrl>
			<Point>
				<gx:drawOrder>1</gx:drawOrder>
				<coordinates>-1.474911011170296,7.148555511331018,0</coordinates>
			</Point>
		</Placemark>
		<Placemark>
			<name>coc171</name>
			<LookAt>
				<gx:TimeStamp><when>2025-01-07</when>
</gx:TimeStamp>
				<gx:ViewerOptions>
					<gx:option name="historicalimagery"></gx:option>
					<gx:option enabled="0" name="sunlight"></gx:option>
					<gx:option enabled="0" name="streetview"></gx:option>
				</gx:ViewerOptions>
				<longitude>-1.476531107564735</longitude>
				<latitude>7.148832392682869</latitude>
				<altitude>0</altitude>
				<heading>-0.02964921246913093</heading>
				<tilt>21.68859758501462</tilt>
				<range>460.3215390549553</range>
				<gx:altitudeMode>relativeToSeaFloor</gx:altitudeMode>
			</LookAt>
			<styleUrl>#m_ylw-pushpin</styleUrl>
			<Point>
				<gx:drawOrder>1</gx:drawOrder>
				<coordinates>-1.47705674050343,7.149118966239763,0</coordinates>
			</Point>
		</Placemark>
		<Placemark>
			<name>coc172</name>
			<LookAt>
				<gx:TimeStamp><when>2025-01-07</when>
</gx:TimeStamp>
				<gx:ViewerOptions>
					<gx:option name="historicalimagery"></gx:option>
					<gx:option enabled="0" name="sunlight"></gx:option>
					<gx:option enabled="0" name="streetview"></gx:option>
				</gx:ViewerOptions>
				<longitude>-1.51379153302991</longitude>
				<latitude>7.149646236877057</latitude>
				<altitude>0</altitude>
				<heading>-0.1439700406407761</heading>
				<tilt>13.87023576216562</tilt>
				<range>1705.215311772196</range>
				<gx:altitudeMode>relativeToSeaFloor</gx:altitudeMode>
			</LookAt>
			<styleUrl>#m_ylw-pushpin</styleUrl>
			<Point>
				<gx:drawOrder>1</gx:drawOrder>
				<coordinates>-1.516158223761692,7.147767860936835,0</coordinates>
			</Point>
		</Placemark>
		<Placemark>
			<name>coc173</name>
			<LookAt>
				<gx:TimeStamp><when>2025-01-07</when>
</gx:TimeStamp>
				<gx:ViewerOptions>
					<gx:option name="historicalimagery"></gx:option>
					<gx:option enabled="0" name="sunlight"></gx:option>
					<gx:option enabled="0" name="streetview"></gx:option>
				</gx:ViewerOptions>
				<longitude>-1.510893579688903</longitude>
				<latitude>7.141838350224208</latitude>
				<altitude>0</altitude>
				<heading>-0.04378125870354337</heading>
				<tilt>20.69907999093025</tilt>
				<range>1977.374904917738</range>
				<gx:altitudeMode>relativeToSeaFloor</gx:altitudeMode>
			</LookAt>
			<styleUrl>#m_ylw-pushpin</styleUrl>
			<Point>
				<gx:drawOrder>1</gx:drawOrder>
				<coordinates>-1.513245311260185,7.141193348457316,0</coordinates>
			</Point>
		</Placemark>
		<Placemark>
			<name>coc174</name>
			<LookAt>
				<gx:TimeStamp><when>2025-01-07</when>
</gx:TimeStamp>
				<gx:ViewerOptions>
					<gx:option name="historicalimagery"></gx:option>
					<gx:option enabled="0" name="sunlight"></gx:option>
					<gx:option enabled="0" name="streetview"></gx:option>
				</gx:ViewerOptions>
				<longitude>-1.508880898549751</longitude>
				<latitude>7.142201900215905</latitude>
				<altitude>0</altitude>
				<heading>-0.02475630226620832</heading>
				<tilt>22.78465387435035</tilt>
				<range>904.4073132624908</range>
				<gx:altitudeMode>relativeToSeaFloor</gx:altitudeMode>
			</LookAt>
			<styleUrl>#m_ylw-pushpin</styleUrl>
			<Point>
				<gx:drawOrder>1</gx:drawOrder>
				<coordinates>-1.509911202851146,7.140612177354341,0</coordinates>
			</Point>
		</Placemark>
		<Placemark>
			<name>coc175</name>
			<LookAt>
				<gx:TimeStamp><when>2025-01-07</when>
</gx:TimeStamp>
				<gx:ViewerOptions>
					<gx:option name="historicalimagery"></gx:option>
					<gx:option enabled="0" name="sunlight"></gx:option>
					<gx:option enabled="0" name="streetview"></gx:option>
				</gx:ViewerOptions>
				<longitude>-1.508880898549751</longitude>
				<latitude>7.142201900215905</latitude>
				<altitude>0</altitude>
				<heading>-0.02475630226620832</heading>
				<tilt>22.78465387435035</tilt>
				<range>904.4073132624908</range>
				<gx:altitudeMode>relativeToSeaFloor</gx:altitudeMode>
			</LookAt>
			<styleUrl>#m_ylw-pushpin</styleUrl>
			<Point>
				<gx:drawOrder>1</gx:drawOrder>
				<coordinates>-1.508047028973972,7.139845219971126,0</coordinates>
			</Point>
		</Placemark>
		<Placemark>
			<name>coc176</name>
			<LookAt>
				<gx:TimeStamp><when>2025-01-07</when>
</gx:TimeStamp>
				<gx:ViewerOptions>
					<gx:option name="historicalimagery"></gx:option>
					<gx:option enabled="0" name="sunlight"></gx:option>
					<gx:option enabled="0" name="streetview"></gx:option>
				</gx:ViewerOptions>
				<longitude>-1.50828956023126</longitude>
				<latitude>7.143114150296275</latitude>
				<altitude>0</altitude>
				<heading>-0.0192888290091895</heading>
				<tilt>23.46268066203892</tilt>
				<range>506.0185971765696</range>
				<gx:altitudeMode>relativeToSeaFloor</gx:altitudeMode>
			</LookAt>
			<styleUrl>#m_ylw-pushpin</styleUrl>
			<Point>
				<gx:drawOrder>1</gx:drawOrder>
				<coordinates>-1.50897999332152,7.144026785329606,0</coordinates>
			</Point>
		</Placemark>
		<Placemark>
			<name>coc177</name>
			<LookAt>
				<gx:TimeStamp><when>2025-01-07</when>
</gx:TimeStamp>
				<gx:ViewerOptions>
					<gx:option name="historicalimagery"></gx:option>
					<gx:option enabled="0" name="sunlight"></gx:option>
					<gx:option enabled="0" name="streetview"></gx:option>
				</gx:ViewerOptions>
				<longitude>-1.513379786846811</longitude>
				<latitude>7.143770129121211</latitude>
				<altitude>0</altitude>
				<heading>-0.0199218887722206</heading>
				<tilt>23.46269033062667</tilt>
				<range>508.7220866055039</range>
				<gx:altitudeMode>relativeToSeaFloor</gx:altitudeMode>
			</LookAt>
			<styleUrl>#m_ylw-pushpin</styleUrl>
			<Point>
				<gx:drawOrder>1</gx:drawOrder>
				<coordinates>-1.514120925422412,7.143422736314593,0</coordinates>
			</Point>
		</Placemark>
		<Placemark>
			<name>coc178</name>
			<LookAt>
				<gx:TimeStamp><when>2025-01-07</when>
</gx:TimeStamp>
				<gx:ViewerOptions>
					<gx:option name="historicalimagery"></gx:option>
					<gx:option enabled="0" name="sunlight"></gx:option>
					<gx:option enabled="0" name="streetview"></gx:option>
				</gx:ViewerOptions>
				<longitude>-1.512556033813816</longitude>
				<latitude>7.145876284156755</latitude>
				<altitude>0</altitude>
				<heading>-0.01981944847001613</heading>
				<tilt>23.46270980649604</tilt>
				<range>514.1677428953326</range>
				<gx:altitudeMode>relativeToSeaFloor</gx:altitudeMode>
			</LookAt>
			<styleUrl>#m_ylw-pushpin</styleUrl>
			<Point>
				<gx:drawOrder>1</gx:drawOrder>
				<coordinates>-1.513033874183748,7.145592829481468,0</coordinates>
			</Point>
		</Placemark>
		<Placemark>
			<name>coc179</name>
			<LookAt>
				<gx:TimeStamp><when>2025-01-07</when>
</gx:TimeStamp>
				<gx:ViewerOptions>
					<gx:option name="historicalimagery"></gx:option>
					<gx:option enabled="0" name="sunlight"></gx:option>
					<gx:option enabled="0" name="streetview"></gx:option>
				</gx:ViewerOptions>
				<longitude>-1.508012957446873</longitude>
				<latitude>7.137039429163335</latitude>
				<altitude>0</altitude>
				<heading>-0.01925443471014997</heading>
				<tilt>23.46287315966194</tilt>
				<range>559.8427172902659</range>
				<gx:altitudeMode>relativeToSeaFloor</gx:altitudeMode>
			</LookAt>
			<styleUrl>#m_ylw-pushpin</styleUrl>
			<Point>
				<gx:drawOrder>1</gx:drawOrder>
				<coordinates>-1.507577883975343,7.137779917907299,0</coordinates>
			</Point>
		</Placemark>
		<Placemark>
			<name>coc180</name>
			<LookAt>
				<gx:TimeStamp><when>2025-01-07</when>
</gx:TimeStamp>
				<gx:ViewerOptions>
					<gx:option name="historicalimagery"></gx:option>
					<gx:option enabled="0" name="sunlight"></gx:option>
					<gx:option enabled="0" name="streetview"></gx:option>
				</gx:ViewerOptions>
				<longitude>-1.508146906675741</longitude>
				<latitude>7.130657189254698</latitude>
				<altitude>0</altitude>
				<heading>0.003370200521026022</heading>
				<tilt>26.73226593777357</tilt>
				<range>409.5652789209823</range>
				<gx:altitudeMode>relativeToSeaFloor</gx:altitudeMode>
			</LookAt>
			<styleUrl>#m_ylw-pushpin</styleUrl>
			<Point>
				<gx:drawOrder>1</gx:drawOrder>
				<coordinates>-1.509668564637175,7.130489517229112,0</coordinates>
			</Point>
		</Placemark>
		<Placemark>
			<name>coc181</name>
			<LookAt>
				<gx:TimeStamp><when>2025-01-07</when>
</gx:TimeStamp>
				<gx:ViewerOptions>
					<gx:option name="historicalimagery"></gx:option>
					<gx:option enabled="0" name="sunlight"></gx:option>
					<gx:option enabled="0" name="streetview"></gx:option>
				</gx:ViewerOptions>
				<longitude>-1.509801611096335</longitude>
				<latitude>7.130315013575426</latitude>
				<altitude>0</altitude>
				<heading>0.003164834029510358</heading>
				<tilt>26.73227940205242</tilt>
				<range>412.8975088137879</range>
				<gx:altitudeMode>relativeToSeaFloor</gx:altitudeMode>
			</LookAt>
			<styleUrl>#m_ylw-pushpin</styleUrl>
			<Point>
				<gx:drawOrder>1</gx:drawOrder>
				<coordinates>-1.510007247180006,7.129497870804694,0</coordinates>
			</Point>
		</Placemark>
		<Placemark>
			<name>coc182</name>
			<LookAt>
				<gx:TimeStamp><when>2025-01-07</when>
</gx:TimeStamp>
				<gx:ViewerOptions>
					<gx:option name="historicalimagery"></gx:option>
					<gx:option enabled="0" name="sunlight"></gx:option>
					<gx:option enabled="0" name="streetview"></gx:option>
				</gx:ViewerOptions>
				<longitude>-1.624225120066796</longitude>
				<latitude>6.156724990508261</latitude>
				<altitude>0</altitude>
				<heading>0.0009893372631474559</heading>
				<tilt>28.28148534155741</tilt>
				<range>429.0762608941666</range>
				<gx:altitudeMode>relativeToSeaFloor</gx:altitudeMode>
			</LookAt>
			<styleUrl>#m_ylw-pushpin</styleUrl>
			<Point>
				<gx:drawOrder>1</gx:drawOrder>
				<coordinates>-1.623854464541733,6.156401449478277,0</coordinates>
			</Point>
		</Placemark>
		<Placemark>
			<name>coc183</name>
			<LookAt>
				<gx:TimeStamp><when>2025-01-07</when>
</gx:TimeStamp>
				<gx:ViewerOptions>
					<gx:option name="historicalimagery"></gx:option>
					<gx:option enabled="0" name="sunlight"></gx:option>
					<gx:option enabled="0" name="streetview"></gx:option>
				</gx:ViewerOptions>
				<longitude>-1.624225120066796</longitude>
				<latitude>6.156724990508261</latitude>
				<altitude>0</altitude>
				<heading>0.0009893372631474559</heading>
				<tilt>28.28148534155741</tilt>
				<range>429.0762608941666</range>
				<gx:altitudeMode>relativeToSeaFloor</gx:altitudeMode>
			</LookAt>
			<styleUrl>#m_ylw-pushpin</styleUrl>
			<Point>
				<gx:drawOrder>1</gx:drawOrder>
				<coordinates>-1.623688385955889,6.157293127376454,0</coordinates>
			</Point>
		</Placemark>
		<Placemark>
			<name>coc184</name>
			<LookAt>
				<gx:TimeStamp><when>2025-01-07</when>
</gx:TimeStamp>
				<gx:ViewerOptions>
					<gx:option name="historicalimagery"></gx:option>
					<gx:option enabled="0" name="sunlight"></gx:option>
					<gx:option enabled="0" name="streetview"></gx:option>
				</gx:ViewerOptions>
				<longitude>-1.626012792426259</longitude>
				<latitude>6.156345958850864</latitude>
				<altitude>0</altitude>
				<heading>0.0007976144379647037</heading>
				<tilt>28.28152997467067</tilt>
				<range>439.5630183410559</range>
				<gx:altitudeMode>relativeToSeaFloor</gx:altitudeMode>
			</LookAt>
			<styleUrl>#m_ylw-pushpin</styleUrl>
			<Point>
				<gx:drawOrder>1</gx:drawOrder>
				<coordinates>-1.62553442158514,6.156088785903486,0</coordinates>
			</Point>
		</Placemark>
		<Placemark>
			<name>coc185</name>
			<LookAt>
				<gx:TimeStamp><when>2025-01-07</when>
</gx:TimeStamp>
				<gx:ViewerOptions>
					<gx:option name="historicalimagery"></gx:option>
					<gx:option enabled="0" name="sunlight"></gx:option>
					<gx:option enabled="0" name="streetview"></gx:option>
				</gx:ViewerOptions>
				<longitude>-1.626030244066012</longitude>
				<latitude>6.155769722812953</latitude>
				<altitude>0</altitude>
				<heading>0.0007957352078351108</heading>
				<tilt>28.28152588858145</tilt>
				<range>438.6029697624375</range>
				<gx:altitudeMode>relativeToSeaFloor</gx:altitudeMode>
			</LookAt>
			<styleUrl>#m_ylw-pushpin</styleUrl>
			<Point>
				<gx:drawOrder>1</gx:drawOrder>
				<coordinates>-1.625780172545441,6.154794648465478,0</coordinates>
			</Point>
		</Placemark>
		<Placemark>
			<name>coc186</name>
			<LookAt>
				<gx:TimeStamp><when>2025-01-07</when>
</gx:TimeStamp>
				<gx:ViewerOptions>
					<gx:option name="historicalimagery"></gx:option>
					<gx:option enabled="0" name="sunlight"></gx:option>
					<gx:option enabled="0" name="streetview"></gx:option>
				</gx:ViewerOptions>
				<longitude>-1.625681701803711</longitude>
				<latitude>6.15424582875862</latitude>
				<altitude>0</altitude>
				<heading>-0.009035375659005855</heading>
				<tilt>26.57187301549276</tilt>
				<range>306.5527394762112</range>
				<gx:altitudeMode>relativeToSeaFloor</gx:altitudeMode>
			</LookAt>
			<styleUrl>#m_ylw-pushpin</styleUrl>
			<Point>
				<gx:drawOrder>1</gx:drawOrder>
				<coordinates>-1.626080827298345,6.15401915886049,0</coordinates>
			</Point>
		</Placemark>
		<Placemark>
			<name>coc187</name>
			<LookAt>
				<gx:TimeStamp><when>2025-01-07</when>
</gx:TimeStamp>
				<gx:ViewerOptions>
					<gx:option name="historicalimagery"></gx:option>
					<gx:option enabled="0" name="sunlight"></gx:option>
					<gx:option enabled="0" name="streetview"></gx:option>
				</gx:ViewerOptions>
				<longitude>-1.626764906607704</longitude>
				<latitude>6.15283668556712</latitude>
				<altitude>0</altitude>
				<heading>-0.00605620256705779</heading>
				<tilt>27.0856565147335</tilt>
				<range>197.6331853247037</range>
				<gx:altitudeMode>relativeToSeaFloor</gx:altitudeMode>
			</LookAt>
			<styleUrl>#m_ylw-pushpin</styleUrl>
			<Point>
				<gx:drawOrder>1</gx:drawOrder>
				<coordinates>-1.626805271063712,6.152943701316344,0</coordinates>
			</Point>
		</Placemark>
		<Placemark>
			<name>coc188</name>
			<LookAt>
				<gx:TimeStamp><when>2025-01-07</when>
</gx:TimeStamp>
				<gx:ViewerOptions>
					<gx:option name="historicalimagery"></gx:option>
					<gx:option enabled="0" name="sunlight"></gx:option>
					<gx:option enabled="0" name="streetview"></gx:option>
				</gx:ViewerOptions>
				<longitude>-1.623673164213333</longitude>
				<latitude>6.153427997081685</latitude>
				<altitude>0</altitude>
				<heading>-0.005723991299067296</heading>
				<tilt>27.08737245009988</tilt>
				<range>617.5677996776959</range>
				<gx:altitudeMode>relativeToSeaFloor</gx:altitudeMode>
			</LookAt>
			<styleUrl>#m_ylw-pushpin</styleUrl>
			<Point>
				<gx:drawOrder>1</gx:drawOrder>
				<coordinates>-1.62346987152421,6.153621321344552,0</coordinates>
			</Point>
		</Placemark>
		<Placemark>
			<name>coc189</name>
			<LookAt>
				<gx:TimeStamp><when>2025-01-07</when>
</gx:TimeStamp>
				<gx:ViewerOptions>
					<gx:option name="historicalimagery"></gx:option>
					<gx:option enabled="0" name="sunlight"></gx:option>
					<gx:option enabled="0" name="streetview"></gx:option>
				</gx:ViewerOptions>
				<longitude>-1.621081879602816</longitude>
				<latitude>6.152179446966117</latitude>
				<altitude>0</altitude>
				<heading>-0.009443328549678545</heading>
				<tilt>26.42467012679373</tilt>
				<range>304.0749367797705</range>
				<gx:altitudeMode>relativeToSeaFloor</gx:altitudeMode>
			</LookAt>
			<styleUrl>#m_ylw-pushpin</styleUrl>
			<Point>
				<gx:drawOrder>1</gx:drawOrder>
				<coordinates>-1.621363523418305,6.152088343009224,0</coordinates>
			</Point>
		</Placemark>
		<Placemark>
			<name>coc190</name>
			<LookAt>
				<gx:TimeStamp><when>2025-01-07</when>
</gx:TimeStamp>
				<gx:ViewerOptions>
					<gx:option name="historicalimagery"></gx:option>
					<gx:option enabled="0" name="sunlight"></gx:option>
					<gx:option enabled="0" name="streetview"></gx:option>
				</gx:ViewerOptions>
				<longitude>-1.628615268183875</longitude>
				<latitude>6.149993666063324</latitude>
				<altitude>0</altitude>
				<heading>-0.005424319363679214</heading>
				<tilt>27.24900674081898</tilt>
				<range>450.6674859128554</range>
				<gx:altitudeMode>relativeToSeaFloor</gx:altitudeMode>
			</LookAt>
			<styleUrl>#m_ylw-pushpin</styleUrl>
			<Point>
				<gx:drawOrder>1</gx:drawOrder>
				<coordinates>-1.62817492046007,6.149696859297752,0</coordinates>
			</Point>
		</Placemark>
		<Placemark>
			<name>coc191</name>
			<LookAt>
				<gx:TimeStamp><when>2025-01-07</when>
</gx:TimeStamp>
				<gx:ViewerOptions>
					<gx:option name="historicalimagery"></gx:option>
					<gx:option enabled="0" name="sunlight"></gx:option>
					<gx:option enabled="0" name="streetview"></gx:option>
				</gx:ViewerOptions>
				<longitude>-1.630639893057658</longitude>
				<latitude>6.149710255109307</latitude>
				<altitude>0</altitude>
				<heading>-0.005641205236167557</heading>
				<tilt>27.24901352629205</tilt>
				<range>452.3172597464905</range>
				<gx:altitudeMode>relativeToSeaFloor</gx:altitudeMode>
			</LookAt>
			<styleUrl>#m_ylw-pushpin</styleUrl>
			<Point>
				<gx:drawOrder>1</gx:drawOrder>
				<coordinates>-1.631217130639112,6.150269755824772,0</coordinates>
			</Point>
		</Placemark>
		<Placemark>
			<name>coc192</name>
			<LookAt>
				<gx:TimeStamp><when>2025-01-07</when>
</gx:TimeStamp>
				<gx:ViewerOptions>
					<gx:option name="historicalimagery"></gx:option>
					<gx:option enabled="0" name="sunlight"></gx:option>
					<gx:option enabled="0" name="streetview"></gx:option>
				</gx:ViewerOptions>
				<longitude>-1.628338828093236</longitude>
				<latitude>6.150501666299499</latitude>
				<altitude>0</altitude>
				<heading>-0.005394693389238186</heading>
				<tilt>27.24901517262516</tilt>
				<range>452.7175524336575</range>
				<gx:altitudeMode>relativeToSeaFloor</gx:altitudeMode>
			</LookAt>
			<styleUrl>#m_ylw-pushpin</styleUrl>
			<Point>
				<gx:drawOrder>1</gx:drawOrder>
				<coordinates>-1.626658980702826,6.151480563948299,0</coordinates>
			</Point>
		</Placemark>
		<Placemark>
			<name>coc193</name>
			<LookAt>
				<gx:TimeStamp><when>2025-01-07</when>
</gx:TimeStamp>
				<gx:ViewerOptions>
					<gx:option name="historicalimagery"></gx:option>
					<gx:option enabled="0" name="sunlight"></gx:option>
					<gx:option enabled="0" name="streetview"></gx:option>
				</gx:ViewerOptions>
				<longitude>-1.622680832798883</longitude>
				<latitude>6.152859569445215</latitude>
				<altitude>0</altitude>
				<heading>-0.00478831765411224</heading>
				<tilt>27.24903032096513</tilt>
				<range>456.4006499694008</range>
				<gx:altitudeMode>relativeToSeaFloor</gx:altitudeMode>
			</LookAt>
			<styleUrl>#m_ylw-pushpin</styleUrl>
			<Point>
				<gx:drawOrder>1</gx:drawOrder>
				<coordinates>-1.623335173841972,6.152661805402115,0</coordinates>
			</Point>
		</Placemark>
		<Placemark>
			<name>coc194</name>
			<LookAt>
				<gx:TimeStamp><when>2025-01-07</when>
</gx:TimeStamp>
				<gx:ViewerOptions>
					<gx:option name="historicalimagery"></gx:option>
					<gx:option enabled="0" name="sunlight"></gx:option>
					<gx:option enabled="0" name="streetview"></gx:option>
				</gx:ViewerOptions>
				<longitude>-1.625842379270253</longitude>
				<latitude>6.155847229748681</latitude>
				<altitude>0</altitude>
				<heading>-0.005127249619292882</heading>
				<tilt>27.24906058359049</tilt>
				<range>463.7586125373925</range>
				<gx:altitudeMode>relativeToSeaFloor</gx:altitudeMode>
			</LookAt>
			<styleUrl>#m_ylw-pushpin</styleUrl>
			<Point>
				<gx:drawOrder>1</gx:drawOrder>
				<coordinates>-1.626936575062186,6.156189534353611,0</coordinates>
			</Point>
		</Placemark>
		<Placemark>
			<name>coc195</name>
			<LookAt>
				<gx:TimeStamp><when>2025-01-07</when>
</gx:TimeStamp>
				<gx:ViewerOptions>
					<gx:option name="historicalimagery"></gx:option>
					<gx:option enabled="0" name="sunlight"></gx:option>
					<gx:option enabled="0" name="streetview"></gx:option>
				</gx:ViewerOptions>
				<longitude>-1.62129525887158</longitude>
				<latitude>6.1559189296189</latitude>
				<altitude>0</altitude>
				<heading>-0.004639675855812202</heading>
				<tilt>27.24900502860324</tilt>
				<range>450.2511557122323</range>
				<gx:altitudeMode>relativeToSeaFloor</gx:altitudeMode>
			</LookAt>
			<styleUrl>#m_ylw-pushpin</styleUrl>
			<Point>
				<gx:drawOrder>1</gx:drawOrder>
				<coordinates>-1.62129525887158,6.1559189296189,0</coordinates>
			</Point>
		</Placemark>
		<Placemark>
			<name>coc196</name>
			<LookAt>
				<gx:TimeStamp><when>2025-01-07</when>
</gx:TimeStamp>
				<gx:ViewerOptions>
					<gx:option name="historicalimagery"></gx:option>
					<gx:option enabled="0" name="sunlight"></gx:option>
					<gx:option enabled="0" name="streetview"></gx:option>
				</gx:ViewerOptions>
				<longitude>-1.618806180383559</longitude>
				<latitude>6.15642706605868</latitude>
				<altitude>0</altitude>
				<heading>-0.004372762528191088</heading>
				<tilt>27.24904400658386</tilt>
				<range>459.7281621471218</range>
				<gx:altitudeMode>relativeToSeaFloor</gx:altitudeMode>
			</LookAt>
			<styleUrl>#m_ylw-pushpin</styleUrl>
			<Point>
				<gx:drawOrder>1</gx:drawOrder>
				<coordinates>-1.61979945810663,6.157477049974369,0</coordinates>
			</Point>
		</Placemark>
		<Placemark>
			<name>coc197</name>
			<LookAt>
				<gx:TimeStamp><when>2025-01-07</when>
</gx:TimeStamp>
				<gx:ViewerOptions>
					<gx:option name="historicalimagery"></gx:option>
					<gx:option enabled="0" name="sunlight"></gx:option>
					<gx:option enabled="0" name="streetview"></gx:option>
				</gx:ViewerOptions>
				<longitude>-1.618806180383559</longitude>
				<latitude>6.15642706605868</latitude>
				<altitude>0</altitude>
				<heading>-0.004372762528191088</heading>
				<tilt>27.24904400658386</tilt>
				<range>459.7281621471218</range>
				<gx:altitudeMode>relativeToSeaFloor</gx:altitudeMode>
			</LookAt>
			<styleUrl>#m_ylw-pushpin</styleUrl>
			<Point>
				<gx:drawOrder>1</gx:drawOrder>
				<coordinates>-1.618380528539757,6.155721723873957,0</coordinates>
			</Point>
		</Placemark>
		<Placemark>
			<name>coc198</name>
			<LookAt>
				<gx:TimeStamp><when>2025-01-07</when>
</gx:TimeStamp>
				<gx:ViewerOptions>
					<gx:option name="historicalimagery"></gx:option>
					<gx:option enabled="0" name="sunlight"></gx:option>
					<gx:option enabled="0" name="streetview"></gx:option>
				</gx:ViewerOptions>
				<longitude>-1.616990920516357</longitude>
				<latitude>6.154033043462529</latitude>
				<altitude>0</altitude>
				<heading>-0.02186630886666002</heading>
				<tilt>24.4675757610224</tilt>
				<range>424.7638584001818</range>
				<gx:altitudeMode>relativeToSeaFloor</gx:altitudeMode>
			</LookAt>
			<styleUrl>#m_ylw-pushpin</styleUrl>
			<Point>
				<gx:drawOrder>1</gx:drawOrder>
				<coordinates>-1.615440908639777,6.154931165699108,0</coordinates>
			</Point>
		</Placemark>
		<Placemark>
			<name>coc199</name>
			<LookAt>
				<gx:TimeStamp><when>2025-01-07</when>
</gx:TimeStamp>
				<gx:ViewerOptions>
					<gx:option name="historicalimagery"></gx:option>
					<gx:option enabled="0" name="sunlight"></gx:option>
					<gx:option enabled="0" name="streetview"></gx:option>
				</gx:ViewerOptions>
				<longitude>-1.6131027733821</longitude>
				<latitude>6.155402741015895</latitude>
				<altitude>0</altitude>
				<heading>-0.02144963275804276</heading>
				<tilt>24.46996379253505</tilt>
				<range>1066.642602384144</range>
				<gx:altitudeMode>relativeToSeaFloor</gx:altitudeMode>
			</LookAt>
			<styleUrl>#m_ylw-pushpin</styleUrl>
			<Point>
				<gx:drawOrder>1</gx:drawOrder>
				<coordinates>-1.61319314153554,6.155845290429036,0</coordinates>
			</Point>
		</Placemark>
		<Placemark>
			<name>coc200</name>
			<LookAt>
				<gx:TimeStamp><when>2025-01-07</when>
</gx:TimeStamp>
				<gx:ViewerOptions>
					<gx:option name="historicalimagery"></gx:option>
					<gx:option enabled="0" name="sunlight"></gx:option>
					<gx:option enabled="0" name="streetview"></gx:option>
				</gx:ViewerOptions>
				<longitude>-1.6131027733821</longitude>
				<latitude>6.155402741015895</latitude>
				<altitude>0</altitude>
				<heading>-0.02144963275804276</heading>
				<tilt>24.46996379253505</tilt>
				<range>1066.642602384144</range>
				<gx:altitudeMode>relativeToSeaFloor</gx:altitudeMode>
			</LookAt>
			<styleUrl>#m_ylw-pushpin</styleUrl>
			<Point>
				<gx:drawOrder>1</gx:drawOrder>
				<coordinates>-1.609835885033529,6.156465313307938,0</coordinates>
			</Point>
		</Placemark>
		<Placemark>
			<name>coc201</name>
			<LookAt>
				<gx:TimeStamp><when>2025-01-07</when>
</gx:TimeStamp>
				<gx:ViewerOptions>
					<gx:option name="historicalimagery"></gx:option>
					<gx:option enabled="0" name="sunlight"></gx:option>
					<gx:option enabled="0" name="streetview"></gx:option>
				</gx:ViewerOptions>
				<longitude>-1.614570911054944</longitude>
				<latitude>6.156349030405202</latitude>
				<altitude>0</altitude>
				<heading>-0.02160687218963689</heading>
				<tilt>24.47333315574237</tilt>
				<range>1972.30477666925</range>
				<gx:altitudeMode>relativeToSeaFloor</gx:altitudeMode>
			</LookAt>
			<styleUrl>#m_ylw-pushpin</styleUrl>
			<Point>
				<gx:drawOrder>1</gx:drawOrder>
				<coordinates>-1.610700720928427,6.152513291674846,0</coordinates>
			</Point>
		</Placemark>
		<Placemark>
			<name>coc202</name>
			<LookAt>
				<gx:TimeStamp><when>2025-01-07</when>
</gx:TimeStamp>
				<gx:ViewerOptions>
					<gx:option name="historicalimagery"></gx:option>
					<gx:option enabled="0" name="sunlight"></gx:option>
					<gx:option enabled="0" name="streetview"></gx:option>
				</gx:ViewerOptions>
				<longitude>-1.848580324160283</longitude>
				<latitude>6.266821300155573</latitude>
				<altitude>0</altitude>
				<heading>-0.06988272685544938</heading>
				<tilt>22.6547305577658</tilt>
				<range>268.3599910274676</range>
				<gx:altitudeMode>relativeToSeaFloor</gx:altitudeMode>
			</LookAt>
			<styleUrl>#m_ylw-pushpin</styleUrl>
			<Point>
				<gx:drawOrder>1</gx:drawOrder>
				<coordinates>-1.84935529170474,6.266966175738435,0</coordinates>
			</Point>
		</Placemark>
		<Placemark>
			<name>coc203</name>
			<LookAt>
				<gx:TimeStamp><when>2025-01-07</when>
</gx:TimeStamp>
				<gx:ViewerOptions>
					<gx:option name="historicalimagery"></gx:option>
					<gx:option enabled="0" name="sunlight"></gx:option>
					<gx:option enabled="0" name="streetview"></gx:option>
				</gx:ViewerOptions>
				<longitude>-1.849381668100747</longitude>
				<latitude>6.267521245516507</latitude>
				<altitude>0</altitude>
				<heading>-0.06997020254949378</heading>
				<tilt>22.65473471384638</tilt>
				<range>269.5611233236598</range>
				<gx:altitudeMode>relativeToSeaFloor</gx:altitudeMode>
			</LookAt>
			<styleUrl>#m_ylw-pushpin</styleUrl>
			<Point>
				<gx:drawOrder>1</gx:drawOrder>
				<coordinates>-1.850245494462848,6.267447542950783,0</coordinates>
			</Point>
		</Placemark>
		<Placemark>
			<name>coc204</name>
			<LookAt>
				<gx:TimeStamp><when>2025-01-07</when>
</gx:TimeStamp>
				<gx:ViewerOptions>
					<gx:option name="historicalimagery"></gx:option>
					<gx:option enabled="0" name="sunlight"></gx:option>
					<gx:option enabled="0" name="streetview"></gx:option>
				</gx:ViewerOptions>
				<longitude>-1.850143805758471</longitude>
				<latitude>6.26737885103894</latitude>
				<altitude>0</altitude>
				<heading>-0.07005338584710845</heading>
				<tilt>22.6547294499153</tilt>
				<range>268.0398107000575</range>
				<gx:altitudeMode>relativeToSeaFloor</gx:altitudeMode>
			</LookAt>
			<styleUrl>#m_ylw-pushpin</styleUrl>
			<Point>
				<gx:drawOrder>1</gx:drawOrder>
				<coordinates>-1.85094614558288,6.267024576062084,0</coordinates>
			</Point>
		</Placemark>
		<Placemark>
			<name>coc205</name>
			<LookAt>
				<gx:TimeStamp><when>2025-01-07</when>
</gx:TimeStamp>
				<gx:ViewerOptions>
					<gx:option name="historicalimagery"></gx:option>
					<gx:option enabled="0" name="sunlight"></gx:option>
					<gx:option enabled="0" name="streetview"></gx:option>
				</gx:ViewerOptions>
				<longitude>-1.849183618465056</longitude>
				<latitude>6.269030223834233</latitude>
				<altitude>0</altitude>
				<heading>-0.06994854064517277</heading>
				<tilt>22.65473724529275</tilt>
				<range>270.2927948997923</range>
				<gx:altitudeMode>relativeToSeaFloor</gx:altitudeMode>
			</LookAt>
			<styleUrl>#m_ylw-pushpin</styleUrl>
			<Point>
				<gx:drawOrder>1</gx:drawOrder>
				<coordinates>-1.849244423340071,6.268945275321332,0</coordinates>
			</Point>
		</Placemark>
		<Placemark>
			<name>coc206</name>
			<LookAt>
				<gx:TimeStamp><when>2025-01-07</when>
</gx:TimeStamp>
				<gx:ViewerOptions>
					<gx:option name="historicalimagery"></gx:option>
					<gx:option enabled="0" name="sunlight"></gx:option>
					<gx:option enabled="0" name="streetview"></gx:option>
				</gx:ViewerOptions>
				<longitude>-1.848150936165972</longitude>
				<latitude>6.268970878469627</latitude>
				<altitude>0</altitude>
				<heading>-0.06983578125196035</heading>
				<tilt>22.65472379845896</tilt>
				<range>266.4064383854875</range>
				<gx:altitudeMode>relativeToSeaFloor</gx:altitudeMode>
			</LookAt>
			<styleUrl>#m_ylw-pushpin</styleUrl>
			<Point>
				<gx:drawOrder>1</gx:drawOrder>
				<coordinates>-1.848175745420912,6.268884325624513,0</coordinates>
			</Point>
		</Placemark>
		<Placemark>
			<name>coc207</name>
			<LookAt>
				<gx:TimeStamp><when>2025-01-07</when>
</gx:TimeStamp>
				<gx:ViewerOptions>
					<gx:option name="historicalimagery"></gx:option>
					<gx:option enabled="0" name="sunlight"></gx:option>
					<gx:option enabled="0" name="streetview"></gx:option>
				</gx:ViewerOptions>
				<longitude>-1.846199265033237</longitude>
				<latitude>6.268021517430207</latitude>
				<altitude>0</altitude>
				<heading>-0.06962267994373593</heading>
				<tilt>22.65472824397688</tilt>
				<range>267.6912774819111</range>
				<gx:altitudeMode>relativeToSeaFloor</gx:altitudeMode>
			</LookAt>
			<styleUrl>#m_ylw-pushpin</styleUrl>
			<Point>
				<gx:drawOrder>1</gx:drawOrder>
				<coordinates>-1.846221713457237,6.267894015720039,0</coordinates>
			</Point>
		</Placemark>
		<Placemark>
			<name>coc208</name>
			<LookAt>
				<gx:TimeStamp><when>2025-01-07</when>
</gx:TimeStamp>
				<gx:ViewerOptions>
					<gx:option name="historicalimagery"></gx:option>
					<gx:option enabled="0" name="sunlight"></gx:option>
					<gx:option enabled="0" name="streetview"></gx:option>
				</gx:ViewerOptions>
				<longitude>-1.845871413598227</longitude>
				<latitude>6.269187468451133</latitude>
				<altitude>0</altitude>
				<heading>-0.06958688962417561</heading>
				<tilt>22.65472066020092</tilt>
				<range>265.4994142918943</range>
				<gx:altitudeMode>relativeToSeaFloor</gx:altitudeMode>
			</LookAt>
			<styleUrl>#m_ylw-pushpin</styleUrl>
			<Point>
				<gx:drawOrder>1</gx:drawOrder>
				<coordinates>-1.845889168462745,6.269084992789852,0</coordinates>
			</Point>
		</Placemark>
		<Placemark>
			<name>coc209</name>
			<LookAt>
				<gx:TimeStamp><when>2025-01-07</when>
</gx:TimeStamp>
				<gx:ViewerOptions>
					<gx:option name="historicalimagery"></gx:option>
					<gx:option enabled="0" name="sunlight"></gx:option>
					<gx:option enabled="0" name="streetview"></gx:option>
				</gx:ViewerOptions>
				<longitude>-1.844129517082549</longitude>
				<latitude>6.2691997283993</latitude>
				<altitude>0</altitude>
				<heading>-0.06939667026588547</heading>
				<tilt>22.65468675377538</tilt>
				<range>255.6998988467208</range>
				<gx:altitudeMode>relativeToSeaFloor</gx:altitudeMode>
			</LookAt>
			<styleUrl>#m_ylw-pushpin</styleUrl>
			<Point>
				<gx:drawOrder>1</gx:drawOrder>
				<coordinates>-1.844392025325492,6.269218490117422,0</coordinates>
			</Point>
		</Placemark>
		<Placemark>
			<name>coc210</name>
			<LookAt>
				<gx:TimeStamp><when>2025-01-07</when>
</gx:TimeStamp>
				<gx:ViewerOptions>
					<gx:option name="historicalimagery"></gx:option>
					<gx:option enabled="0" name="sunlight"></gx:option>
					<gx:option enabled="0" name="streetview"></gx:option>
				</gx:ViewerOptions>
				<longitude>-1.844129517082549</longitude>
				<latitude>6.2691997283993</latitude>
				<altitude>0</altitude>
				<heading>-0.06939667026588547</heading>
				<tilt>22.65468675377538</tilt>
				<range>255.6998988467208</range>
				<gx:altitudeMode>relativeToSeaFloor</gx:altitudeMode>
			</LookAt>
			<styleUrl>#m_ylw-pushpin</styleUrl>
			<Point>
				<gx:drawOrder>1</gx:drawOrder>
				<coordinates>-1.843333665531548,6.268951904775526,0</coordinates>
			</Point>
		</Placemark>
		<Placemark>
			<name>coc211</name>
			<LookAt>
				<gx:TimeStamp><when>2025-01-07</when>
</gx:TimeStamp>
				<gx:ViewerOptions>
					<gx:option name="historicalimagery"></gx:option>
					<gx:option enabled="0" name="sunlight"></gx:option>
					<gx:option enabled="0" name="streetview"></gx:option>
				</gx:ViewerOptions>
				<longitude>-1.844129517082549</longitude>
				<latitude>6.2691997283993</latitude>
				<altitude>0</altitude>
				<heading>-0.06939667026588547</heading>
				<tilt>22.65468675377538</tilt>
				<range>255.6998988467208</range>
				<gx:altitudeMode>relativeToSeaFloor</gx:altitudeMode>
			</LookAt>
			<styleUrl>#m_ylw-pushpin</styleUrl>
			<Point>
				<gx:drawOrder>1</gx:drawOrder>
				<coordinates>-1.843809641707191,6.268727824009861,0</coordinates>
			</Point>
		</Placemark>
		<Placemark>
			<name>coc212</name>
			<LookAt>
				<gx:TimeStamp><when>2025-01-07</when>
</gx:TimeStamp>
				<gx:ViewerOptions>
					<gx:option name="historicalimagery"></gx:option>
					<gx:option enabled="0" name="sunlight"></gx:option>
					<gx:option enabled="0" name="streetview"></gx:option>
				</gx:ViewerOptions>
				<longitude>-1.843255800270659</longitude>
				<latitude>6.268150862380842</latitude>
				<altitude>0</altitude>
				<heading>-0.0693012788376305</heading>
				<tilt>22.6546317649729</tilt>
				<range>239.8071100086038</range>
				<gx:altitudeMode>relativeToSeaFloor</gx:altitudeMode>
			</LookAt>
			<styleUrl>#m_ylw-pushpin</styleUrl>
			<Point>
				<gx:drawOrder>1</gx:drawOrder>
				<coordinates>-1.842794420302928,6.268320567342681,0</coordinates>
			</Point>
		</Placemark>
		<Placemark>
			<name>coc213</name>
			<LookAt>
				<gx:TimeStamp><when>2025-01-07</when>
</gx:TimeStamp>
				<gx:ViewerOptions>
					<gx:option name="historicalimagery"></gx:option>
					<gx:option enabled="0" name="sunlight"></gx:option>
					<gx:option enabled="0" name="streetview"></gx:option>
				</gx:ViewerOptions>
				<longitude>-1.843532785987981</longitude>
				<latitude>6.265131013990527</latitude>
				<altitude>0</altitude>
				<heading>-0.02285049970964565</heading>
				<tilt>27.7150718002296</tilt>
				<range>267.6022401294416</range>
				<gx:altitudeMode>relativeToSeaFloor</gx:altitudeMode>
			</LookAt>
			<styleUrl>#m_ylw-pushpin</styleUrl>
			<Point>
				<gx:drawOrder>1</gx:drawOrder>
				<coordinates>-1.843803986404545,6.265209224143054,0</coordinates>
			</Point>
		</Placemark>
		<Placemark>
			<name>coc214</name>
			<LookAt>
				<gx:TimeStamp><when>2025-01-07</when>
</gx:TimeStamp>
				<gx:ViewerOptions>
					<gx:option name="historicalimagery"></gx:option>
					<gx:option enabled="0" name="sunlight"></gx:option>
					<gx:option enabled="0" name="streetview"></gx:option>
				</gx:ViewerOptions>
				<longitude>-1.844021269839699</longitude>
				<latitude>6.263403273915853</latitude>
				<altitude>0</altitude>
				<heading>-0.02290372971175383</heading>
				<tilt>27.7151148669904</tilt>
				<range>277.9108978131004</range>
				<gx:altitudeMode>relativeToSeaFloor</gx:altitudeMode>
			</LookAt>
			<styleUrl>#m_ylw-pushpin</styleUrl>
			<Point>
				<gx:drawOrder>1</gx:drawOrder>
				<coordinates>-1.844164287836525,6.263556435847191,0</coordinates>
			</Point>
		</Placemark>
		<Placemark>
			<name>coc215</name>
			<LookAt>
				<gx:TimeStamp><when>2025-01-07</when>
</gx:TimeStamp>
				<gx:ViewerOptions>
					<gx:option name="historicalimagery"></gx:option>
					<gx:option enabled="0" name="sunlight"></gx:option>
					<gx:option enabled="0" name="streetview"></gx:option>
				</gx:ViewerOptions>
				<longitude>-1.844527926087766</longitude>
				<latitude>6.262026693492028</latitude>
				<altitude>0</altitude>
				<heading>-0.02295898976587253</heading>
				<tilt>27.71516686585677</tilt>
				<range>290.3575671696116</range>
				<gx:altitudeMode>relativeToSeaFloor</gx:altitudeMode>
			</LookAt>
			<styleUrl>#m_ylw-pushpin</styleUrl>
			<Point>
				<gx:drawOrder>1</gx:drawOrder>
				<coordinates>-1.845345927762272,6.262565172678117,0</coordinates>
			</Point>
		</Placemark>
		<Placemark>
			<name>coc216</name>
			<LookAt>
				<gx:TimeStamp><when>2025-01-07</when>
</gx:TimeStamp>
				<gx:ViewerOptions>
					<gx:option name="historicalimagery"></gx:option>
					<gx:option enabled="0" name="sunlight"></gx:option>
					<gx:option enabled="0" name="streetview"></gx:option>
				</gx:ViewerOptions>
				<longitude>-1.848112497949512</longitude>
				<latitude>6.261632577598792</latitude>
				<altitude>0</altitude>
				<heading>-0.02334991749980503</heading>
				<tilt>27.71514097397833</tilt>
				<range>284.1599883690975</range>
				<gx:altitudeMode>relativeToSeaFloor</gx:altitudeMode>
			</LookAt>
			<styleUrl>#m_ylw-pushpin</styleUrl>
			<Point>
				<gx:drawOrder>1</gx:drawOrder>
				<coordinates>-1.848467080805549,6.262264879593562,0</coordinates>
			</Point>
		</Placemark>
		<Placemark>
			<name>coc217</name>
			<LookAt>
				<gx:TimeStamp><when>2025-01-07</when>
</gx:TimeStamp>
				<gx:ViewerOptions>
					<gx:option name="historicalimagery"></gx:option>
					<gx:option enabled="0" name="sunlight"></gx:option>
					<gx:option enabled="0" name="streetview"></gx:option>
				</gx:ViewerOptions>
				<longitude>-1.848056103776621</longitude>
				<latitude>6.259904498157711</latitude>
				<altitude>0</altitude>
				<heading>-0.02334375704308476</heading>
				<tilt>27.71515126584142</tilt>
				<range>286.6234924371447</range>
				<gx:altitudeMode>relativeToSeaFloor</gx:altitudeMode>
			</LookAt>
			<styleUrl>#m_ylw-pushpin</styleUrl>
			<Point>
				<gx:drawOrder>1</gx:drawOrder>
				<coordinates>-1.848874069828342,6.260430774013463,0</coordinates>
			</Point>
		</Placemark>
		<Placemark>
			<name>coc218</name>
			<LookAt>
				<gx:TimeStamp><when>2025-01-07</when>
</gx:TimeStamp>
				<gx:ViewerOptions>
					<gx:option name="historicalimagery"></gx:option>
					<gx:option enabled="0" name="sunlight"></gx:option>
					<gx:option enabled="0" name="streetview"></gx:option>
				</gx:ViewerOptions>
				<longitude>-1.848709199456088</longitude>
				<latitude>6.259521266850092</latitude>
				<altitude>0</altitude>
				<heading>-0.02341497250502451</heading>
				<tilt>27.71512386047561</tilt>
				<range>280.0636177683234</range>
				<gx:altitudeMode>relativeToSeaFloor</gx:altitudeMode>
			</LookAt>
			<styleUrl>#m_ylw-pushpin</styleUrl>
			<Point>
				<gx:drawOrder>1</gx:drawOrder>
				<coordinates>-1.849646161762469,6.260341514089638,0</coordinates>
			</Point>
		</Placemark>
		<Placemark>
			<name>coc219</name>
			<LookAt>
				<gx:TimeStamp><when>2025-01-07</when>
</gx:TimeStamp>
				<gx:ViewerOptions>
					<gx:option name="historicalimagery"></gx:option>
					<gx:option enabled="0" name="sunlight"></gx:option>
					<gx:option enabled="0" name="streetview"></gx:option>
				</gx:ViewerOptions>
				<longitude>-1.850815708751004</longitude>
				<latitude>6.259651286331352</latitude>
				<altitude>0</altitude>
				<heading>-0.02364462272973194</heading>
				<tilt>27.7151808015704</tilt>
				<range>293.6932833496406</range>
				<gx:altitudeMode>relativeToSeaFloor</gx:altitudeMode>
			</LookAt>
			<styleUrl>#m_ylw-pushpin</styleUrl>
			<Point>
				<gx:drawOrder>1</gx:drawOrder>
				<coordinates>-1.851287418051325,6.259386572666297,0</coordinates>
			</Point>
		</Placemark>
		<Placemark>
			<name>coc220</name>
			<LookAt>
				<gx:TimeStamp><when>2025-01-07</when>
</gx:TimeStamp>
				<gx:ViewerOptions>
					<gx:option name="historicalimagery"></gx:option>
					<gx:option enabled="0" name="sunlight"></gx:option>
					<gx:option enabled="0" name="streetview"></gx:option>
				</gx:ViewerOptions>
				<longitude>-1.851073307975106</longitude>
				<latitude>6.257892392428236</latitude>
				<altitude>0</altitude>
				<heading>-0.02367268955036192</heading>
				<tilt>27.71510168754347</tilt>
				<range>274.7561875768816</range>
				<gx:altitudeMode>relativeToSeaFloor</gx:altitudeMode>
			</LookAt>
			<styleUrl>#m_ylw-pushpin</styleUrl>
			<Point>
				<gx:drawOrder>1</gx:drawOrder>
				<coordinates>-1.851195136939743,6.258056141680947,0</coordinates>
			</Point>
		</Placemark>
		<Placemark>
			<name>coc221</name>
			<LookAt>
				<gx:TimeStamp><when>2025-01-07</when>
</gx:TimeStamp>
				<gx:ViewerOptions>
					<gx:option name="historicalimagery"></gx:option>
					<gx:option enabled="0" name="sunlight"></gx:option>
					<gx:option enabled="0" name="streetview"></gx:option>
				</gx:ViewerOptions>
				<longitude>-1.850012660930284</longitude>
				<latitude>6.255568853356798</latitude>
				<altitude>0</altitude>
				<heading>-0.02355708174097103</heading>
				<tilt>27.71510964404198</tilt>
				<range>276.6607070794386</range>
				<gx:altitudeMode>relativeToSeaFloor</gx:altitudeMode>
			</LookAt>
			<styleUrl>#m_ylw-pushpin</styleUrl>
			<Point>
				<gx:drawOrder>1</gx:drawOrder>
				<coordinates>-1.850341072658915,6.255304967007332,0</coordinates>
			</Point>
		</Placemark>
		<Placemark>
			<name>coc222</name>
			<LookAt>
				<gx:TimeStamp><when>2025-01-07</when>
</gx:TimeStamp>
				<gx:ViewerOptions>
					<gx:option name="historicalimagery"></gx:option>
					<gx:option enabled="0" name="sunlight"></gx:option>
					<gx:option enabled="0" name="streetview"></gx:option>
				</gx:ViewerOptions>
				<longitude>-1.84255867216161</longitude>
				<latitude>6.257072748412557</latitude>
				<altitude>0</altitude>
				<heading>-0.02433983421656334</heading>
				<tilt>27.50743319309639</tilt>
				<range>413.6885116507651</range>
				<gx:altitudeMode>relativeToSeaFloor</gx:altitudeMode>
			</LookAt>
			<styleUrl>#m_ylw-pushpin</styleUrl>
			<Point>
				<gx:drawOrder>1</gx:drawOrder>
				<coordinates>-1.843197251269771,6.257399808202646,0</coordinates>
			</Point>
		</Placemark>
		<Placemark>
			<name>coc223</name>
			<LookAt>
				<gx:TimeStamp><when>2025-01-07</when>
</gx:TimeStamp>
				<gx:ViewerOptions>
					<gx:option name="historicalimagery"></gx:option>
					<gx:option enabled="0" name="sunlight"></gx:option>
					<gx:option enabled="0" name="streetview"></gx:option>
				</gx:ViewerOptions>
				<longitude>-1.84255867216161</longitude>
				<latitude>6.257072748412557</latitude>
				<altitude>0</altitude>
				<heading>-0.02433983421656334</heading>
				<tilt>27.50743319309639</tilt>
				<range>413.6885116507651</range>
				<gx:altitudeMode>relativeToSeaFloor</gx:altitudeMode>
			</LookAt>
			<styleUrl>#m_ylw-pushpin</styleUrl>
			<Point>
				<gx:drawOrder>1</gx:drawOrder>
				<coordinates>-1.841338472317344,6.257283640849666,0</coordinates>
			</Point>
		</Placemark>
		<Placemark>
			<name>coc224</name>
			<LookAt>
				<gx:TimeStamp><when>2025-01-07</when>
</gx:TimeStamp>
				<gx:ViewerOptions>
					<gx:option name="historicalimagery"></gx:option>
					<gx:option enabled="0" name="sunlight"></gx:option>
					<gx:option enabled="0" name="streetview"></gx:option>
				</gx:ViewerOptions>
				<longitude>-1.838437798397315</longitude>
				<latitude>6.256054406745442</latitude>
				<altitude>0</altitude>
				<heading>-0.02389073254996762</heading>
				<tilt>27.50739057792053</tilt>
				<range>403.417037716351</range>
				<gx:altitudeMode>relativeToSeaFloor</gx:altitudeMode>
			</LookAt>
			<styleUrl>#m_ylw-pushpin</styleUrl>
			<Point>
				<gx:drawOrder>1</gx:drawOrder>
				<coordinates>-1.83745231422324,6.256187268643459,0</coordinates>
			</Point>
		</Placemark>
		<Placemark>
			<name>coc225</name>
			<LookAt>
				<gx:TimeStamp><when>2025-01-07</when>
</gx:TimeStamp>
				<gx:ViewerOptions>
					<gx:option name="historicalimagery"></gx:option>
					<gx:option enabled="0" name="sunlight"></gx:option>
					<gx:option enabled="0" name="streetview"></gx:option>
				</gx:ViewerOptions>
				<longitude>-1.83786151861687</longitude>
				<latitude>6.254171829573231</latitude>
				<altitude>0</altitude>
				<heading>-0.02382793340897736</heading>
				<tilt>27.50745897025758</tilt>
				<range>419.9015687143793</range>
				<gx:altitudeMode>relativeToSeaFloor</gx:altitudeMode>
			</LookAt>
			<styleUrl>#m_ylw-pushpin</styleUrl>
			<Point>
				<gx:drawOrder>1</gx:drawOrder>
				<coordinates>-1.839032412737691,6.253610164933168,0</coordinates>
			</Point>
		</Placemark>
		<Placemark>
			<name>coc226</name>
			<LookAt>
				<gx:TimeStamp><when>2025-01-07</when>
</gx:TimeStamp>
				<gx:ViewerOptions>
					<gx:option name="historicalimagery"></gx:option>
					<gx:option enabled="0" name="sunlight"></gx:option>
					<gx:option enabled="0" name="streetview"></gx:option>
				</gx:ViewerOptions>
				<longitude>-1.832043933450129</longitude>
				<latitude>6.256022396557065</latitude>
				<altitude>0</altitude>
				<heading>-0.02319409757734338</heading>
				<tilt>27.50735141607247</tilt>
				<range>393.9778589716564</range>
				<gx:altitudeMode>relativeToSeaFloor</gx:altitudeMode>
			</LookAt>
			<styleUrl>#m_ylw-pushpin</styleUrl>
			<Point>
				<gx:drawOrder>1</gx:drawOrder>
				<coordinates>-1.832843587278253,6.255919944449888,0</coordinates>
			</Point>
		</Placemark>
		<Placemark>
			<name>coc227</name>
			<LookAt>
				<gx:TimeStamp><when>2025-01-07</when>
</gx:TimeStamp>
				<gx:ViewerOptions>
					<gx:option name="historicalimagery"></gx:option>
					<gx:option enabled="0" name="sunlight"></gx:option>
					<gx:option enabled="0" name="streetview"></gx:option>
				</gx:ViewerOptions>
				<longitude>-1.82906353615285</longitude>
				<latitude>6.255329858383089</latitude>
				<altitude>0</altitude>
				<heading>-0.02286932374755098</heading>
				<tilt>27.50741943319287</tilt>
				<range>410.3719699180142</range>
				<gx:altitudeMode>relativeToSeaFloor</gx:altitudeMode>
			</LookAt>
			<styleUrl>#m_ylw-pushpin</styleUrl>
			<Point>
				<gx:drawOrder>1</gx:drawOrder>
				<coordinates>-1.828945990668934,6.255784790068593,0</coordinates>
			</Point>
		</Placemark>
		<Placemark>
			<name>coc228</name>
			<LookAt>
				<gx:TimeStamp><when>2025-01-07</when>
</gx:TimeStamp>
				<gx:ViewerOptions>
					<gx:option name="historicalimagery"></gx:option>
					<gx:option enabled="0" name="sunlight"></gx:option>
					<gx:option enabled="0" name="streetview"></gx:option>
				</gx:ViewerOptions>
				<longitude>-1.828651787017783</longitude>
				<latitude>6.254545944999898</latitude>
				<altitude>0</altitude>
				<heading>-0.02282444611473896</heading>
				<tilt>27.50742992824537</tilt>
				<range>412.9016265393162</range>
				<gx:altitudeMode>relativeToSeaFloor</gx:altitudeMode>
			</LookAt>
			<styleUrl>#m_ylw-pushpin</styleUrl>
			<Point>
				<gx:drawOrder>1</gx:drawOrder>
				<coordinates>-1.828526165200045,6.254963412991883,0</coordinates>
			</Point>
		</Placemark>
		<Placemark>
			<name>coc229</name>
			<LookAt>
				<gx:TimeStamp><when>2025-01-07</when>
</gx:TimeStamp>
				<gx:ViewerOptions>
					<gx:option name="historicalimagery"></gx:option>
					<gx:option enabled="0" name="sunlight"></gx:option>
					<gx:option enabled="0" name="streetview"></gx:option>
				</gx:ViewerOptions>
				<longitude>-1.828576604311942</longitude>
				<latitude>6.253972279869765</latitude>
				<altitude>0</altitude>
				<heading>-0.02281624875215206</heading>
				<tilt>27.50743579989756</tilt>
				<range>414.3168643029095</range>
				<gx:altitudeMode>relativeToSeaFloor</gx:altitudeMode>
			</LookAt>
			<styleUrl>#m_ylw-pushpin</styleUrl>
			<Point>
				<gx:drawOrder>1</gx:drawOrder>
				<coordinates>-1.828616030960828,6.254416806622361,0</coordinates>
			</Point>
		</Placemark>
		<Placemark>
			<name>coc230</name>
			<LookAt>
				<gx:TimeStamp><when>2025-01-07</when>
</gx:TimeStamp>
				<gx:ViewerOptions>
					<gx:option name="historicalimagery"></gx:option>
					<gx:option enabled="0" name="sunlight"></gx:option>
					<gx:option enabled="0" name="streetview"></gx:option>
				</gx:ViewerOptions>
				<longitude>-1.831038757668979</longitude>
				<latitude>6.261625440754739</latitude>
				<altitude>0</altitude>
				<heading>-0.02308473738159499</heading>
				<tilt>27.50743565275593</tilt>
				<range>414.2813568047547</range>
				<gx:altitudeMode>relativeToSeaFloor</gx:altitudeMode>
			</LookAt>
			<styleUrl>#m_ylw-pushpin</styleUrl>
			<Point>
				<gx:drawOrder>1</gx:drawOrder>
				<coordinates>-1.831824880826309,6.262041735052362,0</coordinates>
			</Point>
		</Placemark>
		<Placemark>
			<name>coc231</name>
			<LookAt>
				<gx:TimeStamp><when>2025-01-07</when>
</gx:TimeStamp>
				<gx:ViewerOptions>
					<gx:option name="historicalimagery"></gx:option>
					<gx:option enabled="0" name="sunlight"></gx:option>
					<gx:option enabled="0" name="streetview"></gx:option>
				</gx:ViewerOptions>
				<longitude>-1.829900850455374</longitude>
				<latitude>6.262090306517245</latitude>
				<altitude>0</altitude>
				<heading>-0.02296063153085795</heading>
				<tilt>27.50741918878449</tilt>
				<range>410.3130740712233</range>
				<gx:altitudeMode>relativeToSeaFloor</gx:altitudeMode>
			</LookAt>
			<styleUrl>#m_ylw-pushpin</styleUrl>
			<Point>
				<gx:drawOrder>1</gx:drawOrder>
				<coordinates>-1.830597630823118,6.26273605748711,0</coordinates>
			</Point>
		</Placemark>
		<Placemark>
			<name>coc232</name>
			<LookAt>
				<gx:TimeStamp><when>2025-01-07</when>
</gx:TimeStamp>
				<gx:ViewerOptions>
					<gx:option name="historicalimagery"></gx:option>
					<gx:option enabled="0" name="sunlight"></gx:option>
					<gx:option enabled="0" name="streetview"></gx:option>
				</gx:ViewerOptions>
				<longitude>-1.830508038980723</longitude>
				<latitude>6.26286075145998</latitude>
				<altitude>0</altitude>
				<heading>-0.02302687593045005</heading>
				<tilt>27.50742794998123</tilt>
				<range>412.4247845989604</range>
				<gx:altitudeMode>relativeToSeaFloor</gx:altitudeMode>
			</LookAt>
			<styleUrl>#m_ylw-pushpin</styleUrl>
			<Point>
				<gx:drawOrder>1</gx:drawOrder>
				<coordinates>-1.831291763425504,6.263035194243118,0</coordinates>
			</Point>
		</Placemark>
		<Placemark>
			<name>coc232</name>
			<LookAt>
				<gx:TimeStamp><when>2025-01-07</when>
</gx:TimeStamp>
				<gx:ViewerOptions>
					<gx:option name="historicalimagery"></gx:option>
					<gx:option enabled="0" name="sunlight"></gx:option>
					<gx:option enabled="0" name="streetview"></gx:option>
				</gx:ViewerOptions>
				<longitude>-1.82898386980737</longitude>
				<latitude>6.261988920960217</latitude>
				<altitude>0</altitude>
				<heading>-0.02241175043824971</heading>
				<tilt>27.56570150475022</tilt>
				<range>403.8588534753629</range>
				<gx:altitudeMode>relativeToSeaFloor</gx:altitudeMode>
			</LookAt>
			<styleUrl>#m_ylw-pushpin</styleUrl>
			<Point>
				<gx:drawOrder>1</gx:drawOrder>
				<coordinates>-1.829770621647626,6.262176333485085,0</coordinates>
			</Point>
		</Placemark>
		<Placemark>
			<name>coc233</name>
			<LookAt>
				<gx:TimeStamp><when>2025-01-07</when>
</gx:TimeStamp>
				<gx:ViewerOptions>
					<gx:option name="historicalimagery"></gx:option>
					<gx:option enabled="0" name="sunlight"></gx:option>
					<gx:option enabled="0" name="streetview"></gx:option>
				</gx:ViewerOptions>
				<longitude>-1.827747278413308</longitude>
				<latitude>6.262508902995451</latitude>
				<altitude>0</altitude>
				<heading>-0.02227686574687885</heading>
				<tilt>27.56568383876157</tilt>
				<range>399.609110016132</range>
				<gx:altitudeMode>relativeToSeaFloor</gx:altitudeMode>
			</LookAt>
			<styleUrl>#m_ylw-pushpin</styleUrl>
			<Point>
				<gx:drawOrder>1</gx:drawOrder>
				<coordinates>-1.827841787997266,6.262112483558769,0</coordinates>
			</Point>
		</Placemark>
		<Placemark>
			<name>coc234</name>
			<LookAt>
				<gx:TimeStamp><when>2025-01-07</when>
</gx:TimeStamp>
				<gx:ViewerOptions>
					<gx:option name="historicalimagery"></gx:option>
					<gx:option enabled="0" name="sunlight"></gx:option>
					<gx:option enabled="0" name="streetview"></gx:option>
				</gx:ViewerOptions>
				<longitude>-1.822197719821501</longitude>
				<latitude>6.265188058807701</latitude>
				<altitude>0</altitude>
				<heading>-0.02167126354241941</heading>
				<tilt>27.56568257324395</tilt>
				<range>399.304689110326</range>
				<gx:altitudeMode>relativeToSeaFloor</gx:altitudeMode>
			</LookAt>
			<styleUrl>#m_ylw-pushpin</styleUrl>
			<Point>
				<gx:drawOrder>1</gx:drawOrder>
				<coordinates>-1.821270912057527,6.26544642666354,0</coordinates>
			</Point>
		</Placemark>
		<Placemark>
			<name>coc235</name>
			<LookAt>
				<gx:TimeStamp><when>2025-01-07</when>
</gx:TimeStamp>
				<gx:ViewerOptions>
					<gx:option name="historicalimagery"></gx:option>
					<gx:option enabled="0" name="sunlight"></gx:option>
					<gx:option enabled="0" name="streetview"></gx:option>
				</gx:ViewerOptions>
				<longitude>-1.820952357124994</longitude>
				<latitude>6.263861199704394</latitude>
				<altitude>0</altitude>
				<heading>-0.02153537091184128</heading>
				<tilt>27.56562146263414</tilt>
				<range>384.6039383182421</range>
				<gx:altitudeMode>relativeToSeaFloor</gx:altitudeMode>
			</LookAt>
			<styleUrl>#m_ylw-pushpin</styleUrl>
			<Point>
				<gx:drawOrder>1</gx:drawOrder>
				<coordinates>-1.822242423394305,6.264312670842201,0</coordinates>
			</Point>
		</Placemark>
		<Placemark>
			<name>coc236</name>
			<LookAt>
				<gx:TimeStamp><when>2025-01-07</when>
</gx:TimeStamp>
				<gx:ViewerOptions>
					<gx:option name="historicalimagery"></gx:option>
					<gx:option enabled="0" name="sunlight"></gx:option>
					<gx:option enabled="0" name="streetview"></gx:option>
				</gx:ViewerOptions>
				<longitude>-1.816792058771957</longitude>
				<latitude>6.265240308591756</latitude>
				<altitude>0</altitude>
				<heading>-0.02108128451430844</heading>
				<tilt>27.56556239291515</tilt>
				<range>370.3940293793324</range>
				<gx:altitudeMode>relativeToSeaFloor</gx:altitudeMode>
			</LookAt>
			<styleUrl>#m_ylw-pushpin</styleUrl>
			<Point>
				<gx:drawOrder>1</gx:drawOrder>
				<coordinates>-1.81736211554769,6.264933512466791,0</coordinates>
			</Point>
		</Placemark>
		<Placemark>
			<name>coc237</name>
			<LookAt>
				<gx:TimeStamp><when>2025-01-07</when>
</gx:TimeStamp>
				<gx:ViewerOptions>
					<gx:option name="historicalimagery"></gx:option>
					<gx:option enabled="0" name="sunlight"></gx:option>
					<gx:option enabled="0" name="streetview"></gx:option>
				</gx:ViewerOptions>
				<longitude>-2.457309459422606</longitude>
				<latitude>6.633092238641265</latitude>
				<altitude>0</altitude>
				<heading>-0.07773784589436973</heading>
				<tilt>28.56143011325691</tilt>
				<range>444.2578581389189</range>
				<gx:altitudeMode>relativeToSeaFloor</gx:altitudeMode>
			</LookAt>
			<styleUrl>#m_ylw-pushpin</styleUrl>
			<Point>
				<gx:drawOrder>1</gx:drawOrder>
				<coordinates>-2.457725324168466,6.633322840809544,0</coordinates>
			</Point>
		</Placemark>
		<Placemark>
			<name>coc238</name>
			<LookAt>
				<gx:TimeStamp><when>2025-01-07</when>
</gx:TimeStamp>
				<gx:ViewerOptions>
					<gx:option name="historicalimagery"></gx:option>
					<gx:option enabled="0" name="sunlight"></gx:option>
					<gx:option enabled="0" name="streetview"></gx:option>
				</gx:ViewerOptions>
				<longitude>-2.456014546726966</longitude>
				<latitude>6.632612053295032</latitude>
				<altitude>0</altitude>
				<heading>-0.08797196404540368</heading>
				<tilt>27.2032690680753</tilt>
				<range>312.6137704122833</range>
				<gx:altitudeMode>relativeToSeaFloor</gx:altitudeMode>
			</LookAt>
			<styleUrl>#m_ylw-pushpin</styleUrl>
			<Point>
				<gx:drawOrder>1</gx:drawOrder>
				<coordinates>-2.456126504123689,6.632108000988781,0</coordinates>
			</Point>
		</Placemark>
		<Placemark>
			<name>coc239</name>
			<LookAt>
				<gx:TimeStamp><when>2025-01-07</when>
</gx:TimeStamp>
				<gx:ViewerOptions>
					<gx:option name="historicalimagery"></gx:option>
					<gx:option enabled="0" name="sunlight"></gx:option>
					<gx:option enabled="0" name="streetview"></gx:option>
				</gx:ViewerOptions>
				<longitude>-2.455332136058682</longitude>
				<latitude>6.63387733430393</latitude>
				<altitude>0</altitude>
				<heading>-0.08789315091853188</heading>
				<tilt>27.20323987074896</tilt>
				<range>305.50377000911</range>
				<gx:altitudeMode>relativeToSeaFloor</gx:altitudeMode>
			</LookAt>
			<styleUrl>#m_ylw-pushpin</styleUrl>
			<Point>
				<gx:drawOrder>1</gx:drawOrder>
				<coordinates>-2.45505989064478,6.634276082930418,0</coordinates>
			</Point>
		</Placemark>
		<Placemark>
			<name>coc240</name>
			<LookAt>
				<gx:TimeStamp><when>2025-01-07</when>
</gx:TimeStamp>
				<gx:ViewerOptions>
					<gx:option name="historicalimagery"></gx:option>
					<gx:option enabled="0" name="sunlight"></gx:option>
					<gx:option enabled="0" name="streetview"></gx:option>
				</gx:ViewerOptions>
				<longitude>-2.453686259659812</longitude>
				<latitude>6.629180483066316</latitude>
				<altitude>0</altitude>
				<heading>-0.0877031697592833</heading>
				<tilt>27.20319279805367</tilt>
				<range>294.0408019671794</range>
				<gx:altitudeMode>relativeToSeaFloor</gx:altitudeMode>
			</LookAt>
			<styleUrl>#m_ylw-pushpin</styleUrl>
			<Point>
				<gx:drawOrder>1</gx:drawOrder>
				<coordinates>-2.453873404951895,6.629160423522348,0</coordinates>
			</Point>
		</Placemark>
		<Placemark>
			<name>coc241</name>
			<LookAt>
				<gx:TimeStamp><when>2025-01-07</when>
</gx:TimeStamp>
				<gx:ViewerOptions>
					<gx:option name="historicalimagery"></gx:option>
					<gx:option enabled="0" name="sunlight"></gx:option>
					<gx:option enabled="0" name="streetview"></gx:option>
				</gx:ViewerOptions>
				<longitude>-2.457380289908283</longitude>
				<latitude>6.638807301114598</latitude>
				<altitude>0</altitude>
				<heading>-0.08813019959705347</heading>
				<tilt>27.20332929312354</tilt>
				<range>327.2794489432632</range>
				<gx:altitudeMode>relativeToSeaFloor</gx:altitudeMode>
			</LookAt>
			<styleUrl>#m_ylw-pushpin</styleUrl>
			<Point>
				<gx:drawOrder>1</gx:drawOrder>
				<coordinates>-2.457535644649085,6.638669330467422,0</coordinates>
			</Point>
		</Placemark>
		<Placemark>
			<name>coc242</name>
			<LookAt>
				<gx:TimeStamp><when>2025-01-07</when>
</gx:TimeStamp>
				<gx:ViewerOptions>
					<gx:option name="historicalimagery"></gx:option>
					<gx:option enabled="0" name="sunlight"></gx:option>
					<gx:option enabled="0" name="streetview"></gx:option>
				</gx:ViewerOptions>
				<longitude>-2.455187332892944</longitude>
				<latitude>6.635754827361766</latitude>
				<altitude>0</altitude>
				<heading>-0.0878767914970633</heading>
				<tilt>27.20325789434342</tilt>
				<range>309.8928061485517</range>
				<gx:altitudeMode>relativeToSeaFloor</gx:altitudeMode>
			</LookAt>
			<styleUrl>#m_ylw-pushpin</styleUrl>
			<Point>
				<gx:drawOrder>1</gx:drawOrder>
				<coordinates>-2.455385851673278,6.635374905522894,0</coordinates>
			</Point>
		</Placemark>
		<Placemark>
			<name>coc243</name>
			<LookAt>
				<gx:TimeStamp><when>2025-01-07</when>
</gx:TimeStamp>
				<gx:ViewerOptions>
					<gx:option name="historicalimagery"></gx:option>
					<gx:option enabled="0" name="sunlight"></gx:option>
					<gx:option enabled="0" name="streetview"></gx:option>
				</gx:ViewerOptions>
				<longitude>-2.453176738697051</longitude>
				<latitude>6.638127127568818</latitude>
				<altitude>0</altitude>
				<heading>-0.06718326004325084</heading>
				<tilt>30.00103982463759</tilt>
				<range>232.929930262561</range>
				<gx:altitudeMode>relativeToSeaFloor</gx:altitudeMode>
			</LookAt>
			<styleUrl>#m_ylw-pushpin</styleUrl>
			<Point>
				<gx:drawOrder>1</gx:drawOrder>
				<coordinates>-2.453636266657115,6.637607252388046,0</coordinates>
			</Point>
		</Placemark>
		<Placemark>
			<name>coc244</name>
			<LookAt>
				<gx:TimeStamp><when>2025-01-07</when>
</gx:TimeStamp>
				<gx:ViewerOptions>
					<gx:option name="historicalimagery"></gx:option>
					<gx:option enabled="0" name="sunlight"></gx:option>
					<gx:option enabled="0" name="streetview"></gx:option>
				</gx:ViewerOptions>
				<longitude>-2.450598135307807</longitude>
				<latitude>6.638174917349764</latitude>
				<altitude>0</altitude>
				<heading>-0.06688518712691657</heading>
				<tilt>30.00102167055487</tilt>
				<range>228.8881485557041</range>
				<gx:altitudeMode>relativeToSeaFloor</gx:altitudeMode>
			</LookAt>
			<styleUrl>#m_ylw-pushpin</styleUrl>
			<Point>
				<gx:drawOrder>1</gx:drawOrder>
				<coordinates>-2.450694072392153,6.638214210310586,0</coordinates>
			</Point>
		</Placemark>
		<Placemark>
			<name>coc245</name>
			<LookAt>
				<gx:TimeStamp><when>2025-01-07</when>
</gx:TimeStamp>
				<gx:ViewerOptions>
					<gx:option name="historicalimagery"></gx:option>
					<gx:option enabled="0" name="sunlight"></gx:option>
					<gx:option enabled="0" name="streetview"></gx:option>
				</gx:ViewerOptions>
				<longitude>-2.449177697629018</longitude>
				<latitude>6.63831567437914</latitude>
				<altitude>0</altitude>
				<heading>-0.06672099037180348</heading>
				<tilt>30.00101326168275</tilt>
				<range>227.0160022466019</range>
				<gx:altitudeMode>relativeToSeaFloor</gx:altitudeMode>
			</LookAt>
			<styleUrl>#m_ylw-pushpin</styleUrl>
			<Point>
				<gx:drawOrder>1</gx:drawOrder>
				<coordinates>-2.449789300590094,6.638342333592654,0</coordinates>
			</Point>
		</Placemark>
		<Placemark>
			<name>coc246</name>
			<LookAt>
				<gx:TimeStamp><when>2025-01-07</when>
</gx:TimeStamp>
				<gx:ViewerOptions>
					<gx:option name="historicalimagery"></gx:option>
					<gx:option enabled="0" name="sunlight"></gx:option>
					<gx:option enabled="0" name="streetview"></gx:option>
				</gx:ViewerOptions>
				<longitude>-2.449852338666353</longitude>
				<latitude>6.641552832710645</latitude>
				<altitude>0</altitude>
				<heading>-0.06679894170089937</heading>
				<tilt>30.00110735773731</tilt>
				<range>247.9653362821302</range>
				<gx:altitudeMode>relativeToSeaFloor</gx:altitudeMode>
			</LookAt>
			<styleUrl>#m_ylw-pushpin</styleUrl>
			<Point>
				<gx:drawOrder>1</gx:drawOrder>
				<coordinates>-2.450281110878128,6.641666028580887,0</coordinates>
			</Point>
		</Placemark>
		<Placemark>
			<name>coc247</name>
			<LookAt>
				<gx:TimeStamp><when>2025-06-23</when>
</gx:TimeStamp>
				<gx:ViewerOptions>
					<gx:option name="historicalimagery"></gx:option>
					<gx:option enabled="0" name="sunlight"></gx:option>
					<gx:option enabled="0" name="streetview"></gx:option>
				</gx:ViewerOptions>
				<longitude>-2.555804046963301</longitude>
				<latitude>5.102451740322336</latitude>
				<altitude>0</altitude>
				<heading>-0.02269347711199019</heading>
				<tilt>26.40428798367013</tilt>
				<range>521.0247491536589</range>
				<gx:altitudeMode>relativeToSeaFloor</gx:altitudeMode>
			</LookAt>
			<styleUrl>#m_ylw-pushpin</styleUrl>
			<Point>
				<gx:drawOrder>1</gx:drawOrder>
				<coordinates>-2.556977563347998,5.102920616627895,0</coordinates>
			</Point>
		</Placemark>
		<Placemark>
			<name>coc248</name>
			<LookAt>
				<gx:TimeStamp><when>2025-06-23</when>
</gx:TimeStamp>
				<gx:ViewerOptions>
					<gx:option name="historicalimagery"></gx:option>
					<gx:option enabled="0" name="sunlight"></gx:option>
					<gx:option enabled="0" name="streetview"></gx:option>
				</gx:ViewerOptions>
				<longitude>-2.555056235023569</longitude>
				<latitude>5.10335432989356</latitude>
				<altitude>0</altitude>
				<heading>-0.02262696319523238</heading>
				<tilt>26.40429029024519</tilt>
				<range>521.6020713017474</range>
				<gx:altitudeMode>relativeToSeaFloor</gx:altitudeMode>
			</LookAt>
			<styleUrl>#m_ylw-pushpin</styleUrl>
			<Point>
				<gx:drawOrder>1</gx:drawOrder>
				<coordinates>-2.555892503675307,5.10348037863001,0</coordinates>
			</Point>
		</Placemark>
		<Placemark>
			<name>coc249</name>
			<LookAt>
				<gx:TimeStamp><when>2025-06-23</when>
</gx:TimeStamp>
				<gx:ViewerOptions>
					<gx:option name="historicalimagery"></gx:option>
					<gx:option enabled="0" name="sunlight"></gx:option>
					<gx:option enabled="0" name="streetview"></gx:option>
				</gx:ViewerOptions>
				<longitude>-2.561387422006417</longitude>
				<latitude>5.103672441770248</latitude>
				<altitude>0</altitude>
				<heading>-0.0231900454316991</heading>
				<tilt>26.404282084713</tilt>
				<range>519.5480312375705</range>
				<gx:altitudeMode>relativeToSeaFloor</gx:altitudeMode>
			</LookAt>
			<styleUrl>#m_ylw-pushpin</styleUrl>
			<Point>
				<gx:drawOrder>1</gx:drawOrder>
				<coordinates>-2.562921017608327,5.103748623435406,0</coordinates>
			</Point>
		</Placemark>
		<Placemark>
			<name>coc250</name>
			<LookAt>
				<gx:TimeStamp><when>2025-06-23</when>
</gx:TimeStamp>
				<gx:ViewerOptions>
					<gx:option name="historicalimagery"></gx:option>
					<gx:option enabled="0" name="sunlight"></gx:option>
					<gx:option enabled="0" name="streetview"></gx:option>
				</gx:ViewerOptions>
				<longitude>-2.559665794399371</longitude>
				<latitude>5.102280182791923</latitude>
				<altitude>0</altitude>
				<heading>-0.04062370648345438</heading>
				<tilt>24.61005653259596</tilt>
				<range>595.651401499545</range>
				<gx:altitudeMode>relativeToSeaFloor</gx:altitudeMode>
			</LookAt>
			<styleUrl>#m_ylw-pushpin</styleUrl>
			<Point>
				<gx:drawOrder>1</gx:drawOrder>
				<coordinates>-2.560329916677252,5.103114642514974,0</coordinates>
			</Point>
		</Placemark>
		<Placemark>
			<name>coc251</name>
			<LookAt>
				<gx:TimeStamp><when>2025-06-23</when>
</gx:TimeStamp>
				<gx:ViewerOptions>
					<gx:option name="historicalimagery"></gx:option>
					<gx:option enabled="0" name="sunlight"></gx:option>
					<gx:option enabled="0" name="streetview"></gx:option>
				</gx:ViewerOptions>
				<longitude>-2.560333793786495</longitude>
				<latitude>5.094307612960169</latitude>
				<altitude>0</altitude>
				<heading>-0.04068283329889497</heading>
				<tilt>24.61182115564961</tilt>
				<range>1067.412251427034</range>
				<gx:altitudeMode>relativeToSeaFloor</gx:altitudeMode>
			</LookAt>
			<styleUrl>#m_ylw-pushpin</styleUrl>
			<Point>
				<gx:drawOrder>1</gx:drawOrder>
				<coordinates>-2.562113629920001,5.093703383230896,0</coordinates>
			</Point>
		</Placemark>
		<Placemark>
			<name>coc252</name>
			<LookAt>
				<gx:TimeStamp><when>2025-06-23</when>
</gx:TimeStamp>
				<gx:ViewerOptions>
					<gx:option name="historicalimagery"></gx:option>
					<gx:option enabled="0" name="sunlight"></gx:option>
					<gx:option enabled="0" name="streetview"></gx:option>
				</gx:ViewerOptions>
				<longitude>-2.555439237845328</longitude>
				<latitude>5.095551133653332</latitude>
				<altitude>0</altitude>
				<heading>-0.04024824452553097</heading>
				<tilt>24.61477475278874</tilt>
				<range>1856.990469291847</range>
				<gx:altitudeMode>relativeToSeaFloor</gx:altitudeMode>
			</LookAt>
			<styleUrl>#m_ylw-pushpin</styleUrl>
			<Point>
				<gx:drawOrder>1</gx:drawOrder>
				<coordinates>-2.559900476861944,5.098305365658448,0</coordinates>
			</Point>
		</Placemark>
		<Placemark>
			<name>coc253</name>
			<LookAt>
				<gx:TimeStamp><when>2025-06-23</when>
</gx:TimeStamp>
				<gx:ViewerOptions>
					<gx:option name="historicalimagery"></gx:option>
					<gx:option enabled="0" name="sunlight"></gx:option>
					<gx:option enabled="0" name="streetview"></gx:option>
				</gx:ViewerOptions>
				<longitude>-2.556670081201934</longitude>
				<latitude>5.091589168552539</latitude>
				<altitude>0</altitude>
				<heading>-0.04035758202010788</heading>
				<tilt>24.61476612880681</tilt>
				<range>1854.685842765664</range>
				<gx:altitudeMode>relativeToSeaFloor</gx:altitudeMode>
			</LookAt>
			<styleUrl>#m_ylw-pushpin</styleUrl>
			<Point>
				<gx:drawOrder>1</gx:drawOrder>
				<coordinates>-2.557255953521672,5.091751897824845,0</coordinates>
			</Point>
		</Placemark>
		<Placemark>
			<name>coc254</name>
			<LookAt>
				<gx:TimeStamp><when>2025-06-23</when>
</gx:TimeStamp>
				<gx:ViewerOptions>
					<gx:option name="historicalimagery"></gx:option>
					<gx:option enabled="0" name="sunlight"></gx:option>
					<gx:option enabled="0" name="streetview"></gx:option>
				</gx:ViewerOptions>
				<longitude>-2.556670081201934</longitude>
				<latitude>5.091589168552539</latitude>
				<altitude>0</altitude>
				<heading>-0.04035758202010788</heading>
				<tilt>24.61476612880681</tilt>
				<range>1854.685842765664</range>
				<gx:altitudeMode>relativeToSeaFloor</gx:altitudeMode>
			</LookAt>
			<styleUrl>#m_ylw-pushpin</styleUrl>
			<Point>
				<gx:drawOrder>1</gx:drawOrder>
				<coordinates>-2.558542748218749,5.096327362454289,0</coordinates>
			</Point>
		</Placemark>
		<Placemark>
			<name>coc255</name>
			<LookAt>
				<gx:TimeStamp><when>2025-06-23</when>
</gx:TimeStamp>
				<gx:ViewerOptions>
					<gx:option name="historicalimagery"></gx:option>
					<gx:option enabled="0" name="sunlight"></gx:option>
					<gx:option enabled="0" name="streetview"></gx:option>
				</gx:ViewerOptions>
				<longitude>-2.556670081201934</longitude>
				<latitude>5.091589168552539</latitude>
				<altitude>0</altitude>
				<heading>-0.04035758202010788</heading>
				<tilt>24.61476612880681</tilt>
				<range>1854.685842765664</range>
				<gx:altitudeMode>relativeToSeaFloor</gx:altitudeMode>
			</LookAt>
			<styleUrl>#m_ylw-pushpin</styleUrl>
			<Point>
				<gx:drawOrder>1</gx:drawOrder>
				<coordinates>-2.559943835146237,5.095737641102083,0</coordinates>
			</Point>
		</Placemark>
		<Placemark>
			<name>coc256</name>
			<LookAt>
				<gx:TimeStamp><when>2025-06-23</when>
</gx:TimeStamp>
				<gx:ViewerOptions>
					<gx:option name="historicalimagery"></gx:option>
					<gx:option enabled="0" name="sunlight"></gx:option>
					<gx:option enabled="0" name="streetview"></gx:option>
				</gx:ViewerOptions>
				<longitude>-2.556670081201934</longitude>
				<latitude>5.091589168552539</latitude>
				<altitude>0</altitude>
				<heading>-0.04035758202010788</heading>
				<tilt>24.61476612880681</tilt>
				<range>1854.685842765664</range>
				<gx:altitudeMode>relativeToSeaFloor</gx:altitudeMode>
			</LookAt>
			<styleUrl>#m_ylw-pushpin</styleUrl>
			<Point>
				<gx:drawOrder>1</gx:drawOrder>
				<coordinates>-2.555154878249367,5.091494510832206,0</coordinates>
			</Point>
		</Placemark>
		<Placemark>
			<name>coc257</name>
			<LookAt>
				<gx:TimeStamp><when>2025-06-23</when>
</gx:TimeStamp>
				<gx:ViewerOptions>
					<gx:option name="historicalimagery"></gx:option>
					<gx:option enabled="0" name="sunlight"></gx:option>
					<gx:option enabled="0" name="streetview"></gx:option>
				</gx:ViewerOptions>
				<longitude>-2.550261001011902</longitude>
				<latitude>5.082458312577018</latitude>
				<altitude>0</altitude>
				<heading>-0.03978895143703032</heading>
				<tilt>24.61482479479</tilt>
				<range>1870.36505935269</range>
				<gx:altitudeMode>relativeToSeaFloor</gx:altitudeMode>
			</LookAt>
			<styleUrl>#m_ylw-pushpin</styleUrl>
			<Point>
				<gx:drawOrder>1</gx:drawOrder>
				<coordinates>-2.553610820702067,5.081839759559882,0</coordinates>
			</Point>
		</Placemark>
		<Placemark>
			<name>coc258</name>
			<LookAt>
				<gx:TimeStamp><when>2025-06-23</when>
</gx:TimeStamp>
				<gx:ViewerOptions>
					<gx:option name="historicalimagery"></gx:option>
					<gx:option enabled="0" name="sunlight"></gx:option>
					<gx:option enabled="0" name="streetview"></gx:option>
				</gx:ViewerOptions>
				<longitude>-2.550470372647801</longitude>
				<latitude>5.079878794028914</latitude>
				<altitude>0</altitude>
				<heading>-0.03980730346867106</heading>
				<tilt>24.61485240300338</tilt>
				<range>1877.743813359331</range>
				<gx:altitudeMode>relativeToSeaFloor</gx:altitudeMode>
			</LookAt>
			<styleUrl>#m_ylw-pushpin</styleUrl>
			<Point>
				<gx:drawOrder>1</gx:drawOrder>
				<coordinates>-2.551372922067592,5.081511891644663,0</coordinates>
			</Point>
		</Placemark>
		<Placemark>
			<name>coc259</name>
			<LookAt>
				<gx:TimeStamp><when>2025-06-23</when>
</gx:TimeStamp>
				<gx:ViewerOptions>
					<gx:option name="historicalimagery"></gx:option>
					<gx:option enabled="0" name="sunlight"></gx:option>
					<gx:option enabled="0" name="streetview"></gx:option>
				</gx:ViewerOptions>
				<longitude>-2.550470372647801</longitude>
				<latitude>5.079878794028914</latitude>
				<altitude>0</altitude>
				<heading>-0.03980730346867106</heading>
				<tilt>24.61485240300338</tilt>
				<range>1877.743813359331</range>
				<gx:altitudeMode>relativeToSeaFloor</gx:altitudeMode>
			</LookAt>
			<styleUrl>#m_ylw-pushpin</styleUrl>
			<Point>
				<gx:drawOrder>1</gx:drawOrder>
				<coordinates>-2.555265950349445,5.075212451843919,0</coordinates>
			</Point>
		</Placemark>
		<Placemark>
			<name>coc260</name>
			<LookAt>
				<gx:TimeStamp><when>2025-06-23</when>
</gx:TimeStamp>
				<gx:ViewerOptions>
					<gx:option name="historicalimagery"></gx:option>
					<gx:option enabled="0" name="sunlight"></gx:option>
					<gx:option enabled="0" name="streetview"></gx:option>
				</gx:ViewerOptions>
				<longitude>-2.543773815608593</longitude>
				<latitude>5.071604119973305</latitude>
				<altitude>0</altitude>
				<heading>-0.03921489815632755</heading>
				<tilt>24.61481934272187</tilt>
				<range>1868.908083867479</range>
				<gx:altitudeMode>relativeToSeaFloor</gx:altitudeMode>
			</LookAt>
			<styleUrl>#m_ylw-pushpin</styleUrl>
			<Point>
				<gx:drawOrder>1</gx:drawOrder>
				<coordinates>-2.545183285896976,5.069883297810134,0</coordinates>
			</Point>
		</Placemark>
		<Placemark>
			<name>coc261</name>
			<LookAt>
				<gx:TimeStamp><when>2025-06-23</when>
</gx:TimeStamp>
				<gx:ViewerOptions>
					<gx:option name="historicalimagery"></gx:option>
					<gx:option enabled="0" name="sunlight"></gx:option>
					<gx:option enabled="0" name="streetview"></gx:option>
				</gx:ViewerOptions>
				<longitude>-2.540646955177124</longitude>
				<latitude>5.067042461456066</latitude>
				<altitude>0</altitude>
				<heading>-0.03893863000924066</heading>
				<tilt>24.61481625822175</tilt>
				<range>1868.083669592655</range>
				<gx:altitudeMode>relativeToSeaFloor</gx:altitudeMode>
			</LookAt>
			<styleUrl>#m_ylw-pushpin</styleUrl>
			<Point>
				<gx:drawOrder>1</gx:drawOrder>
				<coordinates>-2.541856727951661,5.068748251382444,0</coordinates>
			</Point>
		</Placemark>
		<Placemark>
			<name>coc262</name>
			<LookAt>
				<gx:TimeStamp><when>2025-06-23</when>
</gx:TimeStamp>
				<gx:ViewerOptions>
					<gx:option name="historicalimagery"></gx:option>
					<gx:option enabled="0" name="sunlight"></gx:option>
					<gx:option enabled="0" name="streetview"></gx:option>
				</gx:ViewerOptions>
				<longitude>-2.540646955177124</longitude>
				<latitude>5.067042461456066</latitude>
				<altitude>0</altitude>
				<heading>-0.03893863000924066</heading>
				<tilt>24.61481625822175</tilt>
				<range>1868.083669592655</range>
				<gx:altitudeMode>relativeToSeaFloor</gx:altitudeMode>
			</LookAt>
			<styleUrl>#m_ylw-pushpin</styleUrl>
			<Point>
				<gx:drawOrder>1</gx:drawOrder>
				<coordinates>-2.541259102133679,5.067765576690087,0</coordinates>
			</Point>
		</Placemark>
		<Placemark>
			<name>coc263</name>
			<LookAt>
				<gx:TimeStamp><when>2025-06-23</when>
</gx:TimeStamp>
				<gx:ViewerOptions>
					<gx:option name="historicalimagery"></gx:option>
					<gx:option enabled="0" name="sunlight"></gx:option>
					<gx:option enabled="0" name="streetview"></gx:option>
				</gx:ViewerOptions>
				<longitude>-2.542349361292562</longitude>
				<latitude>5.065270743828648</latitude>
				<altitude>0</altitude>
				<heading>-0.03908884124265138</heading>
				<tilt>24.61483517782104</tilt>
				<range>1873.140392061192</range>
				<gx:altitudeMode>relativeToSeaFloor</gx:altitudeMode>
			</LookAt>
			<styleUrl>#m_ylw-pushpin</styleUrl>
			<Point>
				<gx:drawOrder>1</gx:drawOrder>
				<coordinates>-2.545228488499896,5.063069568875113,0</coordinates>
			</Point>
		</Placemark>
		<Placemark>
			<name>coc264</name>
			<LookAt>
				<gx:TimeStamp><when>2025-06-23</when>
</gx:TimeStamp>
				<gx:ViewerOptions>
					<gx:option name="historicalimagery"></gx:option>
					<gx:option enabled="0" name="sunlight"></gx:option>
					<gx:option enabled="0" name="streetview"></gx:option>
				</gx:ViewerOptions>
				<longitude>-2.537146034125056</longitude>
				<latitude>5.063729708988158</latitude>
				<altitude>0</altitude>
				<heading>-0.03862951488557932</heading>
				<tilt>24.61483369712463</tilt>
				<range>1872.744398562438</range>
				<gx:altitudeMode>relativeToSeaFloor</gx:altitudeMode>
			</LookAt>
			<styleUrl>#m_ylw-pushpin</styleUrl>
			<Point>
				<gx:drawOrder>1</gx:drawOrder>
				<coordinates>-2.539725981471985,5.064594640997469,0</coordinates>
			</Point>
		</Placemark>
		<Placemark>
			<name>coc265</name>
			<LookAt>
				<gx:TimeStamp><when>2025-06-23</when>
</gx:TimeStamp>
				<gx:ViewerOptions>
					<gx:option name="historicalimagery"></gx:option>
					<gx:option enabled="0" name="sunlight"></gx:option>
					<gx:option enabled="0" name="streetview"></gx:option>
				</gx:ViewerOptions>
				<longitude>-2.546254971781391</longitude>
				<latitude>5.039187876998264</latitude>
				<altitude>0</altitude>
				<heading>-0.03943139201731399</heading>
				<tilt>24.61482136111217</tilt>
				<range>1869.447200539703</range>
				<gx:altitudeMode>relativeToSeaFloor</gx:altitudeMode>
			</LookAt>
			<styleUrl>#m_ylw-pushpin</styleUrl>
			<Point>
				<gx:drawOrder>1</gx:drawOrder>
				<coordinates>-2.549130171593847,5.039181771321888,0</coordinates>
			</Point>
		</Placemark>
		<Placemark>
			<name>coc266</name>
			<LookAt>
				<gx:TimeStamp><when>2025-06-23</when>
</gx:TimeStamp>
				<gx:ViewerOptions>
					<gx:option name="historicalimagery"></gx:option>
					<gx:option enabled="0" name="sunlight"></gx:option>
					<gx:option enabled="0" name="streetview"></gx:option>
				</gx:ViewerOptions>
				<longitude>-2.546254971781391</longitude>
				<latitude>5.039187876998264</latitude>
				<altitude>0</altitude>
				<heading>-0.03943139201731399</heading>
				<tilt>24.61482136111217</tilt>
				<range>1869.447200539703</range>
				<gx:altitudeMode>relativeToSeaFloor</gx:altitudeMode>
			</LookAt>
			<styleUrl>#m_ylw-pushpin</styleUrl>
			<Point>
				<gx:drawOrder>1</gx:drawOrder>
				<coordinates>-2.552992316983875,5.035803862938864,0</coordinates>
			</Point>
		</Placemark>
		<Placemark>
			<name>coc267</name>
			<LookAt>
				<gx:TimeStamp><when>2025-06-23</when>
</gx:TimeStamp>
				<gx:ViewerOptions>
					<gx:option name="historicalimagery"></gx:option>
					<gx:option enabled="0" name="sunlight"></gx:option>
					<gx:option enabled="0" name="streetview"></gx:option>
				</gx:ViewerOptions>
				<longitude>-2.542479427544051</longitude>
				<latitude>5.035603320585407</latitude>
				<altitude>0</altitude>
				<heading>-0.03909984129171397</heading>
				<tilt>24.61483576383096</tilt>
				<range>1873.296875410792</range>
				<gx:altitudeMode>relativeToSeaFloor</gx:altitudeMode>
			</LookAt>
			<styleUrl>#m_ylw-pushpin</styleUrl>
			<Point>
				<gx:drawOrder>1</gx:drawOrder>
				<coordinates>-2.54229294200469,5.039628541119544,0</coordinates>
			</Point>
		</Placemark>
		<Placemark>
			<name>coc268</name>
			<LookAt>
				<gx:TimeStamp><when>2025-06-23</when>
</gx:TimeStamp>
				<gx:ViewerOptions>
					<gx:option name="historicalimagery"></gx:option>
					<gx:option enabled="0" name="sunlight"></gx:option>
					<gx:option enabled="0" name="streetview"></gx:option>
				</gx:ViewerOptions>
				<longitude>-2.542479427544051</longitude>
				<latitude>5.035603320585407</latitude>
				<altitude>0</altitude>
				<heading>-0.03909984129171397</heading>
				<tilt>24.61483576383096</tilt>
				<range>1873.296875410792</range>
				<gx:altitudeMode>relativeToSeaFloor</gx:altitudeMode>
			</LookAt>
			<styleUrl>#m_ylw-pushpin</styleUrl>
			<Point>
				<gx:drawOrder>1</gx:drawOrder>
				<coordinates>-2.545820789976242,5.034661923255479,0</coordinates>
			</Point>
		</Placemark>
		<Placemark>
			<name>coc269</name>
			<LookAt>
				<gx:TimeStamp><when>2025-06-23</when>
</gx:TimeStamp>
				<gx:ViewerOptions>
					<gx:option name="historicalimagery"></gx:option>
					<gx:option enabled="0" name="sunlight"></gx:option>
					<gx:option enabled="0" name="streetview"></gx:option>
				</gx:ViewerOptions>
				<longitude>-2.543558669836066</longitude>
				<latitude>5.031964908467271</latitude>
				<altitude>0</altitude>
				<heading>-0.0391944589655446</heading>
				<tilt>24.61484639145838</tilt>
				<range>1876.137181581755</range>
				<gx:altitudeMode>relativeToSeaFloor</gx:altitudeMode>
			</LookAt>
			<styleUrl>#m_ylw-pushpin</styleUrl>
			<Point>
				<gx:drawOrder>1</gx:drawOrder>
				<coordinates>-2.546550636033462,5.03314398680011,0</coordinates>
			</Point>
		</Placemark>
		<Placemark>
			<name>coc280</name>
			<LookAt>
				<gx:TimeStamp><when>2025-06-23</when>
</gx:TimeStamp>
				<gx:ViewerOptions>
					<gx:option name="historicalimagery"></gx:option>
					<gx:option enabled="0" name="sunlight"></gx:option>
					<gx:option enabled="0" name="streetview"></gx:option>
				</gx:ViewerOptions>
				<longitude>-2.544580948115713</longitude>
				<latitude>5.026262302916192</latitude>
				<altitude>0</altitude>
				<heading>-0.03928370403787955</heading>
				<tilt>24.61483107494906</tilt>
				<range>1872.043544327527</range>
				<gx:altitudeMode>relativeToSeaFloor</gx:altitudeMode>
			</LookAt>
			<styleUrl>#m_ylw-pushpin</styleUrl>
			<Point>
				<gx:drawOrder>1</gx:drawOrder>
				<coordinates>-2.545461431711227,5.031960690403295,0</coordinates>
			</Point>
		</Placemark>
		<Placemark>
			<name>coc281</name>
			<LookAt>
				<gx:TimeStamp><when>2025-06-23</when>
</gx:TimeStamp>
				<gx:ViewerOptions>
					<gx:option name="historicalimagery"></gx:option>
					<gx:option enabled="0" name="sunlight"></gx:option>
					<gx:option enabled="0" name="streetview"></gx:option>
				</gx:ViewerOptions>
				<longitude>-2.550129832048101</longitude>
				<latitude>5.033275868968837</latitude>
				<altitude>0</altitude>
				<heading>0.007200377468996626</heading>
				<tilt>30.00268248530848</tilt>
				<range>597.9283593680449</range>
				<gx:altitudeMode>relativeToSeaFloor</gx:altitudeMode>
			</LookAt>
			<styleUrl>#m_ylw-pushpin</styleUrl>
			<Point>
				<gx:drawOrder>1</gx:drawOrder>
				<coordinates>-2.550765211940002,5.032180031087701,0</coordinates>
			</Point>
		</Placemark>
		<Placemark>
			<name>coc282</name>
			<LookAt>
				<gx:TimeStamp><when>2025-06-23</when>
</gx:TimeStamp>
				<gx:ViewerOptions>
					<gx:option name="historicalimagery"></gx:option>
					<gx:option enabled="0" name="sunlight"></gx:option>
					<gx:option enabled="0" name="streetview"></gx:option>
				</gx:ViewerOptions>
				<longitude>-2.549296123221646</longitude>
				<latitude>5.032623497678745</latitude>
				<altitude>0</altitude>
				<heading>0.007273514587659292</heading>
				<tilt>30.00268468927517</tilt>
				<range>598.4190159553589</range>
				<gx:altitudeMode>relativeToSeaFloor</gx:altitudeMode>
			</LookAt>
			<styleUrl>#m_ylw-pushpin</styleUrl>
			<Point>
				<gx:drawOrder>1</gx:drawOrder>
				<coordinates>-2.549157527715025,5.032849578434031,0</coordinates>
			</Point>
		</Placemark>
		<Placemark>
			<name>coc283</name>
			<LookAt>
				<gx:TimeStamp><when>2025-06-23</when>
</gx:TimeStamp>
				<gx:ViewerOptions>
					<gx:option name="historicalimagery"></gx:option>
					<gx:option enabled="0" name="sunlight"></gx:option>
					<gx:option enabled="0" name="streetview"></gx:option>
				</gx:ViewerOptions>
				<longitude>-2.551142035943002</longitude>
				<latitude>5.032836178677562</latitude>
				<altitude>0</altitude>
				<heading>0.007111698967839026</heading>
				<tilt>30.00268224181056</tilt>
				<range>597.8742225988176</range>
				<gx:altitudeMode>relativeToSeaFloor</gx:altitudeMode>
			</LookAt>
			<styleUrl>#m_ylw-pushpin</styleUrl>
			<Point>
				<gx:drawOrder>1</gx:drawOrder>
				<coordinates>-2.552971953384419,5.033428050090731,0</coordinates>
			</Point>
		</Placemark>
		<Placemark>
			<name>coc284</name>
			<LookAt>
				<gx:TimeStamp><when>2025-06-23</when>
</gx:TimeStamp>
				<gx:ViewerOptions>
					<gx:option name="historicalimagery"></gx:option>
					<gx:option enabled="0" name="sunlight"></gx:option>
					<gx:option enabled="0" name="streetview"></gx:option>
				</gx:ViewerOptions>
				<longitude>-2.551142035943002</longitude>
				<latitude>5.032836178677562</latitude>
				<altitude>0</altitude>
				<heading>0.007111698967839026</heading>
				<tilt>30.00268224181056</tilt>
				<range>597.8742225988176</range>
				<gx:altitudeMode>relativeToSeaFloor</gx:altitudeMode>
			</LookAt>
			<styleUrl>#m_ylw-pushpin</styleUrl>
			<Point>
				<gx:drawOrder>1</gx:drawOrder>
				<coordinates>-2.554182290059423,5.034326337920175,0</coordinates>
			</Point>
		</Placemark>
		<Placemark>
			<name>coc285</name>
			<LookAt>
				<gx:TimeStamp><when>2025-06-23</when>
</gx:TimeStamp>
				<gx:ViewerOptions>
					<gx:option name="historicalimagery"></gx:option>
					<gx:option enabled="0" name="sunlight"></gx:option>
					<gx:option enabled="0" name="streetview"></gx:option>
				</gx:ViewerOptions>
				<longitude>-2.552681421355184</longitude>
				<latitude>5.032209937465872</latitude>
				<altitude>0</altitude>
				<heading>0.006976680261748405</heading>
				<tilt>30.00268171006764</tilt>
				<range>597.7558350569327</range>
				<gx:altitudeMode>relativeToSeaFloor</gx:altitudeMode>
			</LookAt>
			<styleUrl>#m_ylw-pushpin</styleUrl>
			<Point>
				<gx:drawOrder>1</gx:drawOrder>
				<coordinates>-2.553976829118302,5.032644524276115,0</coordinates>
			</Point>
		</Placemark>
		<Placemark>
			<name>coc286</name>
			<LookAt>
				<gx:TimeStamp><when>2025-06-23</when>
</gx:TimeStamp>
				<gx:ViewerOptions>
					<gx:option name="historicalimagery"></gx:option>
					<gx:option enabled="0" name="sunlight"></gx:option>
					<gx:option enabled="0" name="streetview"></gx:option>
				</gx:ViewerOptions>
				<longitude>-2.549417531779823</longitude>
				<latitude>5.033269999353449</latitude>
				<altitude>0</altitude>
				<heading>0.007262992064912314</heading>
				<tilt>30.00267036386141</tilt>
				<range>595.2298956316224</range>
				<gx:altitudeMode>relativeToSeaFloor</gx:altitudeMode>
			</LookAt>
			<styleUrl>#m_ylw-pushpin</styleUrl>
			<Point>
				<gx:drawOrder>1</gx:drawOrder>
				<coordinates>-2.551530575249231,5.032753318311562,0</coordinates>
			</Point>
		</Placemark>
		<Placemark>
			<name>coc287</name>
			<LookAt>
				<gx:TimeStamp><when>2025-06-23</when>
</gx:TimeStamp>
				<gx:ViewerOptions>
					<gx:option name="historicalimagery"></gx:option>
					<gx:option enabled="0" name="sunlight"></gx:option>
					<gx:option enabled="0" name="streetview"></gx:option>
				</gx:ViewerOptions>
				<longitude>-2.549417531779823</longitude>
				<latitude>5.033269999353449</latitude>
				<altitude>0</altitude>
				<heading>0.007262992064912314</heading>
				<tilt>30.00267036386141</tilt>
				<range>595.2298956316224</range>
				<gx:altitudeMode>relativeToSeaFloor</gx:altitudeMode>
			</LookAt>
			<styleUrl>#m_ylw-pushpin</styleUrl>
			<Point>
				<gx:drawOrder>1</gx:drawOrder>
				<coordinates>-2.5498672776984,5.033799807856192,0</coordinates>
			</Point>
		</Placemark>
		<Placemark>
			<name>coc288</name>
			<LookAt>
				<gx:TimeStamp><when>2025-06-23</when>
</gx:TimeStamp>
				<gx:ViewerOptions>
					<gx:option name="historicalimagery"></gx:option>
					<gx:option enabled="0" name="sunlight"></gx:option>
					<gx:option enabled="0" name="streetview"></gx:option>
				</gx:ViewerOptions>
				<longitude>-2.546794484586642</longitude>
				<latitude>5.033914864399771</latitude>
				<altitude>0</altitude>
				<heading>0.007493112819027599</heading>
				<tilt>30.00264723793619</tilt>
				<range>590.0815331374877</range>
				<gx:altitudeMode>relativeToSeaFloor</gx:altitudeMode>
			</LookAt>
			<styleUrl>#m_ylw-pushpin</styleUrl>
			<Point>
				<gx:drawOrder>1</gx:drawOrder>
				<coordinates>-2.547451359483948,5.033832366225702,0</coordinates>
			</Point>
		</Placemark>
		<Placemark>
			<name>coc289</name>
			<LookAt>
				<gx:TimeStamp><when>2025-06-23</when>
</gx:TimeStamp>
				<gx:ViewerOptions>
					<gx:option name="historicalimagery"></gx:option>
					<gx:option enabled="0" name="sunlight"></gx:option>
					<gx:option enabled="0" name="streetview"></gx:option>
				</gx:ViewerOptions>
				<longitude>-2.546794484586642</longitude>
				<latitude>5.033914864399771</latitude>
				<altitude>0</altitude>
				<heading>0.007493112819027599</heading>
				<tilt>30.00264723793619</tilt>
				<range>590.0815331374877</range>
				<gx:altitudeMode>relativeToSeaFloor</gx:altitudeMode>
			</LookAt>
			<styleUrl>#m_ylw-pushpin</styleUrl>
			<Point>
				<gx:drawOrder>1</gx:drawOrder>
				<coordinates>-2.54747968291304,5.03518159520188,0</coordinates>
			</Point>
		</Placemark>
		<Placemark>
			<name>coc290</name>
			<LookAt>
				<gx:TimeStamp><when>2025-06-23</when>
</gx:TimeStamp>
				<gx:ViewerOptions>
					<gx:option name="historicalimagery"></gx:option>
					<gx:option enabled="0" name="sunlight"></gx:option>
					<gx:option enabled="0" name="streetview"></gx:option>
				</gx:ViewerOptions>
				<longitude>-2.546153422684979</longitude>
				<latitude>5.03455832865136</latitude>
				<altitude>0</altitude>
				<heading>0.007549371604330877</heading>
				<tilt>30.00263396724882</tilt>
				<range>587.1272374544718</range>
				<gx:altitudeMode>relativeToSeaFloor</gx:altitudeMode>
			</LookAt>
			<styleUrl>#m_ylw-pushpin</styleUrl>
			<Point>
				<gx:drawOrder>1</gx:drawOrder>
				<coordinates>-2.545464310589912,5.036590991681263,0</coordinates>
			</Point>
		</Placemark>
		<Placemark>
			<name>coc291</name>
			<LookAt>
				<gx:TimeStamp><when>2025-06-23</when>
</gx:TimeStamp>
				<gx:ViewerOptions>
					<gx:option name="historicalimagery"></gx:option>
					<gx:option enabled="0" name="sunlight"></gx:option>
					<gx:option enabled="0" name="streetview"></gx:option>
				</gx:ViewerOptions>
				<longitude>-2.545090695027015</longitude>
				<latitude>5.034580680876636</latitude>
				<altitude>0</altitude>
				<heading>0.007642643393418726</heading>
				<tilt>30.00265445474059</tilt>
				<range>591.6881997744005</range>
				<gx:altitudeMode>relativeToSeaFloor</gx:altitudeMode>
			</LookAt>
			<styleUrl>#m_ylw-pushpin</styleUrl>
			<Point>
				<gx:drawOrder>1</gx:drawOrder>
				<coordinates>-2.546182429880385,5.03405151646916,0</coordinates>
			</Point>
		</Placemark>
		<Placemark>
			<name>coc292</name>
			<LookAt>
				<gx:TimeStamp><when>2025-06-23</when>
</gx:TimeStamp>
				<gx:ViewerOptions>
					<gx:option name="historicalimagery"></gx:option>
					<gx:option enabled="0" name="sunlight"></gx:option>
					<gx:option enabled="0" name="streetview"></gx:option>
				</gx:ViewerOptions>
				<longitude>-2.544014451623398</longitude>
				<latitude>5.034608243131656</latitude>
				<altitude>0</altitude>
				<heading>0.007737084142096906</heading>
				<tilt>30.00267518200486</tilt>
				<range>596.3025659553463</range>
				<gx:altitudeMode>relativeToSeaFloor</gx:altitudeMode>
			</LookAt>
			<styleUrl>#m_ylw-pushpin</styleUrl>
			<Point>
				<gx:drawOrder>1</gx:drawOrder>
				<coordinates>-2.546511205158957,5.035485937498546,0</coordinates>
			</Point>
		</Placemark>
		<Placemark>
			<name>coc293</name>
			<LookAt>
				<gx:TimeStamp><when>2025-06-23</when>
</gx:TimeStamp>
				<gx:ViewerOptions>
					<gx:option name="historicalimagery"></gx:option>
					<gx:option enabled="0" name="sunlight"></gx:option>
					<gx:option enabled="0" name="streetview"></gx:option>
				</gx:ViewerOptions>
				<longitude>-2.543515912307058</longitude>
				<latitude>5.033453371912221</latitude>
				<altitude>0</altitude>
				<heading>0.007780861683161427</heading>
				<tilt>30.0026880645817</tilt>
				<range>599.1705106951514</range>
				<gx:altitudeMode>relativeToSeaFloor</gx:altitudeMode>
			</LookAt>
			<styleUrl>#m_ylw-pushpin</styleUrl>
			<Point>
				<gx:drawOrder>1</gx:drawOrder>
				<coordinates>-2.544190437017106,5.034426823973377,0</coordinates>
			</Point>
		</Placemark>
		<Placemark>
			<name>coc294</name>
			<LookAt>
				<gx:TimeStamp><when>2025-06-23</when>
</gx:TimeStamp>
				<gx:ViewerOptions>
					<gx:option name="historicalimagery"></gx:option>
					<gx:option enabled="0" name="sunlight"></gx:option>
					<gx:option enabled="0" name="streetview"></gx:option>
				</gx:ViewerOptions>
				<longitude>-2.543515912307058</longitude>
				<latitude>5.033453371912221</latitude>
				<altitude>0</altitude>
				<heading>0.007780861683161427</heading>
				<tilt>30.0026880645817</tilt>
				<range>599.1705106951514</range>
				<gx:altitudeMode>relativeToSeaFloor</gx:altitudeMode>
			</LookAt>
			<styleUrl>#m_ylw-pushpin</styleUrl>
			<Point>
				<gx:drawOrder>1</gx:drawOrder>
				<coordinates>-2.542431068737962,5.034233401317803,0</coordinates>
			</Point>
		</Placemark>
		<Placemark>
			<name>coc295</name>
			<LookAt>
				<gx:TimeStamp><when>2025-06-23</when>
</gx:TimeStamp>
				<gx:ViewerOptions>
					<gx:option name="historicalimagery"></gx:option>
					<gx:option enabled="0" name="sunlight"></gx:option>
					<gx:option enabled="0" name="streetview"></gx:option>
				</gx:ViewerOptions>
				<longitude>-2.543599226646706</longitude>
				<latitude>5.035807745960544</latitude>
				<altitude>0</altitude>
				<heading>0.007773526925469359</heading>
				<tilt>30.00268293134596</tilt>
				<range>598.0277436116052</range>
				<gx:altitudeMode>relativeToSeaFloor</gx:altitudeMode>
			</LookAt>
			<styleUrl>#m_ylw-pushpin</styleUrl>
			<Point>
				<gx:drawOrder>1</gx:drawOrder>
				<coordinates>-2.542747945010633,5.036937767083276,0</coordinates>
			</Point>
		</Placemark>
		<Placemark>
			<name>coc296</name>
			<LookAt>
				<gx:TimeStamp><when>2025-06-23</when>
</gx:TimeStamp>
				<gx:ViewerOptions>
					<gx:option name="historicalimagery"></gx:option>
					<gx:option enabled="0" name="sunlight"></gx:option>
					<gx:option enabled="0" name="streetview"></gx:option>
				</gx:ViewerOptions>
				<longitude>-2.543599226646706</longitude>
				<latitude>5.035807745960544</latitude>
				<altitude>0</altitude>
				<heading>0.007773526925469359</heading>
				<tilt>30.00268293134596</tilt>
				<range>598.0277436116052</range>
				<gx:altitudeMode>relativeToSeaFloor</gx:altitudeMode>
			</LookAt>
			<styleUrl>#m_ylw-pushpin</styleUrl>
			<Point>
				<gx:drawOrder>1</gx:drawOrder>
				<coordinates>-2.544044070543304,5.037621904704364,0</coordinates>
			</Point>
		</Placemark>
		<Placemark>
			<name>coc297</name>
			<LookAt>
				<gx:TimeStamp><when>2025-06-23</when>
</gx:TimeStamp>
				<gx:ViewerOptions>
					<gx:option name="historicalimagery"></gx:option>
					<gx:option enabled="0" name="sunlight"></gx:option>
					<gx:option enabled="0" name="streetview"></gx:option>
				</gx:ViewerOptions>
				<longitude>-2.544952026031658</longitude>
				<latitude>5.033848772945867</latitude>
				<altitude>0</altitude>
				<heading>0.007654808770556356</heading>
				<tilt>30.00266867052152</tilt>
				<range>594.8528991351326</range>
				<gx:altitudeMode>relativeToSeaFloor</gx:altitudeMode>
			</LookAt>
			<styleUrl>#m_ylw-pushpin</styleUrl>
			<Point>
				<gx:drawOrder>1</gx:drawOrder>
				<coordinates>-2.546048110957201,5.032426765146009,0</coordinates>
			</Point>
		</Placemark>
		<Placemark>
			<name>coc298</name>
			<LookAt>
				<gx:TimeStamp><when>2025-06-23</when>
</gx:TimeStamp>
				<gx:ViewerOptions>
					<gx:option name="historicalimagery"></gx:option>
					<gx:option enabled="0" name="sunlight"></gx:option>
					<gx:option enabled="0" name="streetview"></gx:option>
				</gx:ViewerOptions>
				<longitude>-2.544660706821174</longitude>
				<latitude>5.03106410567537</latitude>
				<altitude>0</altitude>
				<heading>0.007680386310772379</heading>
				<tilt>30.00268597573844</tilt>
				<range>598.705469060612</range>
				<gx:altitudeMode>relativeToSeaFloor</gx:altitudeMode>
			</LookAt>
			<styleUrl>#m_ylw-pushpin</styleUrl>
			<Point>
				<gx:drawOrder>1</gx:drawOrder>
				<coordinates>-2.544869061936285,5.030993898101905,0</coordinates>
			</Point>
		</Placemark>
		<Placemark>
			<name>coc299</name>
			<LookAt>
				<gx:TimeStamp><when>2025-06-23</when>
</gx:TimeStamp>
				<gx:ViewerOptions>
					<gx:option name="historicalimagery"></gx:option>
					<gx:option enabled="0" name="sunlight"></gx:option>
					<gx:option enabled="0" name="streetview"></gx:option>
				</gx:ViewerOptions>
				<longitude>-2.545489037838781</longitude>
				<latitude>5.036356798192426</latitude>
				<altitude>0</altitude>
				<heading>0.007607587833646818</heading>
				<tilt>30.0026154965202</tilt>
				<range>583.0152322153783</range>
				<gx:altitudeMode>relativeToSeaFloor</gx:altitudeMode>
			</LookAt>
			<styleUrl>#m_ylw-pushpin</styleUrl>
			<Point>
				<gx:drawOrder>1</gx:drawOrder>
				<coordinates>-2.546551394798853,5.037399685635337,0</coordinates>
			</Point>
		</Placemark>
		<Placemark>
			<name>coc300</name>
			<LookAt>
				<gx:TimeStamp><when>2025-06-23</when>
</gx:TimeStamp>
				<gx:ViewerOptions>
					<gx:option name="historicalimagery"></gx:option>
					<gx:option enabled="0" name="sunlight"></gx:option>
					<gx:option enabled="0" name="streetview"></gx:option>
				</gx:ViewerOptions>
				<longitude>-2.54672964741527</longitude>
				<latitude>5.038045443031238</latitude>
				<altitude>0</altitude>
				<heading>0.007498689858506086</heading>
				<tilt>30.00261612413265</tilt>
				<range>583.1550378709318</range>
				<gx:altitudeMode>relativeToSeaFloor</gx:altitudeMode>
			</LookAt>
			<styleUrl>#m_ylw-pushpin</styleUrl>
			<Point>
				<gx:drawOrder>1</gx:drawOrder>
				<coordinates>-2.547710464676529,5.039186420383564,0</coordinates>
			</Point>
		</Placemark>
		<Placemark>
			<name>coc301</name>
			<LookAt>
				<gx:TimeStamp><when>2025-06-23</when>
</gx:TimeStamp>
				<gx:ViewerOptions>
					<gx:option name="historicalimagery"></gx:option>
					<gx:option enabled="0" name="sunlight"></gx:option>
					<gx:option enabled="0" name="streetview"></gx:option>
				</gx:ViewerOptions>
				<longitude>-2.544956988958148</longitude>
				<latitude>5.03964398159095</latitude>
				<altitude>0</altitude>
				<heading>0.007654327032982197</heading>
				<tilt>30.00262477968263</tilt>
				<range>585.0818659473472</range>
				<gx:altitudeMode>relativeToSeaFloor</gx:altitudeMode>
			</LookAt>
			<styleUrl>#m_ylw-pushpin</styleUrl>
			<Point>
				<gx:drawOrder>1</gx:drawOrder>
				<coordinates>-2.54561293612618,5.040314193056452,0</coordinates>
			</Point>
		</Placemark>
		<Placemark>
			<name>coc302</name>
			<LookAt>
				<gx:TimeStamp><when>2025-06-23</when>
</gx:TimeStamp>
				<gx:ViewerOptions>
					<gx:option name="historicalimagery"></gx:option>
					<gx:option enabled="0" name="sunlight"></gx:option>
					<gx:option enabled="0" name="streetview"></gx:option>
				</gx:ViewerOptions>
				<longitude>-2.544956988958148</longitude>
				<latitude>5.03964398159095</latitude>
				<altitude>0</altitude>
				<heading>0.007654327032982197</heading>
				<tilt>30.00262477968263</tilt>
				<range>585.0818659473472</range>
				<gx:altitudeMode>relativeToSeaFloor</gx:altitudeMode>
			</LookAt>
			<styleUrl>#m_ylw-pushpin</styleUrl>
			<Point>
				<gx:drawOrder>1</gx:drawOrder>
				<coordinates>-2.544163251271141,5.039454987492586,0</coordinates>
			</Point>
		</Placemark>
		<Placemark>
			<name>coc303</name>
			<LookAt>
				<gx:TimeStamp><when>2025-06-23</when>
</gx:TimeStamp>
				<gx:ViewerOptions>
					<gx:option name="historicalimagery"></gx:option>
					<gx:option enabled="0" name="sunlight"></gx:option>
					<gx:option enabled="0" name="streetview"></gx:option>
				</gx:ViewerOptions>
				<longitude>-2.544956988958148</longitude>
				<latitude>5.03964398159095</latitude>
				<altitude>0</altitude>
				<heading>0.007654327032982197</heading>
				<tilt>30.00262477968263</tilt>
				<range>585.0818659473472</range>
				<gx:altitudeMode>relativeToSeaFloor</gx:altitudeMode>
			</LookAt>
			<styleUrl>#m_ylw-pushpin</styleUrl>
			<Point>
				<gx:drawOrder>1</gx:drawOrder>
				<coordinates>-2.543626758097934,5.040478567675652,0</coordinates>
			</Point>
		</Placemark>
		<Placemark>
			<name>coc304</name>
			<LookAt>
				<gx:TimeStamp><when>2025-06-23</when>
</gx:TimeStamp>
				<gx:ViewerOptions>
					<gx:option name="historicalimagery"></gx:option>
					<gx:option enabled="0" name="sunlight"></gx:option>
					<gx:option enabled="0" name="streetview"></gx:option>
				</gx:ViewerOptions>
				<longitude>-2.544069762797178</longitude>
				<latitude>5.040106656614204</latitude>
				<altitude>0</altitude>
				<heading>0.007732270488362571</heading>
				<tilt>30.00261788049542</tilt>
				<range>583.5459469773497</range>
				<gx:altitudeMode>relativeToSeaFloor</gx:altitudeMode>
			</LookAt>
			<styleUrl>#m_ylw-pushpin</styleUrl>
			<Point>
				<gx:drawOrder>1</gx:drawOrder>
				<coordinates>-2.543123555026273,5.041119673863736,0</coordinates>
			</Point>
		</Placemark>
		<Placemark>
			<name>coc305</name>
			<LookAt>
				<gx:TimeStamp><when>2025-06-23</when>
</gx:TimeStamp>
				<gx:ViewerOptions>
					<gx:option name="historicalimagery"></gx:option>
					<gx:option enabled="0" name="sunlight"></gx:option>
					<gx:option enabled="0" name="streetview"></gx:option>
				</gx:ViewerOptions>
				<longitude>-2.54419536399633</longitude>
				<latitude>5.04139650269694</latitude>
				<altitude>0</altitude>
				<heading>0.007721247403862048</heading>
				<tilt>30.00267462445225</tilt>
				<range>596.178380331561</range>
				<gx:altitudeMode>relativeToSeaFloor</gx:altitudeMode>
			</LookAt>
			<styleUrl>#m_ylw-pushpin</styleUrl>
			<Point>
				<gx:drawOrder>1</gx:drawOrder>
				<coordinates>-2.545873543096984,5.042148564734855,0</coordinates>
			</Point>
		</Placemark>
		<Placemark>
			<name>coc306</name>
			<LookAt>
				<gx:TimeStamp><when>2025-06-23</when>
</gx:TimeStamp>
				<gx:ViewerOptions>
					<gx:option name="historicalimagery"></gx:option>
					<gx:option enabled="0" name="sunlight"></gx:option>
					<gx:option enabled="0" name="streetview"></gx:option>
				</gx:ViewerOptions>
				<longitude>-2.545496508545284</longitude>
				<latitude>5.043611154121985</latitude>
				<altitude>0</altitude>
				<heading>0.00760687796281096</heading>
				<tilt>30.00265814779347</tilt>
				<range>592.5103235739593</range>
				<gx:altitudeMode>relativeToSeaFloor</gx:altitudeMode>
			</LookAt>
			<styleUrl>#m_ylw-pushpin</styleUrl>
			<Point>
				<gx:drawOrder>1</gx:drawOrder>
				<coordinates>-2.545743534122328,5.044268669513012,0</coordinates>
			</Point>
		</Placemark>
		<Placemark>
			<name>coc307</name>
			<LookAt>
				<gx:TimeStamp><when>2025-06-23</when>
</gx:TimeStamp>
				<gx:ViewerOptions>
					<gx:option name="historicalimagery"></gx:option>
					<gx:option enabled="0" name="sunlight"></gx:option>
					<gx:option enabled="0" name="streetview"></gx:option>
				</gx:ViewerOptions>
				<longitude>-2.548147278635732</longitude>
				<latitude>5.044274893978685</latitude>
				<altitude>0</altitude>
				<heading>0.007373818764959596</heading>
				<tilt>30.00267474657361</tilt>
				<range>596.2055983067112</range>
				<gx:altitudeMode>relativeToSeaFloor</gx:altitudeMode>
			</LookAt>
			<styleUrl>#m_ylw-pushpin</styleUrl>
			<Point>
				<gx:drawOrder>1</gx:drawOrder>
				<coordinates>-2.549595536188986,5.044930478409626,0</coordinates>
			</Point>
		</Placemark>
		<Placemark>
			<name>coc308</name>
			<LookAt>
				<gx:TimeStamp><when>2025-06-23</when>
</gx:TimeStamp>
				<gx:ViewerOptions>
					<gx:option name="historicalimagery"></gx:option>
					<gx:option enabled="0" name="sunlight"></gx:option>
					<gx:option enabled="0" name="streetview"></gx:option>
				</gx:ViewerOptions>
				<longitude>-2.5420031568848</longitude>
				<latitude>5.041744130879042</latitude>
				<altitude>0</altitude>
				<heading>0.007913995812011656</heading>
				<tilt>30.00265209360332</tilt>
				<range>591.162509428062</range>
				<gx:altitudeMode>relativeToSeaFloor</gx:altitudeMode>
			</LookAt>
			<styleUrl>#m_ylw-pushpin</styleUrl>
			<Point>
				<gx:drawOrder>1</gx:drawOrder>
				<coordinates>-2.542600147095516,5.041833018744065,0</coordinates>
			</Point>
		</Placemark>
		<Placemark>
			<name>coc309</name>
			<LookAt>
				<gx:TimeStamp><when>2025-06-23</when>
</gx:TimeStamp>
				<gx:ViewerOptions>
					<gx:option name="historicalimagery"></gx:option>
					<gx:option enabled="0" name="sunlight"></gx:option>
					<gx:option enabled="0" name="streetview"></gx:option>
				</gx:ViewerOptions>
				<longitude>-2.5420031568848</longitude>
				<latitude>5.041744130879042</latitude>
				<altitude>0</altitude>
				<heading>0.007913995812011656</heading>
				<tilt>30.00265209360332</tilt>
				<range>591.162509428062</range>
				<gx:altitudeMode>relativeToSeaFloor</gx:altitudeMode>
			</LookAt>
			<styleUrl>#m_ylw-pushpin</styleUrl>
			<Point>
				<gx:drawOrder>1</gx:drawOrder>
				<coordinates>-2.542220368959687,5.04098416360844,0</coordinates>
			</Point>
		</Placemark>
		<Placemark>
			<name>coc310</name>
			<LookAt>
				<gx:TimeStamp><when>2025-06-23</when>
</gx:TimeStamp>
				<gx:ViewerOptions>
					<gx:option name="historicalimagery"></gx:option>
					<gx:option enabled="0" name="sunlight"></gx:option>
					<gx:option enabled="0" name="streetview"></gx:option>
				</gx:ViewerOptions>
				<longitude>-2.542688147730985</longitude>
				<latitude>5.045163148904464</latitude>
				<altitude>0</altitude>
				<heading>0.007853660196428464</heading>
				<tilt>30.00266088268927</tilt>
				<range>593.1191680675663</range>
				<gx:altitudeMode>relativeToSeaFloor</gx:altitudeMode>
			</LookAt>
			<styleUrl>#m_ylw-pushpin</styleUrl>
			<Point>
				<gx:drawOrder>1</gx:drawOrder>
				<coordinates>-2.543474823340749,5.044316138666729,0</coordinates>
			</Point>
		</Placemark>
		<Placemark>
			<name>coc311</name>
			<LookAt>
				<gx:TimeStamp><when>2025-06-23</when>
</gx:TimeStamp>
				<gx:ViewerOptions>
					<gx:option name="historicalimagery"></gx:option>
					<gx:option enabled="0" name="sunlight"></gx:option>
					<gx:option enabled="0" name="streetview"></gx:option>
				</gx:ViewerOptions>
				<longitude>-2.541505490858811</longitude>
				<latitude>5.045031229022492</latitude>
				<altitude>0</altitude>
				<heading>0.007957643867667724</heading>
				<tilt>30.00265553346368</tilt>
				<range>591.928348536592</range>
				<gx:altitudeMode>relativeToSeaFloor</gx:altitudeMode>
			</LookAt>
			<styleUrl>#m_ylw-pushpin</styleUrl>
			<Point>
				<gx:drawOrder>1</gx:drawOrder>
				<coordinates>-2.542414014579166,5.044611944925401,0</coordinates>
			</Point>
		</Placemark>
		<Placemark>
			<name>coc312</name>
			<LookAt>
				<gx:TimeStamp><when>2025-06-23</when>
</gx:TimeStamp>
				<gx:ViewerOptions>
					<gx:option name="historicalimagery"></gx:option>
					<gx:option enabled="0" name="sunlight"></gx:option>
					<gx:option enabled="0" name="streetview"></gx:option>
				</gx:ViewerOptions>
				<longitude>-2.539700286427103</longitude>
				<latitude>5.043706529019929</latitude>
				<altitude>0</altitude>
				<heading>0.00811641272665602</heading>
				<tilt>30.00267657640739</tilt>
				<range>596.6129079002266</range>
				<gx:altitudeMode>relativeToSeaFloor</gx:altitudeMode>
			</LookAt>
			<styleUrl>#m_ylw-pushpin</styleUrl>
			<Point>
				<gx:drawOrder>1</gx:drawOrder>
				<coordinates>-2.540231680125467,5.043181117068467,0</coordinates>
			</Point>
		</Placemark>
		<Placemark>
			<name>coc313</name>
			<LookAt>
				<gx:TimeStamp><when>2025-06-23</when>
</gx:TimeStamp>
				<gx:ViewerOptions>
					<gx:option name="historicalimagery"></gx:option>
					<gx:option enabled="0" name="sunlight"></gx:option>
					<gx:option enabled="0" name="streetview"></gx:option>
				</gx:ViewerOptions>
				<longitude>-2.539700286427103</longitude>
				<latitude>5.043706529019929</latitude>
				<altitude>0</altitude>
				<heading>0.00811641272665602</heading>
				<tilt>30.00267657640739</tilt>
				<range>596.6129079002266</range>
				<gx:altitudeMode>relativeToSeaFloor</gx:altitudeMode>
			</LookAt>
			<styleUrl>#m_ylw-pushpin</styleUrl>
			<Point>
				<gx:drawOrder>1</gx:drawOrder>
				<coordinates>-2.539884263258013,5.046248474064189,0</coordinates>
			</Point>
		</Placemark>
		<Placemark>
			<name>coc314</name>
			<LookAt>
				<gx:TimeStamp><when>2025-06-23</when>
</gx:TimeStamp>
				<gx:ViewerOptions>
					<gx:option name="historicalimagery"></gx:option>
					<gx:option enabled="0" name="sunlight"></gx:option>
					<gx:option enabled="0" name="streetview"></gx:option>
				</gx:ViewerOptions>
				<longitude>-2.537853505071562</longitude>
				<latitude>5.046440591789605</latitude>
				<altitude>0</altitude>
				<heading>0.008278769821019381</heading>
				<tilt>30.00268757824288</tilt>
				<range>599.0622349027625</range>
				<gx:altitudeMode>relativeToSeaFloor</gx:altitudeMode>
			</LookAt>
			<styleUrl>#m_ylw-pushpin</styleUrl>
			<Point>
				<gx:drawOrder>1</gx:drawOrder>
				<coordinates>-2.538037871052344,5.046520328707974,0</coordinates>
			</Point>
		</Placemark>
		<Placemark>
			<name>coc315</name>
			<LookAt>
				<gx:TimeStamp><when>2025-06-23</when>
</gx:TimeStamp>
				<gx:ViewerOptions>
					<gx:option name="historicalimagery"></gx:option>
					<gx:option enabled="0" name="sunlight"></gx:option>
					<gx:option enabled="0" name="streetview"></gx:option>
				</gx:ViewerOptions>
				<longitude>-2.537919618570897</longitude>
				<latitude>5.043399457565263</latitude>
				<altitude>0</altitude>
				<heading>0.008273001125609315</heading>
				<tilt>30.00265663741869</tilt>
				<range>592.1741632148426</range>
				<gx:altitudeMode>relativeToSeaFloor</gx:altitudeMode>
			</LookAt>
			<styleUrl>#m_ylw-pushpin</styleUrl>
			<Point>
				<gx:drawOrder>1</gx:drawOrder>
				<coordinates>-2.538610562130605,5.044586020069988,0</coordinates>
			</Point>
		</Placemark>
		<Placemark>
			<name>coc316</name>
			<LookAt>
				<gx:TimeStamp><when>2025-06-23</when>
</gx:TimeStamp>
				<gx:ViewerOptions>
					<gx:option name="historicalimagery"></gx:option>
					<gx:option enabled="0" name="sunlight"></gx:option>
					<gx:option enabled="0" name="streetview"></gx:option>
				</gx:ViewerOptions>
				<longitude>-2.536664366099871</longitude>
				<latitude>5.041844758807644</latitude>
				<altitude>0</altitude>
				<heading>0.00837490031650347</heading>
				<tilt>30.00267428279801</tilt>
				<range>859.7756056558685</range>
				<gx:altitudeMode>relativeToSeaFloor</gx:altitudeMode>
			</LookAt>
			<styleUrl>#m_ylw-pushpin</styleUrl>
			<Point>
				<gx:drawOrder>1</gx:drawOrder>
				<coordinates>-2.538283662505695,5.043463185347027,0</coordinates>
			</Point>
		</Placemark>
		<Placemark>
			<name>coc317</name>
			<LookAt>
				<gx:TimeStamp><when>2025-06-23</when>
</gx:TimeStamp>
				<gx:ViewerOptions>
					<gx:option name="historicalimagery"></gx:option>
					<gx:option enabled="0" name="sunlight"></gx:option>
					<gx:option enabled="0" name="streetview"></gx:option>
				</gx:ViewerOptions>
				<longitude>-2.538993260250009</longitude>
				<latitude>5.051809692313909</latitude>
				<altitude>0</altitude>
				<heading>0.008169839512741103</heading>
				<tilt>30.0027314499613</tilt>
				<range>872.5022402643658</range>
				<gx:altitudeMode>relativeToSeaFloor</gx:altitudeMode>
			</LookAt>
			<styleUrl>#m_ylw-pushpin</styleUrl>
			<Point>
				<gx:drawOrder>1</gx:drawOrder>
				<coordinates>-2.540293117447068,5.050399648813378,0</coordinates>
			</Point>
		</Placemark>
		<Placemark>
			<name>coc318</name>
			<LookAt>
				<gx:TimeStamp><when>2025-06-23</when>
</gx:TimeStamp>
				<gx:ViewerOptions>
					<gx:option name="historicalimagery"></gx:option>
					<gx:option enabled="0" name="sunlight"></gx:option>
					<gx:option enabled="0" name="streetview"></gx:option>
				</gx:ViewerOptions>
				<longitude>-2.540014910757132</longitude>
				<latitude>5.055181012284749</latitude>
				<altitude>0</altitude>
				<heading>0.008079960056450642</heading>
				<tilt>30.0026993730098</tilt>
				<range>865.3612330747756</range>
				<gx:altitudeMode>relativeToSeaFloor</gx:altitudeMode>
			</LookAt>
			<styleUrl>#m_ylw-pushpin</styleUrl>
			<Point>
				<gx:drawOrder>1</gx:drawOrder>
				<coordinates>-2.541476283823041,5.053125177674085,0</coordinates>
			</Point>
		</Placemark>
		<Placemark>
			<name>coc319</name>
			<LookAt>
				<gx:TimeStamp><when>2025-06-23</when>
</gx:TimeStamp>
				<gx:ViewerOptions>
					<gx:option name="historicalimagery"></gx:option>
					<gx:option enabled="0" name="sunlight"></gx:option>
					<gx:option enabled="0" name="streetview"></gx:option>
				</gx:ViewerOptions>
				<longitude>-2.544519693534446</longitude>
				<latitude>5.06928807150788</latitude>
				<altitude>0</altitude>
				<heading>0.007683997483658805</heading>
				<tilt>30.00266650284665</tilt>
				<range>858.0436824293155</range>
				<gx:altitudeMode>relativeToSeaFloor</gx:altitudeMode>
			</LookAt>
			<styleUrl>#m_ylw-pushpin</styleUrl>
			<Point>
				<gx:drawOrder>1</gx:drawOrder>
				<coordinates>-2.545296278666297,5.068698396662666,0</coordinates>
			</Point>
		</Placemark>
		<Placemark>
			<name>coc320</name>
			<LookAt>
				<gx:TimeStamp><when>2025-06-23</when>
</gx:TimeStamp>
				<gx:ViewerOptions>
					<gx:option name="historicalimagery"></gx:option>
					<gx:option enabled="0" name="sunlight"></gx:option>
					<gx:option enabled="0" name="streetview"></gx:option>
				</gx:ViewerOptions>
				<longitude>-2.541697693599255</longitude>
				<latitude>5.070465965544085</latitude>
				<altitude>0</altitude>
				<heading>0.007933339148880643</heading>
				<tilt>30.00267602285778</tilt>
				<range>860.163050065551</range>
				<gx:altitudeMode>relativeToSeaFloor</gx:altitudeMode>
			</LookAt>
			<styleUrl>#m_ylw-pushpin</styleUrl>
			<Point>
				<gx:drawOrder>1</gx:drawOrder>
				<coordinates>-2.541481499173143,5.070407020590513,0</coordinates>
			</Point>
		</Placemark>
		<Placemark>
			<name>coc321</name>
			<LookAt>
				<gx:TimeStamp><when>2025-06-23</when>
</gx:TimeStamp>
				<gx:ViewerOptions>
					<gx:option name="historicalimagery"></gx:option>
					<gx:option enabled="0" name="sunlight"></gx:option>
					<gx:option enabled="0" name="streetview"></gx:option>
				</gx:ViewerOptions>
				<longitude>-2.539833928908904</longitude>
				<latitude>5.070205918516691</latitude>
				<altitude>0</altitude>
				<heading>0.008098009570765783</heading>
				<tilt>30.00265856433366</tilt>
				<range>856.2763845593744</range>
				<gx:altitudeMode>relativeToSeaFloor</gx:altitudeMode>
			</LookAt>
			<styleUrl>#m_ylw-pushpin</styleUrl>
			<Point>
				<gx:drawOrder>1</gx:drawOrder>
				<coordinates>-2.54064804901927,5.069347056589035,0</coordinates>
			</Point>
		</Placemark>
		<Placemark>
			<name>coc322</name>
			<LookAt>
				<gx:TimeStamp><when>2025-06-23</when>
</gx:TimeStamp>
				<gx:ViewerOptions>
					<gx:option name="historicalimagery"></gx:option>
					<gx:option enabled="0" name="sunlight"></gx:option>
					<gx:option enabled="0" name="streetview"></gx:option>
				</gx:ViewerOptions>
				<longitude>-2.537903081944989</longitude>
				<latitude>5.067235506807549</latitude>
				<altitude>0</altitude>
				<heading>0.008268645061988303</heading>
				<tilt>30.00266466635188</tilt>
				<range>857.6347588597326</range>
				<gx:altitudeMode>relativeToSeaFloor</gx:altitudeMode>
			</LookAt>
			<styleUrl>#m_ylw-pushpin</styleUrl>
			<Point>
				<gx:drawOrder>1</gx:drawOrder>
				<coordinates>-2.539408830172603,5.067268843865045,0</coordinates>
			</Point>
		</Placemark>
		<Placemark>
			<name>coc323</name>
			<LookAt>
				<gx:TimeStamp><when>2025-06-23</when>
</gx:TimeStamp>
				<gx:ViewerOptions>
					<gx:option name="historicalimagery"></gx:option>
					<gx:option enabled="0" name="sunlight"></gx:option>
					<gx:option enabled="0" name="streetview"></gx:option>
				</gx:ViewerOptions>
				<longitude>-2.537202158149873</longitude>
				<latitude>5.065151877214463</latitude>
				<altitude>0</altitude>
				<heading>0.008330597689525295</heading>
				<tilt>30.00265567979044</tilt>
				<range>855.6342022007265</range>
				<gx:altitudeMode>relativeToSeaFloor</gx:altitudeMode>
			</LookAt>
			<styleUrl>#m_ylw-pushpin</styleUrl>
			<Point>
				<gx:drawOrder>1</gx:drawOrder>
				<coordinates>-2.538575603225284,5.064226821185677,0</coordinates>
			</Point>
		</Placemark>
		<Placemark>
			<name>coc324</name>
			<LookAt>
				<gx:TimeStamp><when>2025-06-23</when>
</gx:TimeStamp>
				<gx:ViewerOptions>
					<gx:option name="historicalimagery"></gx:option>
					<gx:option enabled="0" name="sunlight"></gx:option>
					<gx:option enabled="0" name="streetview"></gx:option>
				</gx:ViewerOptions>
				<longitude>-2.536859362211799</longitude>
				<latitude>5.06266712928881</latitude>
				<altitude>0</altitude>
				<heading>0.008360889754692334</heading>
				<tilt>30.00269604789992</tilt>
				<range>864.6210430087738</range>
				<gx:altitudeMode>relativeToSeaFloor</gx:altitudeMode>
			</LookAt>
			<styleUrl>#m_ylw-pushpin</styleUrl>
			<Point>
				<gx:drawOrder>1</gx:drawOrder>
				<coordinates>-2.539447101622522,5.062631925634174,0</coordinates>
			</Point>
		</Placemark>
		<Placemark>
			<name>coc325</name>
			<LookAt>
				<gx:TimeStamp><when>2025-06-23</when>
</gx:TimeStamp>
				<gx:ViewerOptions>
					<gx:option name="historicalimagery"></gx:option>
					<gx:option enabled="0" name="sunlight"></gx:option>
					<gx:option enabled="0" name="streetview"></gx:option>
				</gx:ViewerOptions>
				<longitude>-2.537165571401423</longitude>
				<latitude>5.064754214533497</latitude>
				<altitude>0</altitude>
				<heading>0.008333838718097888</heading>
				<tilt>30.00265896275001</tilt>
				<range>856.3651589986354</range>
				<gx:altitudeMode>relativeToSeaFloor</gx:altitudeMode>
			</LookAt>
			<styleUrl>#m_ylw-pushpin</styleUrl>
			<Point>
				<gx:drawOrder>1</gx:drawOrder>
				<coordinates>-2.537269557145159,5.067919906547313,0</coordinates>
			</Point>
		</Placemark>
		<Placemark>
			<name>coc326</name>
			<LookAt>
				<gx:TimeStamp><when>2025-06-23</when>
</gx:TimeStamp>
				<gx:ViewerOptions>
					<gx:option name="historicalimagery"></gx:option>
					<gx:option enabled="0" name="sunlight"></gx:option>
					<gx:option enabled="0" name="streetview"></gx:option>
				</gx:ViewerOptions>
				<longitude>-2.535916990448315</longitude>
				<latitude>5.066534614017288</latitude>
				<altitude>0</altitude>
				<heading>0.008443995836420035</heading>
				<tilt>30.00267154209958</tilt>
				<range>859.1655411079362</range>
				<gx:altitudeMode>relativeToSeaFloor</gx:altitudeMode>
			</LookAt>
			<styleUrl>#m_ylw-pushpin</styleUrl>
			<Point>
				<gx:drawOrder>1</gx:drawOrder>
				<coordinates>-2.536676797917806,5.066264304932407,0</coordinates>
			</Point>
		</Placemark>
		<Placemark>
			<name>coc327</name>
			<LookAt>
				<gx:TimeStamp><when>2025-06-23</when>
</gx:TimeStamp>
				<gx:ViewerOptions>
					<gx:option name="historicalimagery"></gx:option>
					<gx:option enabled="0" name="sunlight"></gx:option>
					<gx:option enabled="0" name="streetview"></gx:option>
				</gx:ViewerOptions>
				<longitude>-2.535077358711687</longitude>
				<latitude>5.067046884571938</latitude>
				<altitude>0</altitude>
				<heading>-0.004174242415702499</heading>
				<tilt>28.33893906801103</tilt>
				<range>709.8857257545067</range>
				<gx:altitudeMode>relativeToSeaFloor</gx:altitudeMode>
			</LookAt>
			<styleUrl>#m_ylw-pushpin</styleUrl>
			<Point>
				<gx:drawOrder>1</gx:drawOrder>
				<coordinates>-2.535792271184278,5.068405071461518,0</coordinates>
			</Point>
		</Placemark>
		<Placemark>
			<name>coc328</name>
			<LookAt>
				<gx:TimeStamp><when>2025-06-23</when>
</gx:TimeStamp>
				<gx:ViewerOptions>
					<gx:option name="historicalimagery"></gx:option>
					<gx:option enabled="0" name="sunlight"></gx:option>
					<gx:option enabled="0" name="streetview"></gx:option>
				</gx:ViewerOptions>
				<longitude>-2.535077358711687</longitude>
				<latitude>5.067046884571938</latitude>
				<altitude>0</altitude>
				<heading>-0.004174242415702499</heading>
				<tilt>28.33893906801103</tilt>
				<range>709.8857257545067</range>
				<gx:altitudeMode>relativeToSeaFloor</gx:altitudeMode>
			</LookAt>
			<styleUrl>#m_ylw-pushpin</styleUrl>
			<Point>
				<gx:drawOrder>1</gx:drawOrder>
				<coordinates>-2.534770507798458,5.068182458992415,0</coordinates>
			</Point>
		</Placemark>
		<Placemark>
			<name>coc329</name>
			<LookAt>
				<gx:TimeStamp><when>2025-06-23</when>
</gx:TimeStamp>
				<gx:ViewerOptions>
					<gx:option name="historicalimagery"></gx:option>
					<gx:option enabled="0" name="sunlight"></gx:option>
					<gx:option enabled="0" name="streetview"></gx:option>
				</gx:ViewerOptions>
				<longitude>-2.535077358711687</longitude>
				<latitude>5.067046884571938</latitude>
				<altitude>0</altitude>
				<heading>-0.004174242415702499</heading>
				<tilt>28.33893906801103</tilt>
				<range>709.8857257545067</range>
				<gx:altitudeMode>relativeToSeaFloor</gx:altitudeMode>
			</LookAt>
			<styleUrl>#m_ylw-pushpin</styleUrl>
			<Point>
				<gx:drawOrder>1</gx:drawOrder>
				<coordinates>-2.535587374284521,5.066906011971702,0</coordinates>
			</Point>
		</Placemark>
		<Placemark>
			<name>coc330</name>
			<LookAt>
				<gx:TimeStamp><when>2025-06-23</when>
</gx:TimeStamp>
				<gx:ViewerOptions>
					<gx:option name="historicalimagery"></gx:option>
					<gx:option enabled="0" name="sunlight"></gx:option>
					<gx:option enabled="0" name="streetview"></gx:option>
				</gx:ViewerOptions>
				<longitude>-2.534620488806729</longitude>
				<latitude>5.0661724861961</latitude>
				<altitude>0</altitude>
				<heading>-0.004133890641245932</heading>
				<tilt>28.33893826021582</tilt>
				<range>709.6962701992762</range>
				<gx:altitudeMode>relativeToSeaFloor</gx:altitudeMode>
			</LookAt>
			<styleUrl>#m_ylw-pushpin</styleUrl>
			<Point>
				<gx:drawOrder>1</gx:drawOrder>
				<coordinates>-2.536858699505429,5.065121922524017,0</coordinates>
			</Point>
		</Placemark>
		<Placemark>
			<name>coc331</name>
			<LookAt>
				<gx:TimeStamp><when>2025-06-23</when>
</gx:TimeStamp>
				<gx:ViewerOptions>
					<gx:option name="historicalimagery"></gx:option>
					<gx:option enabled="0" name="sunlight"></gx:option>
					<gx:option enabled="0" name="streetview"></gx:option>
				</gx:ViewerOptions>
				<longitude>-2.534620488806729</longitude>
				<latitude>5.0661724861961</latitude>
				<altitude>0</altitude>
				<heading>-0.004133890641245932</heading>
				<tilt>28.33893826021582</tilt>
				<range>709.6962701992762</range>
				<gx:altitudeMode>relativeToSeaFloor</gx:altitudeMode>
			</LookAt>
			<styleUrl>#m_ylw-pushpin</styleUrl>
			<Point>
				<gx:drawOrder>1</gx:drawOrder>
				<coordinates>-2.533588278148372,5.066534645480743,0</coordinates>
			</Point>
		</Placemark>
		<Placemark>
			<name>coc332</name>
			<LookAt>
				<gx:TimeStamp><when>2025-06-23</when>
</gx:TimeStamp>
				<gx:ViewerOptions>
					<gx:option name="historicalimagery"></gx:option>
					<gx:option enabled="0" name="sunlight"></gx:option>
					<gx:option enabled="0" name="streetview"></gx:option>
				</gx:ViewerOptions>
				<longitude>-2.53435544307129</longitude>
				<latitude>5.064206768120762</latitude>
				<altitude>0</altitude>
				<heading>-0.004110477237998523</heading>
				<tilt>28.3389766723259</tilt>
				<range>718.7044032152872</range>
				<gx:altitudeMode>relativeToSeaFloor</gx:altitudeMode>
			</LookAt>
			<styleUrl>#m_ylw-pushpin</styleUrl>
			<Point>
				<gx:drawOrder>1</gx:drawOrder>
				<coordinates>-2.532934461679387,5.065173456880605,0</coordinates>
			</Point>
		</Placemark>
		<Placemark>
			<name>coc333</name>
			<LookAt>
				<gx:TimeStamp><when>2025-06-23</when>
</gx:TimeStamp>
				<gx:ViewerOptions>
					<gx:option name="historicalimagery"></gx:option>
					<gx:option enabled="0" name="sunlight"></gx:option>
					<gx:option enabled="0" name="streetview"></gx:option>
				</gx:ViewerOptions>
				<longitude>-2.534197587714874</longitude>
				<latitude>5.063147569459234</latitude>
				<altitude>0</altitude>
				<heading>-0.004096574069205128</heading>
				<tilt>28.33898495214435</tilt>
				<range>720.6461130003224</range>
				<gx:altitudeMode>relativeToSeaFloor</gx:altitudeMode>
			</LookAt>
			<styleUrl>#m_ylw-pushpin</styleUrl>
			<Point>
				<gx:drawOrder>1</gx:drawOrder>
				<coordinates>-2.535081545861244,5.063650176268231,0</coordinates>
			</Point>
		</Placemark>
		<Placemark>
			<name>coc334</name>
			<LookAt>
				<gx:TimeStamp><when>2025-06-23</when>
</gx:TimeStamp>
				<gx:ViewerOptions>
					<gx:option name="historicalimagery"></gx:option>
					<gx:option enabled="0" name="sunlight"></gx:option>
					<gx:option enabled="0" name="streetview"></gx:option>
				</gx:ViewerOptions>
				<longitude>-2.531414505768543</longitude>
				<latitude>5.064841920012231</latitude>
				<altitude>0</altitude>
				<heading>-0.003850943308807028</heading>
				<tilt>28.33894690867351</tilt>
				<range>711.7245553620957</range>
				<gx:altitudeMode>relativeToSeaFloor</gx:altitudeMode>
			</LookAt>
			<styleUrl>#m_ylw-pushpin</styleUrl>
			<Point>
				<gx:drawOrder>1</gx:drawOrder>
				<coordinates>-2.531690572837488,5.066188298606758,0</coordinates>
			</Point>
		</Placemark>
		<Placemark>
			<name>coc335</name>
			<LookAt>
				<gx:TimeStamp><when>2025-06-23</when>
</gx:TimeStamp>
				<gx:ViewerOptions>
					<gx:option name="historicalimagery"></gx:option>
					<gx:option enabled="0" name="sunlight"></gx:option>
					<gx:option enabled="0" name="streetview"></gx:option>
				</gx:ViewerOptions>
				<longitude>-2.529723697629804</longitude>
				<latitude>5.063598315658496</latitude>
				<altitude>0</altitude>
				<heading>-0.003701687445482923</heading>
				<tilt>28.3389717699965</tilt>
				<range>717.5547838091387</range>
				<gx:altitudeMode>relativeToSeaFloor</gx:altitudeMode>
			</LookAt>
			<styleUrl>#m_ylw-pushpin</styleUrl>
			<Point>
				<gx:drawOrder>1</gx:drawOrder>
				<coordinates>-2.530827934466473,5.064925634305386,0</coordinates>
			</Point>
		</Placemark>
		<Placemark>
			<name>coc336</name>
			<LookAt>
				<gx:TimeStamp><when>2025-06-23</when>
</gx:TimeStamp>
				<gx:ViewerOptions>
					<gx:option name="historicalimagery"></gx:option>
					<gx:option enabled="0" name="sunlight"></gx:option>
					<gx:option enabled="0" name="streetview"></gx:option>
				</gx:ViewerOptions>
				<longitude>-2.529723697629804</longitude>
				<latitude>5.063598315658496</latitude>
				<altitude>0</altitude>
				<heading>-0.003701687445482923</heading>
				<tilt>28.3389717699965</tilt>
				<range>717.5547838091387</range>
				<gx:altitudeMode>relativeToSeaFloor</gx:altitudeMode>
			</LookAt>
			<styleUrl>#m_ylw-pushpin</styleUrl>
			<Point>
				<gx:drawOrder>1</gx:drawOrder>
				<coordinates>-2.531036997732023,5.06299247628404,0</coordinates>
			</Point>
		</Placemark>
		<Placemark>
			<name>coc337</name>
			<LookAt>
				<gx:TimeStamp><when>2025-06-23</when>
</gx:TimeStamp>
				<gx:ViewerOptions>
					<gx:option name="historicalimagery"></gx:option>
					<gx:option enabled="0" name="sunlight"></gx:option>
					<gx:option enabled="0" name="streetview"></gx:option>
				</gx:ViewerOptions>
				<longitude>-2.528637613115821</longitude>
				<latitude>5.062723239297108</latitude>
				<altitude>0</altitude>
				<heading>-0.003605858736470141</heading>
				<tilt>28.33898068141871</tilt>
				<range>719.6446824641826</range>
				<gx:altitudeMode>relativeToSeaFloor</gx:altitudeMode>
			</LookAt>
			<styleUrl>#m_ylw-pushpin</styleUrl>
			<Point>
				<gx:drawOrder>1</gx:drawOrder>
				<coordinates>-2.528874466253574,5.062574827314773,0</coordinates>
			</Point>
		</Placemark>
		<Placemark>
			<name>coc338</name>
			<LookAt>
				<gx:TimeStamp><when>2025-06-23</when>
</gx:TimeStamp>
				<gx:ViewerOptions>
					<gx:option name="historicalimagery"></gx:option>
					<gx:option enabled="0" name="sunlight"></gx:option>
					<gx:option enabled="0" name="streetview"></gx:option>
				</gx:ViewerOptions>
				<longitude>-2.528956304598704</longitude>
				<latitude>5.061141122827681</latitude>
				<altitude>0</altitude>
				<heading>-0.003633987988781126</heading>
				<tilt>28.33896853019159</tilt>
				<range>716.7949901906338</range>
				<gx:altitudeMode>relativeToSeaFloor</gx:altitudeMode>
			</LookAt>
			<styleUrl>#m_ylw-pushpin</styleUrl>
			<Point>
				<gx:drawOrder>1</gx:drawOrder>
				<coordinates>-2.529677849393646,5.060970116687415,0</coordinates>
			</Point>
		</Placemark>
		<Placemark>
			<name>coc339</name>
			<LookAt>
				<gx:TimeStamp><when>2025-06-23</when>
</gx:TimeStamp>
				<gx:ViewerOptions>
					<gx:option name="historicalimagery"></gx:option>
					<gx:option enabled="0" name="sunlight"></gx:option>
					<gx:option enabled="0" name="streetview"></gx:option>
				</gx:ViewerOptions>
				<longitude>-2.527845254840478</longitude>
				<latitude>5.062084755075394</latitude>
				<altitude>0</altitude>
				<heading>-0.003536066160236064</heading>
				<tilt>28.33897912602142</tilt>
				<range>719.2798893661524</range>
				<gx:altitudeMode>relativeToSeaFloor</gx:altitudeMode>
			</LookAt>
			<styleUrl>#m_ylw-pushpin</styleUrl>
			<Point>
				<gx:drawOrder>1</gx:drawOrder>
				<coordinates>-2.529727315268153,5.062196938136683,0</coordinates>
			</Point>
		</Placemark>
		<Placemark>
			<name>coc340</name>
			<LookAt>
				<gx:TimeStamp><when>2025-06-23</when>
</gx:TimeStamp>
				<gx:ViewerOptions>
					<gx:option name="historicalimagery"></gx:option>
					<gx:option enabled="0" name="sunlight"></gx:option>
					<gx:option enabled="0" name="streetview"></gx:option>
				</gx:ViewerOptions>
				<longitude>-2.528247261120783</longitude>
				<latitude>5.064595094781927</latitude>
				<altitude>0</altitude>
				<heading>-0.003571622341005278</heading>
				<tilt>28.33895927554055</tilt>
				<range>714.6246845053503</range>
				<gx:altitudeMode>relativeToSeaFloor</gx:altitudeMode>
			</LookAt>
			<styleUrl>#m_ylw-pushpin</styleUrl>
			<Point>
				<gx:drawOrder>1</gx:drawOrder>
				<coordinates>-2.529347577813772,5.066040272367063,0</coordinates>
			</Point>
		</Placemark>
		<Placemark>
			<name>coc341</name>
			<LookAt>
				<gx:TimeStamp><when>2025-06-23</when>
</gx:TimeStamp>
				<gx:ViewerOptions>
					<gx:option name="historicalimagery"></gx:option>
					<gx:option enabled="0" name="sunlight"></gx:option>
					<gx:option enabled="0" name="streetview"></gx:option>
				</gx:ViewerOptions>
				<longitude>-2.528522919963965</longitude>
				<latitude>5.066207925327618</latitude>
				<altitude>0</altitude>
				<heading>-0.003596001148132139</heading>
				<tilt>28.33894868196375</tilt>
				<range>712.1403130073355</range>
				<gx:altitudeMode>relativeToSeaFloor</gx:altitudeMode>
			</LookAt>
			<styleUrl>#m_ylw-pushpin</styleUrl>
			<Point>
				<gx:drawOrder>1</gx:drawOrder>
				<coordinates>-2.528958294108441,5.06681318942536,0</coordinates>
			</Point>
		</Placemark>
		<Placemark>
			<name>coc341</name>
			<LookAt>
				<gx:TimeStamp><when>2025-06-23</when>
</gx:TimeStamp>
				<gx:ViewerOptions>
					<gx:option name="historicalimagery"></gx:option>
					<gx:option enabled="0" name="sunlight"></gx:option>
					<gx:option enabled="0" name="streetview"></gx:option>
				</gx:ViewerOptions>
				<longitude>-2.527238581400634</longitude>
				<latitude>5.064561194092945</latitude>
				<altitude>0</altitude>
				<heading>-0.00348258346026902</heading>
				<tilt>28.33896455849736</tilt>
				<range>715.8636232335746</range>
				<gx:altitudeMode>relativeToSeaFloor</gx:altitudeMode>
			</LookAt>
			<styleUrl>#m_ylw-pushpin</styleUrl>
			<Point>
				<gx:drawOrder>1</gx:drawOrder>
				<coordinates>-2.530032743394833,5.066298277484802,0</coordinates>
			</Point>
		</Placemark>
		<Placemark>
			<name>coc342</name>
			<LookAt>
				<gx:TimeStamp><when>2025-06-23</when>
</gx:TimeStamp>
				<gx:ViewerOptions>
					<gx:option name="historicalimagery"></gx:option>
					<gx:option enabled="0" name="sunlight"></gx:option>
					<gx:option enabled="0" name="streetview"></gx:option>
				</gx:ViewerOptions>
				<longitude>-2.529238265395645</longitude>
				<latitude>5.064811540371566</latitude>
				<altitude>0</altitude>
				<heading>-0.00365913898973119</heading>
				<tilt>28.33895201680234</tilt>
				<range>712.922431827887</range>
				<gx:altitudeMode>relativeToSeaFloor</gx:altitudeMode>
			</LookAt>
			<styleUrl>#m_ylw-pushpin</styleUrl>
			<Point>
				<gx:drawOrder>1</gx:drawOrder>
				<coordinates>-2.530569715901972,5.066243399862739,0</coordinates>
			</Point>
		</Placemark>
		<Placemark>
			<name>coc343</name>
			<LookAt>
				<gx:TimeStamp><when>2025-06-23</when>
</gx:TimeStamp>
				<gx:ViewerOptions>
					<gx:option name="historicalimagery"></gx:option>
					<gx:option enabled="0" name="sunlight"></gx:option>
					<gx:option enabled="0" name="streetview"></gx:option>
				</gx:ViewerOptions>
				<longitude>-2.527659835088476</longitude>
				<latitude>5.064249025951297</latitude>
				<altitude>0</altitude>
				<heading>-0.003519795468294286</heading>
				<tilt>28.33896532899846</tilt>
				<range>716.0443071621644</range>
				<gx:altitudeMode>relativeToSeaFloor</gx:altitudeMode>
			</LookAt>
			<styleUrl>#m_ylw-pushpin</styleUrl>
			<Point>
				<gx:drawOrder>1</gx:drawOrder>
				<coordinates>-2.528861144818698,5.06475349782021,0</coordinates>
			</Point>
		</Placemark>
		<Placemark>
			<name>coc344</name>
			<LookAt>
				<gx:TimeStamp><when>2025-06-23</when>
</gx:TimeStamp>
				<gx:ViewerOptions>
					<gx:option name="historicalimagery"></gx:option>
					<gx:option enabled="0" name="sunlight"></gx:option>
					<gx:option enabled="0" name="streetview"></gx:option>
				</gx:ViewerOptions>
				<longitude>-2.525861076875677</longitude>
				<latitude>5.066754055111518</latitude>
				<altitude>0</altitude>
				<heading>-0.003361010738252349</heading>
				<tilt>28.33894874284811</tilt>
				<range>712.1546639121877</range>
				<gx:altitudeMode>relativeToSeaFloor</gx:altitudeMode>
			</LookAt>
			<styleUrl>#m_ylw-pushpin</styleUrl>
			<Point>
				<gx:drawOrder>1</gx:drawOrder>
				<coordinates>-2.526227623218635,5.065902992432529,0</coordinates>
			</Point>
		</Placemark>
		<Placemark>
			<name>coc345</name>
			<LookAt>
				<gx:TimeStamp><when>2025-06-23</when>
</gx:TimeStamp>
				<gx:ViewerOptions>
					<gx:option name="historicalimagery"></gx:option>
					<gx:option enabled="0" name="sunlight"></gx:option>
					<gx:option enabled="0" name="streetview"></gx:option>
				</gx:ViewerOptions>
				<longitude>-2.525861076875677</longitude>
				<latitude>5.066754055111518</latitude>
				<altitude>0</altitude>
				<heading>-0.003361010738252349</heading>
				<tilt>28.33894874284811</tilt>
				<range>712.1546639121877</range>
				<gx:altitudeMode>relativeToSeaFloor</gx:altitudeMode>
			</LookAt>
			<styleUrl>#m_ylw-pushpin</styleUrl>
			<Point>
				<gx:drawOrder>1</gx:drawOrder>
				<coordinates>-2.526292559247569,5.06741213978544,0</coordinates>
			</Point>
		</Placemark>
		<Placemark>
			<name>coc346</name>
			<LookAt>
				<gx:TimeStamp><when>2025-06-23</when>
</gx:TimeStamp>
				<gx:ViewerOptions>
					<gx:option name="historicalimagery"></gx:option>
					<gx:option enabled="0" name="sunlight"></gx:option>
					<gx:option enabled="0" name="streetview"></gx:option>
				</gx:ViewerOptions>
				<longitude>-2.525342483439474</longitude>
				<latitude>5.066092284229181</latitude>
				<altitude>0</altitude>
				<heading>-0.00331522669543128</heading>
				<tilt>28.33893204497346</tilt>
				<range>708.2388397187046</range>
				<gx:altitudeMode>relativeToSeaFloor</gx:altitudeMode>
			</LookAt>
			<styleUrl>#m_ylw-pushpin</styleUrl>
			<Point>
				<gx:drawOrder>1</gx:drawOrder>
				<coordinates>-2.5266496280444,5.066609665732017,0</coordinates>
			</Point>
		</Placemark>
		<Placemark>
			<name>coc347</name>
			<LookAt>
				<gx:TimeStamp><when>2025-06-23</when>
</gx:TimeStamp>
				<gx:ViewerOptions>
					<gx:option name="historicalimagery"></gx:option>
					<gx:option enabled="0" name="sunlight"></gx:option>
					<gx:option enabled="0" name="streetview"></gx:option>
				</gx:ViewerOptions>
				<longitude>-2.524652203727283</longitude>
				<latitude>5.061888985073766</latitude>
				<altitude>0</altitude>
				<heading>-0.003254239351093787</heading>
				<tilt>28.3389495698689</tilt>
				<range>712.3486203331429</range>
				<gx:altitudeMode>relativeToSeaFloor</gx:altitudeMode>
			</LookAt>
			<styleUrl>#m_ylw-pushpin</styleUrl>
			<Point>
				<gx:drawOrder>1</gx:drawOrder>
				<coordinates>-2.524825754235958,5.062653049133845,0</coordinates>
			</Point>
		</Placemark>
		<Placemark>
			<name>coc348</name>
			<LookAt>
				<gx:TimeStamp><when>2025-06-23</when>
</gx:TimeStamp>
				<gx:ViewerOptions>
					<gx:option name="historicalimagery"></gx:option>
					<gx:option enabled="0" name="sunlight"></gx:option>
					<gx:option enabled="0" name="streetview"></gx:option>
				</gx:ViewerOptions>
				<longitude>-2.524040567403086</longitude>
				<latitude>5.061554391100217</latitude>
				<altitude>0</altitude>
				<heading>-0.00320026353804401</heading>
				<tilt>28.33894584977187</tilt>
				<range>711.4761983477024</range>
				<gx:altitudeMode>relativeToSeaFloor</gx:altitudeMode>
			</LookAt>
			<styleUrl>#m_ylw-pushpin</styleUrl>
			<Point>
				<gx:drawOrder>1</gx:drawOrder>
				<coordinates>-2.524582661076945,5.06198224444692,0</coordinates>
			</Point>
		</Placemark>
		<Placemark>
			<name>coc349</name>
			<LookAt>
				<gx:TimeStamp><when>2025-06-23</when>
</gx:TimeStamp>
				<gx:ViewerOptions>
					<gx:option name="historicalimagery"></gx:option>
					<gx:option enabled="0" name="sunlight"></gx:option>
					<gx:option enabled="0" name="streetview"></gx:option>
				</gx:ViewerOptions>
				<longitude>-2.52275377886614</longitude>
				<latitude>5.06039135038495</latitude>
				<altitude>0</altitude>
				<heading>-0.003086721815683674</heading>
				<tilt>28.33892782513196</tilt>
				<range>707.2492340948701</range>
				<gx:altitudeMode>relativeToSeaFloor</gx:altitudeMode>
			</LookAt>
			<styleUrl>#m_ylw-pushpin</styleUrl>
			<Point>
				<gx:drawOrder>1</gx:drawOrder>
				<coordinates>-2.523639734659848,5.060897791012272,0</coordinates>
			</Point>
		</Placemark>
		<Placemark>
			<name>coc350</name>
			<LookAt>
				<gx:TimeStamp><when>2025-06-23</when>
</gx:TimeStamp>
				<gx:ViewerOptions>
					<gx:option name="historicalimagery"></gx:option>
					<gx:option enabled="0" name="sunlight"></gx:option>
					<gx:option enabled="0" name="streetview"></gx:option>
				</gx:ViewerOptions>
				<longitude>-2.521250707159921</longitude>
				<latitude>5.060869488364075</latitude>
				<altitude>0</altitude>
				<heading>-0.002954150739598288</heading>
				<tilt>28.33894371425929</tilt>
				<range>710.9753781730791</range>
				<gx:altitudeMode>relativeToSeaFloor</gx:altitudeMode>
			</LookAt>
			<styleUrl>#m_ylw-pushpin</styleUrl>
			<Point>
				<gx:drawOrder>1</gx:drawOrder>
				<coordinates>-2.521250707159921,5.060869488364075,0</coordinates>
			</Point>
		</Placemark>
		<Placemark>
			<name>coc351</name>
			<LookAt>
				<gx:TimeStamp><when>2025-06-23</when>
</gx:TimeStamp>
				<gx:ViewerOptions>
					<gx:option name="historicalimagery"></gx:option>
					<gx:option enabled="0" name="sunlight"></gx:option>
					<gx:option enabled="0" name="streetview"></gx:option>
				</gx:ViewerOptions>
				<longitude>-2.521250707159921</longitude>
				<latitude>5.060869488364075</latitude>
				<altitude>0</altitude>
				<heading>-0.002954150739598288</heading>
				<tilt>28.33894371425929</tilt>
				<range>710.9753781730791</range>
				<gx:altitudeMode>relativeToSeaFloor</gx:altitudeMode>
			</LookAt>
			<styleUrl>#m_ylw-pushpin</styleUrl>
			<Point>
				<gx:drawOrder>1</gx:drawOrder>
				<coordinates>-2.521573449300504,5.062955248540842,0</coordinates>
			</Point>
		</Placemark>
		<Placemark>
			<name>coc352</name>
			<LookAt>
				<gx:TimeStamp><when>2025-06-23</when>
</gx:TimeStamp>
				<gx:ViewerOptions>
					<gx:option name="historicalimagery"></gx:option>
					<gx:option enabled="0" name="sunlight"></gx:option>
					<gx:option enabled="0" name="streetview"></gx:option>
				</gx:ViewerOptions>
				<longitude>-2.521250707159921</longitude>
				<latitude>5.060869488364075</latitude>
				<altitude>0</altitude>
				<heading>-0.002954150739598288</heading>
				<tilt>28.33894371425929</tilt>
				<range>710.9753781730791</range>
				<gx:altitudeMode>relativeToSeaFloor</gx:altitudeMode>
			</LookAt>
			<styleUrl>#m_ylw-pushpin</styleUrl>
			<Point>
				<gx:drawOrder>1</gx:drawOrder>
				<coordinates>-2.520416490732764,5.061533552406821,0</coordinates>
			</Point>
		</Placemark>
		<Placemark>
			<name>coc353</name>
			<LookAt>
				<gx:TimeStamp><when>2025-06-23</when>
</gx:TimeStamp>
				<gx:ViewerOptions>
					<gx:option name="historicalimagery"></gx:option>
					<gx:option enabled="0" name="sunlight"></gx:option>
					<gx:option enabled="0" name="streetview"></gx:option>
				</gx:ViewerOptions>
				<longitude>-2.520955458084023</longitude>
				<latitude>5.057801777963062</latitude>
				<altitude>0</altitude>
				<heading>-0.002928008927947706</heading>
				<tilt>28.33893281449404</tilt>
				<range>708.4192661375536</range>
				<gx:altitudeMode>relativeToSeaFloor</gx:altitudeMode>
			</LookAt>
			<styleUrl>#m_ylw-pushpin</styleUrl>
			<Point>
				<gx:drawOrder>1</gx:drawOrder>
				<coordinates>-2.521652783305599,5.057435561476513,0</coordinates>
			</Point>
		</Placemark>
		<Placemark>
			<name>coc354</name>
			<LookAt>
				<gx:TimeStamp><when>2025-06-23</when>
</gx:TimeStamp>
				<gx:ViewerOptions>
					<gx:option name="historicalimagery"></gx:option>
					<gx:option enabled="0" name="sunlight"></gx:option>
					<gx:option enabled="0" name="streetview"></gx:option>
				</gx:ViewerOptions>
				<longitude>-2.520491419525215</longitude>
				<latitude>5.056088482020034</latitude>
				<altitude>0</altitude>
				<heading>-0.002887077636393368</heading>
				<tilt>28.3389450734001</tilt>
				<range>711.2941398327922</range>
				<gx:altitudeMode>relativeToSeaFloor</gx:altitudeMode>
			</LookAt>
			<styleUrl>#m_ylw-pushpin</styleUrl>
			<Point>
				<gx:drawOrder>1</gx:drawOrder>
				<coordinates>-2.519955286030165,5.056954341258149,0</coordinates>
			</Point>
		</Placemark>
		<Placemark>
			<name>coc355</name>
			<LookAt>
				<gx:TimeStamp><when>2025-06-23</when>
</gx:TimeStamp>
				<gx:ViewerOptions>
					<gx:option name="historicalimagery"></gx:option>
					<gx:option enabled="0" name="sunlight"></gx:option>
					<gx:option enabled="0" name="streetview"></gx:option>
				</gx:ViewerOptions>
				<longitude>-2.521441031933183</longitude>
				<latitude>5.054501073085206</latitude>
				<altitude>0</altitude>
				<heading>-0.002970818229167411</heading>
				<tilt>28.3389671384142</tilt>
				<range>716.4686737237552</range>
				<gx:altitudeMode>relativeToSeaFloor</gx:altitudeMode>
			</LookAt>
			<styleUrl>#m_ylw-pushpin</styleUrl>
			<Point>
				<gx:drawOrder>1</gx:drawOrder>
				<coordinates>-2.521985853383667,5.053824868920354,0</coordinates>
			</Point>
		</Placemark>
		<Placemark>
			<name>coc356</name>
			<LookAt>
				<gx:TimeStamp><when>2025-06-23</when>
</gx:TimeStamp>
				<gx:ViewerOptions>
					<gx:option name="historicalimagery"></gx:option>
					<gx:option enabled="0" name="sunlight"></gx:option>
					<gx:option enabled="0" name="streetview"></gx:option>
				</gx:ViewerOptions>
				<longitude>-2.521441031933183</longitude>
				<latitude>5.054501073085206</latitude>
				<altitude>0</altitude>
				<heading>-0.002970818229167411</heading>
				<tilt>28.3389671384142</tilt>
				<range>716.4686737237552</range>
				<gx:altitudeMode>relativeToSeaFloor</gx:altitudeMode>
			</LookAt>
			<styleUrl>#m_ylw-pushpin</styleUrl>
			<Point>
				<gx:drawOrder>1</gx:drawOrder>
				<coordinates>-2.520373933038556,5.053460903390359,0</coordinates>
			</Point>
		</Placemark>
		<Placemark>
			<name>coc357</name>
			<LookAt>
				<gx:TimeStamp><when>2025-06-23</when>
</gx:TimeStamp>
				<gx:ViewerOptions>
					<gx:option name="historicalimagery"></gx:option>
					<gx:option enabled="0" name="sunlight"></gx:option>
					<gx:option enabled="0" name="streetview"></gx:option>
				</gx:ViewerOptions>
				<longitude>-2.508851899791503</longitude>
				<latitude>5.045337049800195</latitude>
				<altitude>0</altitude>
				<heading>-0.04536488539387407</heading>
				<tilt>23.97612445012516</tilt>
				<range>796.7642513971193</range>
				<gx:altitudeMode>relativeToSeaFloor</gx:altitudeMode>
			</LookAt>
			<styleUrl>#m_ylw-pushpin</styleUrl>
			<Point>
				<gx:drawOrder>1</gx:drawOrder>
				<coordinates>-2.510308563870022,5.045303306436157,0</coordinates>
			</Point>
		</Placemark>
		<Placemark>
			<name>coc368</name>
			<LookAt>
				<gx:TimeStamp><when>2025-06-23</when>
</gx:TimeStamp>
				<gx:ViewerOptions>
					<gx:option name="historicalimagery"></gx:option>
					<gx:option enabled="0" name="sunlight"></gx:option>
					<gx:option enabled="0" name="streetview"></gx:option>
				</gx:ViewerOptions>
				<longitude>-2.508851899791503</longitude>
				<latitude>5.045337049800195</latitude>
				<altitude>0</altitude>
				<heading>-0.04536488539387407</heading>
				<tilt>23.97612445012516</tilt>
				<range>796.7642513971193</range>
				<gx:altitudeMode>relativeToSeaFloor</gx:altitudeMode>
			</LookAt>
			<styleUrl>#m_ylw-pushpin</styleUrl>
			<Point>
				<gx:drawOrder>1</gx:drawOrder>
				<coordinates>-2.511717817574914,5.046595792656129,0</coordinates>
			</Point>
		</Placemark>
		<Placemark>
			<name>coc369</name>
			<LookAt>
				<gx:TimeStamp><when>2025-06-23</when>
</gx:TimeStamp>
				<gx:ViewerOptions>
					<gx:option name="historicalimagery"></gx:option>
					<gx:option enabled="0" name="sunlight"></gx:option>
					<gx:option enabled="0" name="streetview"></gx:option>
				</gx:ViewerOptions>
				<longitude>-2.509001235996116</longitude>
				<latitude>5.043952473962226</latitude>
				<altitude>0</altitude>
				<heading>-0.0453779669126696</heading>
				<tilt>23.97613075805897</tilt>
				<range>798.4922865889873</range>
				<gx:altitudeMode>relativeToSeaFloor</gx:altitudeMode>
			</LookAt>
			<styleUrl>#m_ylw-pushpin</styleUrl>
			<Point>
				<gx:drawOrder>1</gx:drawOrder>
				<coordinates>-2.510539122679466,5.044498095496835,0</coordinates>
			</Point>
		</Placemark>
		<Placemark>
			<name>coc370</name>
			<LookAt>
				<gx:TimeStamp><when>2025-06-23</when>
</gx:TimeStamp>
				<gx:ViewerOptions>
					<gx:option name="historicalimagery"></gx:option>
					<gx:option enabled="0" name="sunlight"></gx:option>
					<gx:option enabled="0" name="streetview"></gx:option>
				</gx:ViewerOptions>
				<longitude>-2.506148250586268</longitude>
				<latitude>5.04861900669847</latitude>
				<altitude>0</altitude>
				<heading>-0.04512709056027178</heading>
				<tilt>23.97611786642039</tilt>
				<range>794.9606530624596</range>
				<gx:altitudeMode>relativeToSeaFloor</gx:altitudeMode>
			</LookAt>
			<styleUrl>#m_ylw-pushpin</styleUrl>
			<Point>
				<gx:drawOrder>1</gx:drawOrder>
				<coordinates>-2.506649377512413,5.04884218528399,0</coordinates>
			</Point>
		</Placemark>
		<Placemark>
			<name>coc371</name>
			<LookAt>
				<gx:TimeStamp><when>2025-06-23</when>
</gx:TimeStamp>
				<gx:ViewerOptions>
					<gx:option name="historicalimagery"></gx:option>
					<gx:option enabled="0" name="sunlight"></gx:option>
					<gx:option enabled="0" name="streetview"></gx:option>
				</gx:ViewerOptions>
				<longitude>-2.510623802086632</longitude>
				<latitude>5.049158514070659</latitude>
				<altitude>0</altitude>
				<heading>-0.0455210969499588</heading>
				<tilt>23.9761058049399</tilt>
				<range>791.6564307915431</range>
				<gx:altitudeMode>relativeToSeaFloor</gx:altitudeMode>
			</LookAt>
			<styleUrl>#m_ylw-pushpin</styleUrl>
			<Point>
				<gx:drawOrder>1</gx:drawOrder>
				<coordinates>-2.511885113405362,5.050100020612777,0</coordinates>
			</Point>
		</Placemark>
		<Placemark>
			<name>coc372</name>
			<LookAt>
				<gx:TimeStamp><when>2025-06-23</when>
</gx:TimeStamp>
				<gx:ViewerOptions>
					<gx:option name="historicalimagery"></gx:option>
					<gx:option enabled="0" name="sunlight"></gx:option>
					<gx:option enabled="0" name="streetview"></gx:option>
				</gx:ViewerOptions>
				<longitude>-2.512446875680689</longitude>
				<latitude>5.055216682392469</latitude>
				<altitude>0</altitude>
				<heading>-0.005320649875608</heading>
				<tilt>28.28676187339768</tilt>
				<range>473.6790059769999</range>
				<gx:altitudeMode>relativeToSeaFloor</gx:altitudeMode>
			</LookAt>
			<styleUrl>#m_ylw-pushpin</styleUrl>
			<Point>
				<gx:drawOrder>1</gx:drawOrder>
				<coordinates>-2.512191656022402,5.056021692510801,0</coordinates>
			</Point>
		</Placemark>
		<Placemark>
			<name>coc373</name>
			<LookAt>
				<gx:TimeStamp><when>2025-06-23</when>
</gx:TimeStamp>
				<gx:ViewerOptions>
					<gx:option name="historicalimagery"></gx:option>
					<gx:option enabled="0" name="sunlight"></gx:option>
					<gx:option enabled="0" name="streetview"></gx:option>
				</gx:ViewerOptions>
				<longitude>-2.51353389133214</longitude>
				<latitude>5.056077164845233</latitude>
				<altitude>0</altitude>
				<heading>-0.005416482016539578</heading>
				<tilt>28.28674316198327</tilt>
				<range>469.2835388277751</range>
				<gx:altitudeMode>relativeToSeaFloor</gx:altitudeMode>
			</LookAt>
			<styleUrl>#m_ylw-pushpin</styleUrl>
			<Point>
				<gx:drawOrder>1</gx:drawOrder>
				<coordinates>-2.514735744470091,5.056009640782069,0</coordinates>
			</Point>
		</Placemark>
		<Placemark>
			<name>coc374</name>
			<LookAt>
				<gx:TimeStamp><when>2025-06-23</when>
</gx:TimeStamp>
				<gx:ViewerOptions>
					<gx:option name="historicalimagery"></gx:option>
					<gx:option enabled="0" name="sunlight"></gx:option>
					<gx:option enabled="0" name="streetview"></gx:option>
				</gx:ViewerOptions>
				<longitude>-2.51328008456131</longitude>
				<latitude>5.058725027769709</latitude>
				<altitude>0</altitude>
				<heading>-0.005394095964360153</heading>
				<tilt>28.28675672123515</tilt>
				<range>472.4687113352487</range>
				<gx:altitudeMode>relativeToSeaFloor</gx:altitudeMode>
			</LookAt>
			<styleUrl>#m_ylw-pushpin</styleUrl>
			<Point>
				<gx:drawOrder>1</gx:drawOrder>
				<coordinates>-2.514061545922032,5.058094173750633,0</coordinates>
			</Point>
		</Placemark>
		<Placemark>
			<name>coc375</name>
			<LookAt>
				<gx:TimeStamp><when>2025-06-23</when>
</gx:TimeStamp>
				<gx:ViewerOptions>
					<gx:option name="historicalimagery"></gx:option>
					<gx:option enabled="0" name="sunlight"></gx:option>
					<gx:option enabled="0" name="streetview"></gx:option>
				</gx:ViewerOptions>
				<longitude>-2.51328008456131</longitude>
				<latitude>5.058725027769709</latitude>
				<altitude>0</altitude>
				<heading>-0.005394095964360153</heading>
				<tilt>28.28675672123515</tilt>
				<range>472.4687113352487</range>
				<gx:altitudeMode>relativeToSeaFloor</gx:altitudeMode>
			</LookAt>
			<styleUrl>#m_ylw-pushpin</styleUrl>
			<Point>
				<gx:drawOrder>1</gx:drawOrder>
				<coordinates>-2.514516895017771,5.059897948550446,0</coordinates>
			</Point>
		</Placemark>
		<Placemark>
			<name>coc376</name>
			<LookAt>
				<gx:TimeStamp><when>2025-06-23</when>
</gx:TimeStamp>
				<gx:ViewerOptions>
					<gx:option name="historicalimagery"></gx:option>
					<gx:option enabled="0" name="sunlight"></gx:option>
					<gx:option enabled="0" name="streetview"></gx:option>
				</gx:ViewerOptions>
				<longitude>-2.513026427121317</longitude>
				<latitude>5.061202972188948</latitude>
				<altitude>0</altitude>
				<heading>-0.005371732281378897</heading>
				<tilt>28.2867216096157</tilt>
				<range>464.2206787810804</range>
				<gx:altitudeMode>relativeToSeaFloor</gx:altitudeMode>
			</LookAt>
			<styleUrl>#m_ylw-pushpin</styleUrl>
			<Point>
				<gx:drawOrder>1</gx:drawOrder>
				<coordinates>-2.512938615613922,5.061470131643453,0</coordinates>
			</Point>
		</Placemark>
		<Placemark>
			<name>coc377</name>
			<LookAt>
				<gx:TimeStamp><when>2025-06-23</when>
</gx:TimeStamp>
				<gx:ViewerOptions>
					<gx:option name="historicalimagery"></gx:option>
					<gx:option enabled="0" name="sunlight"></gx:option>
					<gx:option enabled="0" name="streetview"></gx:option>
				</gx:ViewerOptions>
				<longitude>-2.518223937654759</longitude>
				<latitude>5.060073384305828</latitude>
				<altitude>0</altitude>
				<heading>-0.005830252305310459</heading>
				<tilt>28.28677208749191</tilt>
				<range>476.0784703629066</range>
				<gx:altitudeMode>relativeToSeaFloor</gx:altitudeMode>
			</LookAt>
			<styleUrl>#m_ylw-pushpin</styleUrl>
			<Point>
				<gx:drawOrder>1</gx:drawOrder>
				<coordinates>-2.519642846220911,5.060710080749883,0</coordinates>
			</Point>
		</Placemark>
		<Placemark>
			<name>coc378</name>
			<LookAt>
				<gx:TimeStamp><when>2025-06-23</when>
</gx:TimeStamp>
				<gx:ViewerOptions>
					<gx:option name="historicalimagery"></gx:option>
					<gx:option enabled="0" name="sunlight"></gx:option>
					<gx:option enabled="0" name="streetview"></gx:option>
				</gx:ViewerOptions>
				<longitude>-2.509710561183343</longitude>
				<latitude>5.059154566721399</latitude>
				<altitude>0</altitude>
				<heading>0.007958274784741471</heading>
				<tilt>30.00155488612692</tilt>
				<range>348.7947328153869</range>
				<gx:altitudeMode>relativeToSeaFloor</gx:altitudeMode>
			</LookAt>
			<styleUrl>#m_ylw-pushpin</styleUrl>
			<Point>
				<gx:drawOrder>1</gx:drawOrder>
				<coordinates>-2.510006970637744,5.058951165860495,0</coordinates>
			</Point>
		</Placemark>
		<Placemark>
			<name>coc379</name>
			<LookAt>
				<gx:TimeStamp><when>2025-06-23</when>
</gx:TimeStamp>
				<gx:ViewerOptions>
					<gx:option name="historicalimagery"></gx:option>
					<gx:option enabled="0" name="sunlight"></gx:option>
					<gx:option enabled="0" name="streetview"></gx:option>
				</gx:ViewerOptions>
				<longitude>-2.508145304901645</longitude>
				<latitude>5.060477398117441</latitude>
				<altitude>0</altitude>
				<heading>0.008096316260107561</heading>
				<tilt>30.00153394808237</tilt>
				<range>344.1333305780472</range>
				<gx:altitudeMode>relativeToSeaFloor</gx:altitudeMode>
			</LookAt>
			<styleUrl>#m_ylw-pushpin</styleUrl>
			<Point>
				<gx:drawOrder>1</gx:drawOrder>
				<coordinates>-2.509117399135683,5.060282334454802,0</coordinates>
			</Point>
		</Placemark>
		<Placemark>
			<name>coc380</name>
			<LookAt>
				<gx:TimeStamp><when>2025-06-23</when>
</gx:TimeStamp>
				<gx:ViewerOptions>
					<gx:option name="historicalimagery"></gx:option>
					<gx:option enabled="0" name="sunlight"></gx:option>
					<gx:option enabled="0" name="streetview"></gx:option>
				</gx:ViewerOptions>
				<longitude>-2.507829724846576</longitude>
				<latitude>5.05968468173096</latitude>
				<altitude>0</altitude>
				<heading>0.008124152134226074</heading>
				<tilt>30.00153060473436</tilt>
				<range>343.3889700997712</range>
				<gx:altitudeMode>relativeToSeaFloor</gx:altitudeMode>
			</LookAt>
			<styleUrl>#m_ylw-pushpin</styleUrl>
			<Point>
				<gx:drawOrder>1</gx:drawOrder>
				<coordinates>-2.507975154889834,5.059446131546093,0</coordinates>
			</Point>
		</Placemark>
		<Placemark>
			<name>coc381</name>
			<LookAt>
				<gx:TimeStamp><when>2025-06-23</when>
</gx:TimeStamp>
				<gx:ViewerOptions>
					<gx:option name="historicalimagery"></gx:option>
					<gx:option enabled="0" name="sunlight"></gx:option>
					<gx:option enabled="0" name="streetview"></gx:option>
				</gx:ViewerOptions>
				<longitude>-2.508070922585888</longitude>
				<latitude>5.060801935826375</latitude>
				<altitude>0</altitude>
				<heading>0.008102861123124642</heading>
				<tilt>30.00154243577368</tilt>
				<range>346.0229331245847</range>
				<gx:altitudeMode>relativeToSeaFloor</gx:altitudeMode>
			</LookAt>
			<styleUrl>#m_ylw-pushpin</styleUrl>
			<Point>
				<gx:drawOrder>1</gx:drawOrder>
				<coordinates>-2.50858840604711,5.061071243431971,0</coordinates>
			</Point>
		</Placemark>
		<Placemark>
			<name>coc382</name>
			<LookAt>
				<gx:TimeStamp><when>2025-06-23</when>
</gx:TimeStamp>
				<gx:ViewerOptions>
					<gx:option name="historicalimagery"></gx:option>
					<gx:option enabled="0" name="sunlight"></gx:option>
					<gx:option enabled="0" name="streetview"></gx:option>
				</gx:ViewerOptions>
				<longitude>-2.50669861813791</longitude>
				<latitude>5.062255652338599</latitude>
				<altitude>0</altitude>
				<heading>0.008223928697680807</heading>
				<tilt>30.00157056210753</tilt>
				<range>352.2846828597901</range>
				<gx:altitudeMode>relativeToSeaFloor</gx:altitudeMode>
			</LookAt>
			<styleUrl>#m_ylw-pushpin</styleUrl>
			<Point>
				<gx:drawOrder>1</gx:drawOrder>
				<coordinates>-2.507585716132112,5.062447151208903,0</coordinates>
			</Point>
		</Placemark>
		<Placemark>
			<name>coc383</name>
			<LookAt>
				<gx:TimeStamp><when>2025-06-23</when>
</gx:TimeStamp>
				<gx:ViewerOptions>
					<gx:option name="historicalimagery"></gx:option>
					<gx:option enabled="0" name="sunlight"></gx:option>
					<gx:option enabled="0" name="streetview"></gx:option>
				</gx:ViewerOptions>
				<longitude>-2.506936185507457</longitude>
				<latitude>5.06317463896244</latitude>
				<altitude>0</altitude>
				<heading>0.008202962949253469</heading>
				<tilt>30.00155676240997</tilt>
				<range>349.212451065368</range>
				<gx:altitudeMode>relativeToSeaFloor</gx:altitudeMode>
			</LookAt>
			<styleUrl>#m_ylw-pushpin</styleUrl>
			<Point>
				<gx:drawOrder>1</gx:drawOrder>
				<coordinates>-2.508064741516582,5.063359696134141,0</coordinates>
			</Point>
		</Placemark>
		<Placemark>
			<name>coc384</name>
			<LookAt>
				<gx:TimeStamp><when>2025-06-23</when>
</gx:TimeStamp>
				<gx:ViewerOptions>
					<gx:option name="historicalimagery"></gx:option>
					<gx:option enabled="0" name="sunlight"></gx:option>
					<gx:option enabled="0" name="streetview"></gx:option>
				</gx:ViewerOptions>
				<longitude>-2.506622529956655</longitude>
				<latitude>5.063158404529823</latitude>
				<altitude>0</altitude>
				<heading>0.008230646478800421</heading>
				<tilt>30.00156175180855</tilt>
				<range>350.3232349846015</range>
				<gx:altitudeMode>relativeToSeaFloor</gx:altitudeMode>
			</LookAt>
			<styleUrl>#m_ylw-pushpin</styleUrl>
			<Point>
				<gx:drawOrder>1</gx:drawOrder>
				<coordinates>-2.507080818866586,5.063291784615043,0</coordinates>
			</Point>
		</Placemark>
		<Placemark>
			<name>coc385</name>
			<LookAt>
				<gx:TimeStamp><when>2025-06-23</when>
</gx:TimeStamp>
				<gx:ViewerOptions>
					<gx:option name="historicalimagery"></gx:option>
					<gx:option enabled="0" name="sunlight"></gx:option>
					<gx:option enabled="0" name="streetview"></gx:option>
				</gx:ViewerOptions>
				<longitude>-2.507706853392055</longitude>
				<latitude>5.064332342891174</latitude>
				<altitude>0</altitude>
				<heading>0.008134926736480337</heading>
				<tilt>30.0015430170886</tilt>
				<range>346.152334298945</range>
				<gx:altitudeMode>relativeToSeaFloor</gx:altitudeMode>
			</LookAt>
			<styleUrl>#m_ylw-pushpin</styleUrl>
			<Point>
				<gx:drawOrder>1</gx:drawOrder>
				<coordinates>-2.508791307240297,5.064064854364847,0</coordinates>
			</Point>
		</Placemark>
		<Placemark>
			<name>coc386</name>
			<LookAt>
				<gx:TimeStamp><when>2025-06-23</when>
</gx:TimeStamp>
				<gx:ViewerOptions>
					<gx:option name="historicalimagery"></gx:option>
					<gx:option enabled="0" name="sunlight"></gx:option>
					<gx:option enabled="0" name="streetview"></gx:option>
				</gx:ViewerOptions>
				<longitude>-2.511479533250411</longitude>
				<latitude>5.064467857816548</latitude>
				<altitude>0</altitude>
				<heading>0.007801837007884115</heading>
				<tilt>30.00293395114724</tilt>
				<range>655.8281223596484</range>
				<gx:altitudeMode>relativeToSeaFloor</gx:altitudeMode>
			</LookAt>
			<styleUrl>#m_ylw-pushpin</styleUrl>
			<Point>
				<gx:drawOrder>1</gx:drawOrder>
				<coordinates>-2.512528633286565,5.064078754297437,0</coordinates>
			</Point>
		</Placemark>
		<Placemark>
			<name>coc387</name>
			<LookAt>
				<gx:TimeStamp><when>2025-06-23</when>
</gx:TimeStamp>
				<gx:ViewerOptions>
					<gx:option name="historicalimagery"></gx:option>
					<gx:option enabled="0" name="sunlight"></gx:option>
					<gx:option enabled="0" name="streetview"></gx:option>
				</gx:ViewerOptions>
				<longitude>-2.514376003441945</longitude>
				<latitude>5.066246054104046</latitude>
				<altitude>0</altitude>
				<heading>0.007546099191289068</heading>
				<tilt>30.00300709208116</tilt>
				<range>672.1107069651305</range>
				<gx:altitudeMode>relativeToSeaFloor</gx:altitudeMode>
			</LookAt>
			<styleUrl>#m_ylw-pushpin</styleUrl>
			<Point>
				<gx:drawOrder>1</gx:drawOrder>
				<coordinates>-2.515858688321397,5.066818973544753,0</coordinates>
			</Point>
		</Placemark>
		<Placemark>
			<name>coc388</name>
			<LookAt>
				<gx:TimeStamp><when>2025-06-23</when>
</gx:TimeStamp>
				<gx:ViewerOptions>
					<gx:option name="historicalimagery"></gx:option>
					<gx:option enabled="0" name="sunlight"></gx:option>
					<gx:option enabled="0" name="streetview"></gx:option>
				</gx:ViewerOptions>
				<longitude>-2.51857924475504</longitude>
				<latitude>5.069118965658565</latitude>
				<altitude>0</altitude>
				<heading>0.007174869522107741</heading>
				<tilt>30.00299975009993</tilt>
				<range>670.4762671778922</range>
				<gx:altitudeMode>relativeToSeaFloor</gx:altitudeMode>
			</LookAt>
			<styleUrl>#m_ylw-pushpin</styleUrl>
			<Point>
				<gx:drawOrder>1</gx:drawOrder>
				<coordinates>-2.519800590600699,5.068242105209933,0</coordinates>
			</Point>
		</Placemark>
		<Placemark>
			<name>coc389</name>
			<LookAt>
				<gx:TimeStamp><when>2025-06-23</when>
</gx:TimeStamp>
				<gx:ViewerOptions>
					<gx:option name="historicalimagery"></gx:option>
					<gx:option enabled="0" name="sunlight"></gx:option>
					<gx:option enabled="0" name="streetview"></gx:option>
				</gx:ViewerOptions>
				<longitude>-2.518448125943682</longitude>
				<latitude>5.069059709965852</latitude>
				<altitude>0</altitude>
				<heading>0.007186466695986713</heading>
				<tilt>30.0030002939526</tilt>
				<range>670.5973216157403</range>
				<gx:altitudeMode>relativeToSeaFloor</gx:altitudeMode>
			</LookAt>
			<styleUrl>#m_ylw-pushpin</styleUrl>
			<Point>
				<gx:drawOrder>1</gx:drawOrder>
				<coordinates>-2.519575358099599,5.071137310106061,0</coordinates>
			</Point>
		</Placemark>
		<Placemark>
			<name>coc390</name>
			<LookAt>
				<gx:TimeStamp><when>2025-06-23</when>
</gx:TimeStamp>
				<gx:ViewerOptions>
					<gx:option name="historicalimagery"></gx:option>
					<gx:option enabled="0" name="sunlight"></gx:option>
					<gx:option enabled="0" name="streetview"></gx:option>
				</gx:ViewerOptions>
				<longitude>-2.516666207957237</longitude>
				<latitude>5.070911231764308</latitude>
				<altitude>0</altitude>
				<heading>0.007343858734253738</heading>
				<tilt>30.00300321962123</tilt>
				<range>671.2485922858158</range>
				<gx:altitudeMode>relativeToSeaFloor</gx:altitudeMode>
			</LookAt>
			<styleUrl>#m_ylw-pushpin</styleUrl>
			<Point>
				<gx:drawOrder>1</gx:drawOrder>
				<coordinates>-2.516083033747663,5.070700469938088,0</coordinates>
			</Point>
		</Placemark>
		<Placemark>
			<name>coc391</name>
			<LookAt>
				<gx:TimeStamp><when>2025-06-23</when>
</gx:TimeStamp>
				<gx:ViewerOptions>
					<gx:option name="historicalimagery"></gx:option>
					<gx:option enabled="0" name="sunlight"></gx:option>
					<gx:option enabled="0" name="streetview"></gx:option>
				</gx:ViewerOptions>
				<longitude>-2.516595430641259</longitude>
				<latitude>5.070731257048186</latitude>
				<altitude>0</altitude>
				<heading>0.007344233126157464</heading>
				<tilt>30.00334668602147</tilt>
				<range>931.0187058435733</range>
				<gx:altitudeMode>relativeToSeaFloor</gx:altitudeMode>
			</LookAt>
			<styleUrl>#m_ylw-pushpin</styleUrl>
			<Point>
				<gx:drawOrder>1</gx:drawOrder>
				<coordinates>-2.518062116239771,5.07342525285335,0</coordinates>
			</Point>
		</Placemark>
		<Placemark>
			<name>coc392</name>
			<LookAt>
				<gx:TimeStamp><when>2025-06-23</when>
</gx:TimeStamp>
				<gx:ViewerOptions>
					<gx:option name="historicalimagery"></gx:option>
					<gx:option enabled="0" name="sunlight"></gx:option>
					<gx:option enabled="0" name="streetview"></gx:option>
				</gx:ViewerOptions>
				<longitude>-2.513581064163891</longitude>
				<latitude>5.072681540749575</latitude>
				<altitude>0</altitude>
				<heading>0.007610793579995467</heading>
				<tilt>30.00329352813656</tilt>
				<range>919.1848033738394</range>
				<gx:altitudeMode>relativeToSeaFloor</gx:altitudeMode>
			</LookAt>
			<styleUrl>#m_ylw-pushpin</styleUrl>
			<Point>
				<gx:drawOrder>1</gx:drawOrder>
				<coordinates>-2.515785817776199,5.073856858960727,0</coordinates>
			</Point>
		</Placemark>
		<Placemark>
			<name>coc393</name>
			<LookAt>
				<gx:TimeStamp><when>2025-06-23</when>
</gx:TimeStamp>
				<gx:ViewerOptions>
					<gx:option name="historicalimagery"></gx:option>
					<gx:option enabled="0" name="sunlight"></gx:option>
					<gx:option enabled="0" name="streetview"></gx:option>
				</gx:ViewerOptions>
				<longitude>-2.513581064163891</longitude>
				<latitude>5.072681540749575</latitude>
				<altitude>0</altitude>
				<heading>0.007610793579995467</heading>
				<tilt>30.00329352813656</tilt>
				<range>919.1848033738394</range>
				<gx:altitudeMode>relativeToSeaFloor</gx:altitudeMode>
			</LookAt>
			<styleUrl>#m_ylw-pushpin</styleUrl>
			<Point>
				<gx:drawOrder>1</gx:drawOrder>
				<coordinates>-2.515550663435709,5.07580843374063,0</coordinates>
			</Point>
		</Placemark>
		<Placemark>
			<name>coc394</name>
			<LookAt>
				<gx:TimeStamp><when>2025-06-23</when>
</gx:TimeStamp>
				<gx:ViewerOptions>
					<gx:option name="historicalimagery"></gx:option>
					<gx:option enabled="0" name="sunlight"></gx:option>
					<gx:option enabled="0" name="streetview"></gx:option>
				</gx:ViewerOptions>
				<longitude>-2.513581064163891</longitude>
				<latitude>5.072681540749575</latitude>
				<altitude>0</altitude>
				<heading>0.007610793579995467</heading>
				<tilt>30.00329352813656</tilt>
				<range>919.1848033738394</range>
				<gx:altitudeMode>relativeToSeaFloor</gx:altitudeMode>
			</LookAt>
			<styleUrl>#m_ylw-pushpin</styleUrl>
			<Point>
				<gx:drawOrder>1</gx:drawOrder>
				<coordinates>-2.514944529076975,5.071829370418863,0</coordinates>
			</Point>
		</Placemark>
		<Placemark>
			<name>coc395</name>
			<LookAt>
				<gx:TimeStamp><when>2025-06-23</when>
</gx:TimeStamp>
				<gx:ViewerOptions>
					<gx:option name="historicalimagery"></gx:option>
					<gx:option enabled="0" name="sunlight"></gx:option>
					<gx:option enabled="0" name="streetview"></gx:option>
				</gx:ViewerOptions>
				<longitude>-2.512110441092431</longitude>
				<latitude>5.072576960068782</latitude>
				<altitude>0</altitude>
				<heading>0.007740831812828457</heading>
				<tilt>30.00332917391739</tilt>
				<range>927.1201950852499</range>
				<gx:altitudeMode>relativeToSeaFloor</gx:altitudeMode>
			</LookAt>
			<styleUrl>#m_ylw-pushpin</styleUrl>
			<Point>
				<gx:drawOrder>1</gx:drawOrder>
				<coordinates>-2.513258274102331,5.072560421566673,0</coordinates>
			</Point>
		</Placemark>
		<Placemark>
			<name>coc396</name>
			<LookAt>
				<gx:TimeStamp><when>2025-06-23</when>
</gx:TimeStamp>
				<gx:ViewerOptions>
					<gx:option name="historicalimagery"></gx:option>
					<gx:option enabled="0" name="sunlight"></gx:option>
					<gx:option enabled="0" name="streetview"></gx:option>
				</gx:ViewerOptions>
				<longitude>-2.51086213898495</longitude>
				<latitude>5.071485271664233</latitude>
				<altitude>0</altitude>
				<heading>0.007851235138097755</heading>
				<tilt>30.00334192150684</tilt>
				<range>929.9580595192912</range>
				<gx:altitudeMode>relativeToSeaFloor</gx:altitudeMode>
			</LookAt>
			<styleUrl>#m_ylw-pushpin</styleUrl>
			<Point>
				<gx:drawOrder>1</gx:drawOrder>
				<coordinates>-2.512561627059509,5.071046779043847,0</coordinates>
			</Point>
		</Placemark>
		<Placemark>
			<name>coc397</name>
			<LookAt>
				<gx:TimeStamp><when>2025-06-23</when>
</gx:TimeStamp>
				<gx:ViewerOptions>
					<gx:option name="historicalimagery"></gx:option>
					<gx:option enabled="0" name="sunlight"></gx:option>
					<gx:option enabled="0" name="streetview"></gx:option>
				</gx:ViewerOptions>
				<longitude>-2.512789513937707</longitude>
				<latitude>5.076075284931685</latitude>
				<altitude>0</altitude>
				<heading>0.007680744189835648</heading>
				<tilt>30.00330241045009</tilt>
				<range>921.1621591291753</range>
				<gx:altitudeMode>relativeToSeaFloor</gx:altitudeMode>
			</LookAt>
			<styleUrl>#m_ylw-pushpin</styleUrl>
			<Point>
				<gx:drawOrder>1</gx:drawOrder>
				<coordinates>-2.513801643352486,5.076234924033654,0</coordinates>
			</Point>
		</Placemark>
		<Placemark>
			<name>coc398</name>
			<LookAt>
				<gx:TimeStamp><when>2025-06-23</when>
</gx:TimeStamp>
				<gx:ViewerOptions>
					<gx:option name="historicalimagery"></gx:option>
					<gx:option enabled="0" name="sunlight"></gx:option>
					<gx:option enabled="0" name="streetview"></gx:option>
				</gx:ViewerOptions>
				<longitude>-2.513566968192711</longitude>
				<latitude>5.077385154347082</latitude>
				<altitude>0</altitude>
				<heading>0.007611937368514249</heading>
				<tilt>30.00327659506893</tilt>
				<range>915.4152137323314</range>
				<gx:altitudeMode>relativeToSeaFloor</gx:altitudeMode>
			</LookAt>
			<styleUrl>#m_ylw-pushpin</styleUrl>
			<Point>
				<gx:drawOrder>1</gx:drawOrder>
				<coordinates>-2.515402704072478,5.077113943763805,0</coordinates>
			</Point>
		</Placemark>
		<Placemark>
			<name>coc399</name>
			<LookAt>
				<gx:TimeStamp><when>2025-06-23</when>
</gx:TimeStamp>
				<gx:ViewerOptions>
					<gx:option name="historicalimagery"></gx:option>
					<gx:option enabled="0" name="sunlight"></gx:option>
					<gx:option enabled="0" name="streetview"></gx:option>
				</gx:ViewerOptions>
				<longitude>-2.515095550591269</longitude>
				<latitude>5.079385530846978</latitude>
				<altitude>0</altitude>
				<heading>0.007476563522764971</heading>
				<tilt>30.00327508607748</tilt>
				<range>915.0793352239552</range>
				<gx:altitudeMode>relativeToSeaFloor</gx:altitudeMode>
			</LookAt>
			<styleUrl>#m_ylw-pushpin</styleUrl>
			<Point>
				<gx:drawOrder>1</gx:drawOrder>
				<coordinates>-2.515437072182536,5.078749680487499,0</coordinates>
			</Point>
		</Placemark>
		<Placemark>
			<name>coc400</name>
			<LookAt>
				<gx:TimeStamp><when>2025-06-23</when>
</gx:TimeStamp>
				<gx:ViewerOptions>
					<gx:option name="historicalimagery"></gx:option>
					<gx:option enabled="0" name="sunlight"></gx:option>
					<gx:option enabled="0" name="streetview"></gx:option>
				</gx:ViewerOptions>
				<longitude>-2.517996395891128</longitude>
				<latitude>5.081012457485139</latitude>
				<altitude>0</altitude>
				<heading>0.007219651265264919</heading>
				<tilt>30.00328290835588</tilt>
				<range>916.8206630002493</range>
				<gx:altitudeMode>relativeToSeaFloor</gx:altitudeMode>
			</LookAt>
			<styleUrl>#m_ylw-pushpin</styleUrl>
			<Point>
				<gx:drawOrder>1</gx:drawOrder>
				<coordinates>-2.5199599026906,5.082618201450568,0</coordinates>
			</Point>
		</Placemark>
		<Placemark>
			<name>c0c401</name>
			<LookAt>
				<gx:TimeStamp><when>2025-06-23</when>
</gx:TimeStamp>
				<gx:ViewerOptions>
					<gx:option name="historicalimagery"></gx:option>
					<gx:option enabled="0" name="sunlight"></gx:option>
					<gx:option enabled="0" name="streetview"></gx:option>
				</gx:ViewerOptions>
				<longitude>-2.510096855580752</longitude>
				<latitude>5.079320103021161</latitude>
				<altitude>0</altitude>
				<heading>0.007919142544015477</heading>
				<tilt>30.00330603479971</tilt>
				<range>921.9690574019995</range>
				<gx:altitudeMode>relativeToSeaFloor</gx:altitudeMode>
			</LookAt>
			<styleUrl>#m_ylw-pushpin</styleUrl>
			<Point>
				<gx:drawOrder>1</gx:drawOrder>
				<coordinates>-2.513748396751527,5.08159918764493,0</coordinates>
			</Point>
		</Placemark>
		<Placemark>
			<name>coc402</name>
			<LookAt>
				<gx:TimeStamp><when>2025-06-23</when>
</gx:TimeStamp>
				<gx:ViewerOptions>
					<gx:option name="historicalimagery"></gx:option>
					<gx:option enabled="0" name="sunlight"></gx:option>
					<gx:option enabled="0" name="streetview"></gx:option>
				</gx:ViewerOptions>
				<longitude>-2.515552626857195</longitude>
				<latitude>5.08409990275838</latitude>
				<altitude>0</altitude>
				<heading>0.007435856855444859</heading>
				<tilt>30.00328962589274</tilt>
				<range>918.3161241395925</range>
				<gx:altitudeMode>relativeToSeaFloor</gx:altitudeMode>
			</LookAt>
			<styleUrl>#m_ylw-pushpin</styleUrl>
			<Point>
				<gx:drawOrder>1</gx:drawOrder>
				<coordinates>-2.516353510516935,5.084699070064513,0</coordinates>
			</Point>
		</Placemark>
		<Placemark>
			<name>coc403</name>
			<LookAt>
				<gx:TimeStamp><when>2025-06-23</when>
</gx:TimeStamp>
				<gx:ViewerOptions>
					<gx:option name="historicalimagery"></gx:option>
					<gx:option enabled="0" name="sunlight"></gx:option>
					<gx:option enabled="0" name="streetview"></gx:option>
				</gx:ViewerOptions>
				<longitude>-2.467467345101343</longitude>
				<latitude>5.789723281032211</latitude>
				<altitude>0</altitude>
				<heading>-0.1391136504387176</heading>
				<tilt>17.91329455959051</tilt>
				<range>916.4414614810662</range>
				<gx:altitudeMode>relativeToSeaFloor</gx:altitudeMode>
			</LookAt>
			<styleUrl>#m_ylw-pushpin</styleUrl>
			<Point>
				<gx:drawOrder>1</gx:drawOrder>
				<coordinates>-2.467322888799103,5.789047515616034,0</coordinates>
			</Point>
		</Placemark>
		<Placemark>
			<name>coc404</name>
			<LookAt>
				<gx:TimeStamp><when>2025-06-23</when>
</gx:TimeStamp>
				<gx:ViewerOptions>
					<gx:option name="historicalimagery"></gx:option>
					<gx:option enabled="0" name="sunlight"></gx:option>
					<gx:option enabled="0" name="streetview"></gx:option>
				</gx:ViewerOptions>
				<longitude>-2.463871470974213</longitude>
				<latitude>5.79067989001566</latitude>
				<altitude>0</altitude>
				<heading>-0.1387508710611874</heading>
				<tilt>17.91331375634021</tilt>
				<range>923.3894482803624</range>
				<gx:altitudeMode>relativeToSeaFloor</gx:altitudeMode>
			</LookAt>
			<styleUrl>#m_ylw-pushpin</styleUrl>
			<Point>
				<gx:drawOrder>1</gx:drawOrder>
				<coordinates>-2.46366116994797,5.791726342036512,0</coordinates>
			</Point>
		</Placemark>
		<Placemark>
			<name>coc405</name>
			<LookAt>
				<gx:TimeStamp><when>2025-06-23</when>
</gx:TimeStamp>
				<gx:ViewerOptions>
					<gx:option name="historicalimagery"></gx:option>
					<gx:option enabled="0" name="sunlight"></gx:option>
					<gx:option enabled="0" name="streetview"></gx:option>
				</gx:ViewerOptions>
				<longitude>-2.468285958394735</longitude>
				<latitude>5.778717231933633</latitude>
				<altitude>0</altitude>
				<heading>-0.1268995521848384</heading>
				<tilt>18.57136123256554</tilt>
				<range>708.4513641374273</range>
				<gx:altitudeMode>relativeToSeaFloor</gx:altitudeMode>
			</LookAt>
			<styleUrl>#m_ylw-pushpin</styleUrl>
			<Point>
				<gx:drawOrder>1</gx:drawOrder>
				<coordinates>-2.469507102848421,5.780379278796659,0</coordinates>
			</Point>
		</Placemark>
		<Placemark>
			<name>coc406</name>
			<LookAt>
				<gx:TimeStamp><when>2025-03-05</when>
</gx:TimeStamp>
				<gx:ViewerOptions>
					<gx:option name="historicalimagery"></gx:option>
					<gx:option enabled="0" name="sunlight"></gx:option>
					<gx:option enabled="0" name="streetview"></gx:option>
				</gx:ViewerOptions>
				<longitude>-2.328354419217018</longitude>
				<latitude>5.008497414064998</latitude>
				<altitude>0</altitude>
				<heading>-23.35286854329606</heading>
				<tilt>30.00217737009778</tilt>
				<range>557.7240248263353</range>
				<gx:altitudeMode>relativeToSeaFloor</gx:altitudeMode>
			</LookAt>
			<styleUrl>#m_ylw-pushpin</styleUrl>
			<Point>
				<gx:drawOrder>1</gx:drawOrder>
				<coordinates>-2.329071290629479,5.00696070826003,0</coordinates>
			</Point>
		</Placemark>
		<Placemark>
			<name>coc407</name>
			<LookAt>
				<gx:TimeStamp><when>2025-03-05</when>
</gx:TimeStamp>
				<gx:ViewerOptions>
					<gx:option name="historicalimagery"></gx:option>
					<gx:option enabled="0" name="sunlight"></gx:option>
					<gx:option enabled="0" name="streetview"></gx:option>
				</gx:ViewerOptions>
				<longitude>-2.333647421800596</longitude>
				<latitude>5.010298203323163</latitude>
				<altitude>0</altitude>
				<heading>-23.353330759367</heading>
				<tilt>30.00229001597212</tilt>
				<range>582.8018811109393</range>
				<gx:altitudeMode>relativeToSeaFloor</gx:altitudeMode>
			</LookAt>
			<styleUrl>#m_ylw-pushpin</styleUrl>
			<Point>
				<gx:drawOrder>1</gx:drawOrder>
				<coordinates>-2.335416110756391,5.009971317435557,0</coordinates>
			</Point>
		</Placemark>
		<Placemark>
			<name>coc408</name>
			<LookAt>
				<gx:TimeStamp><when>2025-03-05</when>
</gx:TimeStamp>
				<gx:ViewerOptions>
					<gx:option name="historicalimagery"></gx:option>
					<gx:option enabled="0" name="sunlight"></gx:option>
					<gx:option enabled="0" name="streetview"></gx:option>
				</gx:ViewerOptions>
				<longitude>-2.335391073354469</longitude>
				<latitude>5.009895049981441</latitude>
				<altitude>0</altitude>
				<heading>-23.35348302519834</heading>
				<tilt>30.00229097450445</tilt>
				<range>583.0152512517039</range>
				<gx:altitudeMode>relativeToSeaFloor</gx:altitudeMode>
			</LookAt>
			<styleUrl>#m_ylw-pushpin</styleUrl>
			<Point>
				<gx:drawOrder>1</gx:drawOrder>
				<coordinates>-2.336527358050954,5.009659207493627,0</coordinates>
			</Point>
		</Placemark>
		<Placemark>
			<name>coc409</name>
			<LookAt>
				<gx:TimeStamp><when>2025-03-05</when>
</gx:TimeStamp>
				<gx:ViewerOptions>
					<gx:option name="historicalimagery"></gx:option>
					<gx:option enabled="0" name="sunlight"></gx:option>
					<gx:option enabled="0" name="streetview"></gx:option>
				</gx:ViewerOptions>
				<longitude>-2.334971922081079</longitude>
				<latitude>5.011034456931567</latitude>
				<altitude>0</altitude>
				<heading>-23.35344643070708</heading>
				<tilt>30.00228028025905</tilt>
				<range>580.6344469524871</range>
				<gx:altitudeMode>relativeToSeaFloor</gx:altitudeMode>
			</LookAt>
			<styleUrl>#m_ylw-pushpin</styleUrl>
			<Point>
				<gx:drawOrder>1</gx:drawOrder>
				<coordinates>-2.335503582738529,5.010673739404443,0</coordinates>
			</Point>
		</Placemark>
		<Placemark>
			<name>coc410</name>
			<LookAt>
				<gx:TimeStamp><when>2025-03-05</when>
</gx:TimeStamp>
				<gx:ViewerOptions>
					<gx:option name="historicalimagery"></gx:option>
					<gx:option enabled="0" name="sunlight"></gx:option>
					<gx:option enabled="0" name="streetview"></gx:option>
				</gx:ViewerOptions>
				<longitude>-2.334404366379003</longitude>
				<latitude>5.004015331450847</latitude>
				<altitude>0</altitude>
				<heading>-23.35339631015444</heading>
				<tilt>30.00225222049199</tilt>
				<range>574.3876906448246</range>
				<gx:altitudeMode>relativeToSeaFloor</gx:altitudeMode>
			</LookAt>
			<styleUrl>#m_ylw-pushpin</styleUrl>
			<Point>
				<gx:drawOrder>1</gx:drawOrder>
				<coordinates>-2.334658260609314,5.003303632998469,0</coordinates>
			</Point>
		</Placemark>
		<Placemark>
			<name>coc411</name>
			<LookAt>
				<gx:TimeStamp><when>2025-03-05</when>
</gx:TimeStamp>
				<gx:ViewerOptions>
					<gx:option name="historicalimagery"></gx:option>
					<gx:option enabled="0" name="sunlight"></gx:option>
					<gx:option enabled="0" name="streetview"></gx:option>
				</gx:ViewerOptions>
				<longitude>-2.340005112241612</longitude>
				<latitude>5.003634433851692</latitude>
				<altitude>0</altitude>
				<heading>-23.3538847688192</heading>
				<tilt>30.00229195743482</tilt>
				<range>583.2340836904355</range>
				<gx:altitudeMode>relativeToSeaFloor</gx:altitudeMode>
			</LookAt>
			<styleUrl>#m_ylw-pushpin</styleUrl>
			<Point>
				<gx:drawOrder>1</gx:drawOrder>
				<coordinates>-2.340633958983242,5.004315868616916,0</coordinates>
			</Point>
		</Placemark>
		<Placemark>
			<name>coc412</name>
			<LookAt>
				<gx:TimeStamp><when>2025-03-05</when>
</gx:TimeStamp>
				<gx:ViewerOptions>
					<gx:option name="historicalimagery"></gx:option>
					<gx:option enabled="0" name="sunlight"></gx:option>
					<gx:option enabled="0" name="streetview"></gx:option>
				</gx:ViewerOptions>
				<longitude>-2.340052410562222</longitude>
				<latitude>5.011151154853985</latitude>
				<altitude>0</altitude>
				<heading>-23.35388890260284</heading>
				<tilt>30.00226918963845</tilt>
				<range>578.165446453417</range>
				<gx:altitudeMode>relativeToSeaFloor</gx:altitudeMode>
			</LookAt>
			<styleUrl>#m_ylw-pushpin</styleUrl>
			<Point>
				<gx:drawOrder>1</gx:drawOrder>
				<coordinates>-2.340759799629755,5.010261404964458,0</coordinates>
			</Point>
		</Placemark>
		<Placemark>
			<name>coc413</name>
			<LookAt>
				<gx:TimeStamp><when>2025-03-05</when>
</gx:TimeStamp>
				<gx:ViewerOptions>
					<gx:option name="historicalimagery"></gx:option>
					<gx:option enabled="0" name="sunlight"></gx:option>
					<gx:option enabled="0" name="streetview"></gx:option>
				</gx:ViewerOptions>
				<longitude>-2.35265043310063</longitude>
				<latitude>5.007526840146242</latitude>
				<altitude>0</altitude>
				<heading>-23.3549885742311</heading>
				<tilt>30.00476461221891</tilt>
				<range>1060.760759080996</range>
				<gx:altitudeMode>relativeToSeaFloor</gx:altitudeMode>
			</LookAt>
			<styleUrl>#m_ylw-pushpin</styleUrl>
			<Point>
				<gx:drawOrder>1</gx:drawOrder>
				<coordinates>-2.349921460855759,5.00782200888256,0</coordinates>
			</Point>
		</Placemark>
		<Placemark>
			<name>coc414</name>
			<LookAt>
				<gx:TimeStamp><when>2025-03-05</when>
</gx:TimeStamp>
				<gx:ViewerOptions>
					<gx:option name="historicalimagery"></gx:option>
					<gx:option enabled="0" name="sunlight"></gx:option>
					<gx:option enabled="0" name="streetview"></gx:option>
				</gx:ViewerOptions>
				<longitude>-2.360096490218179</longitude>
				<latitude>5.003073018588334</latitude>
				<altitude>0</altitude>
				<heading>-23.35563850957257</heading>
				<tilt>30.00474084992433</tilt>
				<range>1055.471067357152</range>
				<gx:altitudeMode>relativeToSeaFloor</gx:altitudeMode>
			</LookAt>
			<styleUrl>#m_ylw-pushpin</styleUrl>
			<Point>
				<gx:drawOrder>1</gx:drawOrder>
				<coordinates>-2.361129653423847,5.005306376639798,0</coordinates>
			</Point>
		</Placemark>
		<Placemark>
			<name>coc415</name>
			<LookAt>
				<gx:TimeStamp><when>2025-03-05</when>
</gx:TimeStamp>
				<gx:ViewerOptions>
					<gx:option name="historicalimagery"></gx:option>
					<gx:option enabled="0" name="sunlight"></gx:option>
					<gx:option enabled="0" name="streetview"></gx:option>
				</gx:ViewerOptions>
				<longitude>-2.360530341974159</longitude>
				<latitude>5.005263326255749</latitude>
				<altitude>0</altitude>
				<heading>-23.35567531466529</heading>
				<tilt>30.00475131744251</tilt>
				<range>1057.801126356862</range>
				<gx:altitudeMode>relativeToSeaFloor</gx:altitudeMode>
			</LookAt>
			<styleUrl>#m_ylw-pushpin</styleUrl>
			<Point>
				<gx:drawOrder>1</gx:drawOrder>
				<coordinates>-2.36330588842866,5.005398638726205,0</coordinates>
			</Point>
		</Placemark>
		<Placemark>
			<name>coc416</name>
			<LookAt>
				<gx:TimeStamp><when>2025-03-05</when>
</gx:TimeStamp>
				<gx:ViewerOptions>
					<gx:option name="historicalimagery"></gx:option>
					<gx:option enabled="0" name="sunlight"></gx:option>
					<gx:option enabled="0" name="streetview"></gx:option>
				</gx:ViewerOptions>
				<longitude>-2.334080784871106</longitude>
				<latitude>4.999596444067811</latitude>
				<altitude>0</altitude>
				<heading>-23.35336513621857</heading>
				<tilt>30.00467137510743</tilt>
				<range>1040.005527828956</range>
				<gx:altitudeMode>relativeToSeaFloor</gx:altitudeMode>
			</LookAt>
			<styleUrl>#m_ylw-pushpin</styleUrl>
			<Point>
				<gx:drawOrder>1</gx:drawOrder>
				<coordinates>-2.33518831685426,4.999207341827733,0</coordinates>
			</Point>
		</Placemark>
		<Placemark>
			<name>coc417</name>
			<LookAt>
				<gx:TimeStamp><when>2025-03-05</when>
</gx:TimeStamp>
				<gx:ViewerOptions>
					<gx:option name="historicalimagery"></gx:option>
					<gx:option enabled="0" name="sunlight"></gx:option>
					<gx:option enabled="0" name="streetview"></gx:option>
				</gx:ViewerOptions>
				<longitude>-2.339813279622383</longitude>
				<latitude>4.982306758102554</latitude>
				<altitude>0</altitude>
				<heading>-23.35386495711289</heading>
				<tilt>30.00474144949946</tilt>
				<range>1055.604444182058</range>
				<gx:altitudeMode>relativeToSeaFloor</gx:altitudeMode>
			</LookAt>
			<styleUrl>#m_ylw-pushpin</styleUrl>
			<Point>
				<gx:drawOrder>1</gx:drawOrder>
				<coordinates>-2.340921242576376,4.980222785217505,0</coordinates>
			</Point>
		</Placemark>
		<Placemark>
			<name>coc418</name>
			<LookAt>
				<gx:TimeStamp><when>2025-03-05</when>
</gx:TimeStamp>
				<gx:ViewerOptions>
					<gx:option name="historicalimagery"></gx:option>
					<gx:option enabled="0" name="sunlight"></gx:option>
					<gx:option enabled="0" name="streetview"></gx:option>
				</gx:ViewerOptions>
				<longitude>-2.333151059636506</longitude>
				<latitude>4.982677430231043</latitude>
				<altitude>0</altitude>
				<heading>-23.35328648055186</heading>
				<tilt>30.0047466284497</tilt>
				<range>1056.757469074937</range>
				<gx:altitudeMode>relativeToSeaFloor</gx:altitudeMode>
			</LookAt>
			<styleUrl>#m_ylw-pushpin</styleUrl>
			<Point>
				<gx:drawOrder>1</gx:drawOrder>
				<coordinates>-2.333604759664313,4.980879183470978,0</coordinates>
			</Point>
		</Placemark>
		<Placemark>
			<name>coc419</name>
			<LookAt>
				<gx:TimeStamp><when>2025-03-05</when>
</gx:TimeStamp>
				<gx:ViewerOptions>
					<gx:option name="historicalimagery"></gx:option>
					<gx:option enabled="0" name="sunlight"></gx:option>
					<gx:option enabled="0" name="streetview"></gx:option>
				</gx:ViewerOptions>
				<longitude>-2.333151059636506</longitude>
				<latitude>4.982677430231043</latitude>
				<altitude>0</altitude>
				<heading>-23.35328648055186</heading>
				<tilt>30.0047466284497</tilt>
				<range>1056.757469074937</range>
				<gx:altitudeMode>relativeToSeaFloor</gx:altitudeMode>
			</LookAt>
			<styleUrl>#m_ylw-pushpin</styleUrl>
			<Point>
				<gx:drawOrder>1</gx:drawOrder>
				<coordinates>-2.33083994783755,4.980596112422434,0</coordinates>
			</Point>
		</Placemark>
		<Placemark>
			<name>coc420</name>
			<LookAt>
				<gx:TimeStamp><when>2025-03-05</when>
</gx:TimeStamp>
				<gx:ViewerOptions>
					<gx:option name="historicalimagery"></gx:option>
					<gx:option enabled="0" name="sunlight"></gx:option>
					<gx:option enabled="0" name="streetview"></gx:option>
				</gx:ViewerOptions>
				<longitude>-2.333151059636506</longitude>
				<latitude>4.982677430231043</latitude>
				<altitude>0</altitude>
				<heading>-23.35328648055186</heading>
				<tilt>30.0047466284497</tilt>
				<range>1056.757469074937</range>
				<gx:altitudeMode>relativeToSeaFloor</gx:altitudeMode>
			</LookAt>
			<styleUrl>#m_ylw-pushpin</styleUrl>
			<Point>
				<gx:drawOrder>1</gx:drawOrder>
				<coordinates>-2.331127939488736,4.982927182350908,0</coordinates>
			</Point>
		</Placemark>
		<Placemark>
			<name>coc421</name>
			<LookAt>
				<gx:TimeStamp><when>2025-03-05</when>
</gx:TimeStamp>
				<gx:ViewerOptions>
					<gx:option name="historicalimagery"></gx:option>
					<gx:option enabled="0" name="sunlight"></gx:option>
					<gx:option enabled="0" name="streetview"></gx:option>
				</gx:ViewerOptions>
				<longitude>-2.333067301345443</longitude>
				<latitude>4.987755162849452</latitude>
				<altitude>0</altitude>
				<heading>-23.35327927889741</heading>
				<tilt>30.00466342285022</tilt>
				<range>1038.235158998163</range>
				<gx:altitudeMode>relativeToSeaFloor</gx:altitudeMode>
			</LookAt>
			<styleUrl>#m_ylw-pushpin</styleUrl>
			<Point>
				<gx:drawOrder>1</gx:drawOrder>
				<coordinates>-2.332854057769386,4.986979674448277,0</coordinates>
			</Point>
		</Placemark>
		<Placemark>
			<name>coc422</name>
			<LookAt>
				<gx:TimeStamp><when>2025-03-05</when>
</gx:TimeStamp>
				<gx:ViewerOptions>
					<gx:option name="historicalimagery"></gx:option>
					<gx:option enabled="0" name="sunlight"></gx:option>
					<gx:option enabled="0" name="streetview"></gx:option>
				</gx:ViewerOptions>
				<longitude>-2.326560459861621</longitude>
				<latitude>4.984469388428679</latitude>
				<altitude>0</altitude>
				<heading>-23.35271374096628</heading>
				<tilt>30.00473667350255</tilt>
				<range>1054.541315917897</range>
				<gx:altitudeMode>relativeToSeaFloor</gx:altitudeMode>
			</LookAt>
			<styleUrl>#m_ylw-pushpin</styleUrl>
			<Point>
				<gx:drawOrder>1</gx:drawOrder>
				<coordinates>-2.328071341682255,4.982063860913642,0</coordinates>
			</Point>
		</Placemark>
		<Placemark>
			<name>coc423</name>
			<LookAt>
				<gx:TimeStamp><when>2025-03-05</when>
</gx:TimeStamp>
				<gx:ViewerOptions>
					<gx:option name="historicalimagery"></gx:option>
					<gx:option enabled="0" name="sunlight"></gx:option>
					<gx:option enabled="0" name="streetview"></gx:option>
				</gx:ViewerOptions>
				<longitude>-2.328285568354107</longitude>
				<latitude>4.986567811142866</latitude>
				<altitude>0</altitude>
				<heading>-23.35286367985568</heading>
				<tilt>30.00472057644864</tilt>
				<range>1050.95793808608</range>
				<gx:altitudeMode>relativeToSeaFloor</gx:altitudeMode>
			</LookAt>
			<styleUrl>#m_ylw-pushpin</styleUrl>
			<Point>
				<gx:drawOrder>1</gx:drawOrder>
				<coordinates>-2.328807288323503,4.985631134875336,0</coordinates>
			</Point>
		</Placemark>
		<Placemark>
			<name>coc424</name>
			<LookAt>
				<gx:TimeStamp><when>2025-03-05</when>
</gx:TimeStamp>
				<gx:ViewerOptions>
					<gx:option name="historicalimagery"></gx:option>
					<gx:option enabled="0" name="sunlight"></gx:option>
					<gx:option enabled="0" name="streetview"></gx:option>
				</gx:ViewerOptions>
				<longitude>-2.331225807808705</longitude>
				<latitude>4.990422676956247</latitude>
				<altitude>0</altitude>
				<heading>-23.35311934303417</heading>
				<tilt>30.0047188843946</tilt>
				<range>1050.581337399022</range>
				<gx:altitudeMode>relativeToSeaFloor</gx:altitudeMode>
			</LookAt>
			<styleUrl>#m_ylw-pushpin</styleUrl>
			<Point>
				<gx:drawOrder>1</gx:drawOrder>
				<coordinates>-2.330817413385136,4.989349094433699,0</coordinates>
			</Point>
		</Placemark>
		<Placemark>
			<name>coc425</name>
			<LookAt>
				<gx:TimeStamp><when>2025-03-05</when>
</gx:TimeStamp>
				<gx:ViewerOptions>
					<gx:option name="historicalimagery"></gx:option>
					<gx:option enabled="0" name="sunlight"></gx:option>
					<gx:option enabled="0" name="streetview"></gx:option>
				</gx:ViewerOptions>
				<longitude>-2.339129253737579</longitude>
				<latitude>4.969625936408774</latitude>
				<altitude>0</altitude>
				<heading>-23.38387321155</heading>
				<tilt>26.64767318054121</tilt>
				<range>1258.389485001572</range>
				<gx:altitudeMode>relativeToSeaFloor</gx:altitudeMode>
			</LookAt>
			<styleUrl>#m_ylw-pushpin</styleUrl>
			<Point>
				<gx:drawOrder>1</gx:drawOrder>
				<coordinates>-2.338085273867666,4.969684445997518,0</coordinates>
			</Point>
		</Placemark>
		<Placemark>
			<name>coc426</name>
			<LookAt>
				<gx:TimeStamp><when>2025-03-05</when>
</gx:TimeStamp>
				<gx:ViewerOptions>
					<gx:option name="historicalimagery"></gx:option>
					<gx:option enabled="0" name="sunlight"></gx:option>
					<gx:option enabled="0" name="streetview"></gx:option>
				</gx:ViewerOptions>
				<longitude>-2.343758277819127</longitude>
				<latitude>4.974870188882568</latitude>
				<altitude>0</altitude>
				<heading>-23.38427446883006</heading>
				<tilt>26.64765272048807</tilt>
				<range>1253.3111989089</range>
				<gx:altitudeMode>relativeToSeaFloor</gx:altitudeMode>
			</LookAt>
			<styleUrl>#m_ylw-pushpin</styleUrl>
			<Point>
				<gx:drawOrder>1</gx:drawOrder>
				<coordinates>-2.345033315022236,4.974433793337832,0</coordinates>
			</Point>
		</Placemark>
		<Placemark>
			<name>coc427</name>
			<LookAt>
				<gx:TimeStamp><when>2025-03-05</when>
</gx:TimeStamp>
				<gx:ViewerOptions>
					<gx:option name="historicalimagery"></gx:option>
					<gx:option enabled="0" name="sunlight"></gx:option>
					<gx:option enabled="0" name="streetview"></gx:option>
				</gx:ViewerOptions>
				<longitude>-2.328428883677256</longitude>
				<latitude>5.00066573248201</latitude>
				<altitude>0</altitude>
				<heading>-23.38294224308836</heading>
				<tilt>26.64748170583367</tilt>
				<range>1210.864686229197</range>
				<gx:altitudeMode>relativeToSeaFloor</gx:altitudeMode>
			</LookAt>
			<styleUrl>#m_ylw-pushpin</styleUrl>
			<Point>
				<gx:drawOrder>1</gx:drawOrder>
				<coordinates>-2.3299350787129,4.999772153144411,0</coordinates>
			</Point>
		</Placemark>
		<Placemark>
			<name>coc428</name>
			<LookAt>
				<gx:TimeStamp><when>2025-03-05</when>
</gx:TimeStamp>
				<gx:ViewerOptions>
					<gx:option name="historicalimagery"></gx:option>
					<gx:option enabled="0" name="sunlight"></gx:option>
					<gx:option enabled="0" name="streetview"></gx:option>
				</gx:ViewerOptions>
				<longitude>-2.345992600914697</longitude>
				<latitude>5.011957585020961</latitude>
				<altitude>0</altitude>
				<heading>-23.35433324931501</heading>
				<tilt>30.00291784579858</tilt>
				<range>653.3240964606898</range>
				<gx:altitudeMode>relativeToSeaFloor</gx:altitudeMode>
			</LookAt>
			<styleUrl>#m_ylw-pushpin</styleUrl>
			<Point>
				<gx:drawOrder>1</gx:drawOrder>
				<coordinates>-2.346715350602405,5.0101471714361,0</coordinates>
			</Point>
		</Placemark>
		<Placemark>
			<name>coc429</name>
			<LookAt>
				<gx:TimeStamp><when>2025-03-05</when>
</gx:TimeStamp>
				<gx:ViewerOptions>
					<gx:option name="historicalimagery"></gx:option>
					<gx:option enabled="0" name="sunlight"></gx:option>
					<gx:option enabled="0" name="streetview"></gx:option>
				</gx:ViewerOptions>
				<longitude>-2.361402929948796</longitude>
				<latitude>4.986252203394592</latitude>
				<altitude>0</altitude>
				<heading>-23.35574432012887</heading>
				<tilt>30.00190994417017</tilt>
				<range>426.4085669825419</range>
				<gx:altitudeMode>relativeToSeaFloor</gx:altitudeMode>
			</LookAt>
			<styleUrl>#m_ylw-pushpin</styleUrl>
			<Point>
				<gx:drawOrder>1</gx:drawOrder>
				<coordinates>-2.361048657684941,4.985656982811459,0</coordinates>
			</Point>
		</Placemark>
		<Placemark>
			<name>coc430</name>
			<LookAt>
				<gx:TimeStamp><when>2025-03-05</when>
</gx:TimeStamp>
				<gx:ViewerOptions>
					<gx:option name="historicalimagery"></gx:option>
					<gx:option enabled="0" name="sunlight"></gx:option>
					<gx:option enabled="0" name="streetview"></gx:option>
				</gx:ViewerOptions>
				<longitude>-2.44553533522393</longitude>
				<latitude>5.001254051126327</latitude>
				<altitude>0</altitude>
				<heading>-23.3633996817793</heading>
				<tilt>30.0040115116934</tilt>
				<range>915.9436930843552</range>
				<gx:altitudeMode>relativeToSeaFloor</gx:altitudeMode>
			</LookAt>
			<styleUrl>#m_ylw-pushpin</styleUrl>
			<Point>
				<gx:drawOrder>1</gx:drawOrder>
				<coordinates>-2.445338849176508,5.000266860295651,0</coordinates>
			</Point>
		</Placemark>
		<Placemark>
			<name>coc431</name>
			<LookAt>
				<gx:TimeStamp><when>2025-03-05</when>
</gx:TimeStamp>
				<gx:ViewerOptions>
					<gx:option name="historicalimagery"></gx:option>
					<gx:option enabled="0" name="sunlight"></gx:option>
					<gx:option enabled="0" name="streetview"></gx:option>
				</gx:ViewerOptions>
				<longitude>-2.445703070509891</longitude>
				<latitude>5.001093289201776</latitude>
				<altitude>0</altitude>
				<heading>-23.363414303104</heading>
				<tilt>30.00400786430273</tilt>
				<range>915.1316810392011</range>
				<gx:altitudeMode>relativeToSeaFloor</gx:altitudeMode>
			</LookAt>
			<styleUrl>#m_ylw-pushpin</styleUrl>
			<Point>
				<gx:drawOrder>1</gx:drawOrder>
				<coordinates>-2.44842717981673,4.999560991888212,0</coordinates>
			</Point>
		</Placemark>
		<Placemark>
			<name>coc432</name>
			<LookAt>
				<gx:TimeStamp><when>2025-03-05</when>
</gx:TimeStamp>
				<gx:ViewerOptions>
					<gx:option name="historicalimagery"></gx:option>
					<gx:option enabled="0" name="sunlight"></gx:option>
					<gx:option enabled="0" name="streetview"></gx:option>
				</gx:ViewerOptions>
				<longitude>-2.445703070509891</longitude>
				<latitude>5.001093289201776</latitude>
				<altitude>0</altitude>
				<heading>-23.363414303104</heading>
				<tilt>30.00400786430273</tilt>
				<range>915.1316810392011</range>
				<gx:altitudeMode>relativeToSeaFloor</gx:altitudeMode>
			</LookAt>
			<styleUrl>#m_ylw-pushpin</styleUrl>
			<Point>
				<gx:drawOrder>1</gx:drawOrder>
				<coordinates>-2.444812952961233,4.998530203733706,0</coordinates>
			</Point>
		</Placemark>
		<Placemark>
			<name>coc433</name>
			<LookAt>
				<gx:TimeStamp><when>2025-03-05</when>
</gx:TimeStamp>
				<gx:ViewerOptions>
					<gx:option name="historicalimagery"></gx:option>
					<gx:option enabled="0" name="sunlight"></gx:option>
					<gx:option enabled="0" name="streetview"></gx:option>
				</gx:ViewerOptions>
				<longitude>-2.44265782456596</longitude>
				<latitude>5.001065435294907</latitude>
				<altitude>0</altitude>
				<heading>-23.36314876414812</heading>
				<tilt>30.0040391467871</tilt>
				<range>922.0956591494848</range>
				<gx:altitudeMode>relativeToSeaFloor</gx:altitudeMode>
			</LookAt>
			<styleUrl>#m_ylw-pushpin</styleUrl>
			<Point>
				<gx:drawOrder>1</gx:drawOrder>
				<coordinates>-2.442375260023946,5.000536818216101,0</coordinates>
			</Point>
		</Placemark>
		<Placemark>
			<name>coc434</name>
			<LookAt>
				<gx:TimeStamp><when>2025-03-05</when>
</gx:TimeStamp>
				<gx:ViewerOptions>
					<gx:option name="historicalimagery"></gx:option>
					<gx:option enabled="0" name="sunlight"></gx:option>
					<gx:option enabled="0" name="streetview"></gx:option>
				</gx:ViewerOptions>
				<longitude>-2.439759530804951</longitude>
				<latitude>5.000479768764274</latitude>
				<altitude>0</altitude>
				<heading>-23.36289611910953</heading>
				<tilt>30.00407175441999</tilt>
				<range>929.3545949347282</range>
				<gx:altitudeMode>relativeToSeaFloor</gx:altitudeMode>
			</LookAt>
			<styleUrl>#m_ylw-pushpin</styleUrl>
			<Point>
				<gx:drawOrder>1</gx:drawOrder>
				<coordinates>-2.440484742662528,4.999543312539138,0</coordinates>
			</Point>
		</Placemark>
		<Placemark>
			<name>coc435</name>
			<LookAt>
				<gx:TimeStamp><when>2025-03-05</when>
</gx:TimeStamp>
				<gx:ViewerOptions>
					<gx:option name="historicalimagery"></gx:option>
					<gx:option enabled="0" name="sunlight"></gx:option>
					<gx:option enabled="0" name="streetview"></gx:option>
				</gx:ViewerOptions>
				<longitude>-2.43944141636719</longitude>
				<latitude>5.003648645306519</latitude>
				<altitude>0</altitude>
				<heading>-23.36286848106965</heading>
				<tilt>30.00401910409568</tilt>
				<range>917.6338789528269</range>
				<gx:altitudeMode>relativeToSeaFloor</gx:altitudeMode>
			</LookAt>
			<styleUrl>#m_ylw-pushpin</styleUrl>
			<Point>
				<gx:drawOrder>1</gx:drawOrder>
				<coordinates>-2.442662933300925,5.00515301497137,0</coordinates>
			</Point>
		</Placemark>
		<Placemark>
			<name>coc436</name>
			<LookAt>
				<gx:TimeStamp><when>2025-03-05</when>
</gx:TimeStamp>
				<gx:ViewerOptions>
					<gx:option name="historicalimagery"></gx:option>
					<gx:option enabled="0" name="sunlight"></gx:option>
					<gx:option enabled="0" name="streetview"></gx:option>
				</gx:ViewerOptions>
				<longitude>-2.43944141636719</longitude>
				<latitude>5.003648645306519</latitude>
				<altitude>0</altitude>
				<heading>-23.36286848106965</heading>
				<tilt>30.00401910409568</tilt>
				<range>917.6338789528269</range>
				<gx:altitudeMode>relativeToSeaFloor</gx:altitudeMode>
			</LookAt>
			<styleUrl>#m_ylw-pushpin</styleUrl>
			<Point>
				<gx:drawOrder>1</gx:drawOrder>
				<coordinates>-2.440772451915899,5.003464519379965,0</coordinates>
			</Point>
		</Placemark>
		<Placemark>
			<name>coc437</name>
			<LookAt>
				<gx:TimeStamp><when>2025-03-05</when>
</gx:TimeStamp>
				<gx:ViewerOptions>
					<gx:option name="historicalimagery"></gx:option>
					<gx:option enabled="0" name="sunlight"></gx:option>
					<gx:option enabled="0" name="streetview"></gx:option>
				</gx:ViewerOptions>
				<longitude>-2.438070055747787</longitude>
				<latitude>5.003089205225082</latitude>
				<altitude>0</altitude>
				<heading>-23.36274888700432</heading>
				<tilt>30.00399185049498</tilt>
				<range>911.5668853705771</range>
				<gx:altitudeMode>relativeToSeaFloor</gx:altitudeMode>
			</LookAt>
			<styleUrl>#m_ylw-pushpin</styleUrl>
			<Point>
				<gx:drawOrder>1</gx:drawOrder>
				<coordinates>-2.437634232175387,5.001636367978565,0</coordinates>
			</Point>
		</Placemark>
		<Placemark>
			<name>coc438</name>
			<LookAt>
				<gx:TimeStamp><when>2025-03-05</when>
</gx:TimeStamp>
				<gx:ViewerOptions>
					<gx:option name="historicalimagery"></gx:option>
					<gx:option enabled="0" name="sunlight"></gx:option>
					<gx:option enabled="0" name="streetview"></gx:option>
				</gx:ViewerOptions>
				<longitude>-2.437665058960351</longitude>
				<latitude>5.005899886600985</latitude>
				<altitude>0</altitude>
				<heading>-23.36271367473</heading>
				<tilt>30.00402501381146</tilt>
				<range>918.9494669497949</range>
				<gx:altitudeMode>relativeToSeaFloor</gx:altitudeMode>
			</LookAt>
			<styleUrl>#m_ylw-pushpin</styleUrl>
			<Point>
				<gx:drawOrder>1</gx:drawOrder>
				<coordinates>-2.437431308159665,5.005857199566131,0</coordinates>
			</Point>
		</Placemark>
		<Placemark>
			<name>coc439</name>
			<LookAt>
				<gx:TimeStamp><when>2025-03-05</when>
</gx:TimeStamp>
				<gx:ViewerOptions>
					<gx:option name="historicalimagery"></gx:option>
					<gx:option enabled="0" name="sunlight"></gx:option>
					<gx:option enabled="0" name="streetview"></gx:option>
				</gx:ViewerOptions>
				<longitude>-2.441638144426955</longitude>
				<latitude>5.008378696819253</latitude>
				<altitude>0</altitude>
				<heading>-23.36306041682524</heading>
				<tilt>30.00396550340118</tilt>
				<range>905.7015833763464</range>
				<gx:altitudeMode>relativeToSeaFloor</gx:altitudeMode>
			</LookAt>
			<styleUrl>#m_ylw-pushpin</styleUrl>
			<Point>
				<gx:drawOrder>1</gx:drawOrder>
				<coordinates>-2.44096763349202,5.007591769838821,0</coordinates>
			</Point>
		</Placemark>
		<Placemark>
			<name>coc440</name>
			<LookAt>
				<gx:TimeStamp><when>2025-03-05</when>
</gx:TimeStamp>
				<gx:ViewerOptions>
					<gx:option name="historicalimagery"></gx:option>
					<gx:option enabled="0" name="sunlight"></gx:option>
					<gx:option enabled="0" name="streetview"></gx:option>
				</gx:ViewerOptions>
				<longitude>-2.445699174803104</longitude>
				<latitude>5.007102007457929</latitude>
				<altitude>0</altitude>
				<heading>-23.3634148901829</heading>
				<tilt>30.00405140422679</tilt>
				<range>924.824242757924</range>
				<gx:altitudeMode>relativeToSeaFloor</gx:altitudeMode>
			</LookAt>
			<styleUrl>#m_ylw-pushpin</styleUrl>
			<Point>
				<gx:drawOrder>1</gx:drawOrder>
				<coordinates>-2.447116295853281,5.006612079577932,0</coordinates>
			</Point>
		</Placemark>
		<Placemark>
			<name>coc441</name>
			<LookAt>
				<gx:TimeStamp><when>2025-03-05</when>
</gx:TimeStamp>
				<gx:ViewerOptions>
					<gx:option name="historicalimagery"></gx:option>
					<gx:option enabled="0" name="sunlight"></gx:option>
					<gx:option enabled="0" name="streetview"></gx:option>
				</gx:ViewerOptions>
				<longitude>-2.444047245103564</longitude>
				<latitude>5.011966635812844</latitude>
				<altitude>0</altitude>
				<heading>-23.36327067939649</heading>
				<tilt>30.00395109505387</tilt>
				<range>902.4941001171608</range>
				<gx:altitudeMode>relativeToSeaFloor</gx:altitudeMode>
			</LookAt>
			<styleUrl>#m_ylw-pushpin</styleUrl>
			<Point>
				<gx:drawOrder>1</gx:drawOrder>
				<coordinates>-2.444461744847282,5.011336919241555,0</coordinates>
			</Point>
		</Placemark>
		<Placemark>
			<name>coc442</name>
			<LookAt>
				<gx:TimeStamp><when>2025-03-05</when>
</gx:TimeStamp>
				<gx:ViewerOptions>
					<gx:option name="historicalimagery"></gx:option>
					<gx:option enabled="0" name="sunlight"></gx:option>
					<gx:option enabled="0" name="streetview"></gx:option>
				</gx:ViewerOptions>
				<longitude>-2.44390602835268</longitude>
				<latitude>5.011103818396835</latitude>
				<altitude>0</altitude>
				<heading>-23.36325833228506</heading>
				<tilt>30.00398110442197</tilt>
				<range>909.1747392274921</range>
				<gx:altitudeMode>relativeToSeaFloor</gx:altitudeMode>
			</LookAt>
			<styleUrl>#m_ylw-pushpin</styleUrl>
			<Point>
				<gx:drawOrder>1</gx:drawOrder>
				<coordinates>-2.445527230597181,5.013020992243929,0</coordinates>
			</Point>
		</Placemark>
		<Placemark>
			<name>coc443</name>
			<LookAt>
				<gx:TimeStamp><when>2025-03-05</when>
</gx:TimeStamp>
				<gx:ViewerOptions>
					<gx:option name="historicalimagery"></gx:option>
					<gx:option enabled="0" name="sunlight"></gx:option>
					<gx:option enabled="0" name="streetview"></gx:option>
				</gx:ViewerOptions>
				<longitude>-2.447837988238713</longitude>
				<latitude>5.0055358105842</latitude>
				<altitude>0</altitude>
				<heading>-23.36360150037186</heading>
				<tilt>30.0040357524282</tilt>
				<range>921.3399283253392</range>
				<gx:altitudeMode>relativeToSeaFloor</gx:altitudeMode>
			</LookAt>
			<styleUrl>#m_ylw-pushpin</styleUrl>
			<Point>
				<gx:drawOrder>1</gx:drawOrder>
				<coordinates>-2.449323837414611,5.00731373084147,0</coordinates>
			</Point>
		</Placemark>
		<Placemark>
			<name>coc444</name>
			<LookAt>
				<gx:TimeStamp><when>2025-03-05</when>
</gx:TimeStamp>
				<gx:ViewerOptions>
					<gx:option name="historicalimagery"></gx:option>
					<gx:option enabled="0" name="sunlight"></gx:option>
					<gx:option enabled="0" name="streetview"></gx:option>
				</gx:ViewerOptions>
				<longitude>-2.442534387256146</longitude>
				<latitude>5.021425622836541</latitude>
				<altitude>0</altitude>
				<heading>-23.36313908778772</heading>
				<tilt>30.00400130289642</tilt>
				<range>913.6710848613062</range>
				<gx:altitudeMode>relativeToSeaFloor</gx:altitudeMode>
			</LookAt>
			<styleUrl>#m_ylw-pushpin</styleUrl>
			<Point>
				<gx:drawOrder>1</gx:drawOrder>
				<coordinates>-2.445794903168089,5.021899669463468,0</coordinates>
			</Point>
		</Placemark>
		<Placemark>
			<name>coc445</name>
			<LookAt>
				<gx:TimeStamp><when>2025-03-05</when>
</gx:TimeStamp>
				<gx:ViewerOptions>
					<gx:option name="historicalimagery"></gx:option>
					<gx:option enabled="0" name="sunlight"></gx:option>
					<gx:option enabled="0" name="streetview"></gx:option>
				</gx:ViewerOptions>
				<longitude>-2.442534387256146</longitude>
				<latitude>5.021425622836541</latitude>
				<altitude>0</altitude>
				<heading>-23.36313908778772</heading>
				<tilt>30.00400130289642</tilt>
				<range>913.6710848613062</range>
				<gx:altitudeMode>relativeToSeaFloor</gx:altitudeMode>
			</LookAt>
			<styleUrl>#m_ylw-pushpin</styleUrl>
			<Point>
				<gx:drawOrder>1</gx:drawOrder>
				<coordinates>-2.442915056368928,5.020337821387101,0</coordinates>
			</Point>
		</Placemark>
		<Placemark>
			<name>coc446</name>
			<LookAt>
				<gx:TimeStamp><when>2025-03-05</when>
</gx:TimeStamp>
				<gx:ViewerOptions>
					<gx:option name="historicalimagery"></gx:option>
					<gx:option enabled="0" name="sunlight"></gx:option>
					<gx:option enabled="0" name="streetview"></gx:option>
				</gx:ViewerOptions>
				<longitude>-2.442534387256146</longitude>
				<latitude>5.021425622836541</latitude>
				<altitude>0</altitude>
				<heading>-23.36313908778772</heading>
				<tilt>30.00400130289642</tilt>
				<range>913.6710848613062</range>
				<gx:altitudeMode>relativeToSeaFloor</gx:altitudeMode>
			</LookAt>
			<styleUrl>#m_ylw-pushpin</styleUrl>
			<Point>
				<gx:drawOrder>1</gx:drawOrder>
				<coordinates>-2.443103687082537,5.022181407203117,0</coordinates>
			</Point>
		</Placemark>
		<Placemark>
			<name>coc447</name>
			<LookAt>
				<gx:TimeStamp><when>2025-03-05</when>
</gx:TimeStamp>
				<gx:ViewerOptions>
					<gx:option name="historicalimagery"></gx:option>
					<gx:option enabled="0" name="sunlight"></gx:option>
					<gx:option enabled="0" name="streetview"></gx:option>
				</gx:ViewerOptions>
				<longitude>-2.438473714616218</longitude>
				<latitude>5.021725606796117</latitude>
				<altitude>0</altitude>
				<heading>-23.36278369304567</heading>
				<tilt>30.00396193986528</tilt>
				<range>904.9082894894252</range>
				<gx:altitudeMode>relativeToSeaFloor</gx:altitudeMode>
			</LookAt>
			<styleUrl>#m_ylw-pushpin</styleUrl>
			<Point>
				<gx:drawOrder>1</gx:drawOrder>
				<coordinates>-2.438099246209515,5.020508916336151,0</coordinates>
			</Point>
		</Placemark>
		<Placemark>
			<name>coc448</name>
			<LookAt>
				<gx:TimeStamp><when>2025-03-05</when>
</gx:TimeStamp>
				<gx:ViewerOptions>
					<gx:option name="historicalimagery"></gx:option>
					<gx:option enabled="0" name="sunlight"></gx:option>
					<gx:option enabled="0" name="streetview"></gx:option>
				</gx:ViewerOptions>
				<longitude>-2.437037974351591</longitude>
				<latitude>5.023789008148258</latitude>
				<altitude>0</altitude>
				<heading>-23.36265803063043</heading>
				<tilt>30.0039803266156</tilt>
				<range>909.0015317508286</range>
				<gx:altitudeMode>relativeToSeaFloor</gx:altitudeMode>
			</LookAt>
			<styleUrl>#m_ylw-pushpin</styleUrl>
			<Point>
				<gx:drawOrder>1</gx:drawOrder>
				<coordinates>-2.440135470880211,5.022376729182348,0</coordinates>
			</Point>
		</Placemark>
		<Placemark>
			<name>coc449</name>
			<LookAt>
				<gx:TimeStamp><when>2025-03-05</when>
</gx:TimeStamp>
				<gx:ViewerOptions>
					<gx:option name="historicalimagery"></gx:option>
					<gx:option enabled="0" name="sunlight"></gx:option>
					<gx:option enabled="0" name="streetview"></gx:option>
				</gx:ViewerOptions>
				<longitude>-2.435789646930169</longitude>
				<latitude>5.022496461044687</latitude>
				<altitude>0</altitude>
				<heading>-23.36254867000751</heading>
				<tilt>30.00398653312781</tilt>
				<range>910.3831253128501</range>
				<gx:altitudeMode>relativeToSeaFloor</gx:altitudeMode>
			</LookAt>
			<styleUrl>#m_ylw-pushpin</styleUrl>
			<Point>
				<gx:drawOrder>1</gx:drawOrder>
				<coordinates>-2.434924927550188,5.020615963868193,0</coordinates>
			</Point>
		</Placemark>
		<Placemark>
			<name>coc450</name>
			<LookAt>
				<gx:TimeStamp><when>2025-03-05</when>
</gx:TimeStamp>
				<gx:ViewerOptions>
					<gx:option name="historicalimagery"></gx:option>
					<gx:option enabled="0" name="sunlight"></gx:option>
					<gx:option enabled="0" name="streetview"></gx:option>
				</gx:ViewerOptions>
				<longitude>-2.436508519101049</longitude>
				<latitude>5.01572898783918</latitude>
				<altitude>0</altitude>
				<heading>-23.36261136775932</heading>
				<tilt>30.0039621549277</tilt>
				<range>904.956223938847</range>
				<gx:altitudeMode>relativeToSeaFloor</gx:altitudeMode>
			</LookAt>
			<styleUrl>#m_ylw-pushpin</styleUrl>
			<Point>
				<gx:drawOrder>1</gx:drawOrder>
				<coordinates>-2.4375668511837,5.014496654630709,0</coordinates>
			</Point>
		</Placemark>
		<Placemark>
			<name>coc451</name>
			<LookAt>
				<gx:TimeStamp><when>2025-03-05</when>
</gx:TimeStamp>
				<gx:ViewerOptions>
					<gx:option name="historicalimagery"></gx:option>
					<gx:option enabled="0" name="sunlight"></gx:option>
					<gx:option enabled="0" name="streetview"></gx:option>
				</gx:ViewerOptions>
				<longitude>-2.432641468207647</longitude>
				<latitude>5.015531704503746</latitude>
				<altitude>0</altitude>
				<heading>-23.36227328198326</heading>
				<tilt>30.00398658311995</tilt>
				<range>910.3942677033057</range>
				<gx:altitudeMode>relativeToSeaFloor</gx:altitudeMode>
			</LookAt>
			<styleUrl>#m_ylw-pushpin</styleUrl>
			<Point>
				<gx:drawOrder>1</gx:drawOrder>
				<coordinates>-2.434341539730166,5.013970300277038,0</coordinates>
			</Point>
		</Placemark>
		<Placemark>
			<name>coc452</name>
			<LookAt>
				<gx:TimeStamp><when>2025-03-05</when>
</gx:TimeStamp>
				<gx:ViewerOptions>
					<gx:option name="historicalimagery"></gx:option>
					<gx:option enabled="0" name="sunlight"></gx:option>
					<gx:option enabled="0" name="streetview"></gx:option>
				</gx:ViewerOptions>
				<longitude>-2.436585676379885</longitude>
				<latitude>5.024161845392898</latitude>
				<altitude>0</altitude>
				<heading>-23.36261850989829</heading>
				<tilt>30.00399604721807</tilt>
				<range>912.5010540009937</range>
				<gx:altitudeMode>relativeToSeaFloor</gx:altitudeMode>
			</LookAt>
			<styleUrl>#m_ylw-pushpin</styleUrl>
			<Point>
				<gx:drawOrder>1</gx:drawOrder>
				<coordinates>-2.435226958771212,5.022508182843183,0</coordinates>
			</Point>
		</Placemark>
		<Placemark>
			<name>coc453</name>
			<LookAt>
				<gx:TimeStamp><when>2025-03-05</when>
</gx:TimeStamp>
				<gx:ViewerOptions>
					<gx:option name="historicalimagery"></gx:option>
					<gx:option enabled="0" name="sunlight"></gx:option>
					<gx:option enabled="0" name="streetview"></gx:option>
				</gx:ViewerOptions>
				<longitude>-2.922360521642467</longitude>
				<latitude>5.195508685674556</latitude>
				<altitude>0</altitude>
				<heading>-23.41079503093901</heading>
				<tilt>27.85864864096155</tilt>
				<range>543.3951696216816</range>
				<gx:altitudeMode>relativeToSeaFloor</gx:altitudeMode>
			</LookAt>
			<styleUrl>#m_ylw-pushpin</styleUrl>
			<Point>
				<gx:drawOrder>1</gx:drawOrder>
				<coordinates>-2.922531596015835,5.194367103571342,0</coordinates>
			</Point>
		</Placemark>
		<Placemark>
			<name>coc454</name>
			<LookAt>
				<gx:TimeStamp><when>2025-03-05</when>
</gx:TimeStamp>
				<gx:ViewerOptions>
					<gx:option name="historicalimagery"></gx:option>
					<gx:option enabled="0" name="sunlight"></gx:option>
					<gx:option enabled="0" name="streetview"></gx:option>
				</gx:ViewerOptions>
				<longitude>-2.922360521642467</longitude>
				<latitude>5.195508685674556</latitude>
				<altitude>0</altitude>
				<heading>-23.41079503093901</heading>
				<tilt>27.85864864096155</tilt>
				<range>543.3951696216816</range>
				<gx:altitudeMode>relativeToSeaFloor</gx:altitudeMode>
			</LookAt>
			<styleUrl>#m_ylw-pushpin</styleUrl>
			<Point>
				<gx:drawOrder>1</gx:drawOrder>
				<coordinates>-2.922084461525102,5.196399754794395,0</coordinates>
			</Point>
		</Placemark>
		<Placemark>
			<name>coc455</name>
			<LookAt>
				<gx:TimeStamp><when>2025-03-05</when>
</gx:TimeStamp>
				<gx:ViewerOptions>
					<gx:option name="historicalimagery"></gx:option>
					<gx:option enabled="0" name="sunlight"></gx:option>
					<gx:option enabled="0" name="streetview"></gx:option>
				</gx:ViewerOptions>
				<longitude>-2.923589040743885</longitude>
				<latitude>5.195589572508291</latitude>
				<altitude>0</altitude>
				<heading>-23.41090627940923</heading>
				<tilt>27.85872299249036</tilt>
				<range>561.1076129153153</range>
				<gx:altitudeMode>relativeToSeaFloor</gx:altitudeMode>
			</LookAt>
			<styleUrl>#m_ylw-pushpin</styleUrl>
			<Point>
				<gx:drawOrder>1</gx:drawOrder>
				<coordinates>-2.923354896841669,5.19500359448953,0</coordinates>
			</Point>
		</Placemark>
		<Placemark>
			<name>coc456</name>
			<LookAt>
				<gx:TimeStamp><when>2025-03-05</when>
</gx:TimeStamp>
				<gx:ViewerOptions>
					<gx:option name="historicalimagery"></gx:option>
					<gx:option enabled="0" name="sunlight"></gx:option>
					<gx:option enabled="0" name="streetview"></gx:option>
				</gx:ViewerOptions>
				<longitude>-2.925943301165307</longitude>
				<latitude>5.194242053864427</latitude>
				<altitude>0</altitude>
				<heading>-23.41111943548485</heading>
				<tilt>27.85879052867996</tilt>
				<range>577.1962600568561</range>
				<gx:altitudeMode>relativeToSeaFloor</gx:altitudeMode>
			</LookAt>
			<styleUrl>#m_ylw-pushpin</styleUrl>
			<Point>
				<gx:drawOrder>1</gx:drawOrder>
				<coordinates>-2.926291526047367,5.19457154511676,0</coordinates>
			</Point>
		</Placemark>
		<Placemark>
			<name>coc457</name>
			<LookAt>
				<gx:TimeStamp><when>2025-03-05</when>
</gx:TimeStamp>
				<gx:ViewerOptions>
					<gx:option name="historicalimagery"></gx:option>
					<gx:option enabled="0" name="sunlight"></gx:option>
					<gx:option enabled="0" name="streetview"></gx:option>
				</gx:ViewerOptions>
				<longitude>-2.927812077440783</longitude>
				<latitude>5.192062864204583</latitude>
				<altitude>0</altitude>
				<heading>-23.41283692156473</heading>
				<tilt>27.73417914056495</tilt>
				<range>430.7990579133511</range>
				<gx:altitudeMode>relativeToSeaFloor</gx:altitudeMode>
			</LookAt>
			<styleUrl>#m_ylw-pushpin</styleUrl>
			<Point>
				<gx:drawOrder>1</gx:drawOrder>
				<coordinates>-2.927484787714223,5.192565977677822,0</coordinates>
			</Point>
		</Placemark>
		<Placemark>
			<name>coc458</name>
			<LookAt>
				<gx:TimeStamp><when>2025-03-05</when>
</gx:TimeStamp>
				<gx:ViewerOptions>
					<gx:option name="historicalimagery"></gx:option>
					<gx:option enabled="0" name="sunlight"></gx:option>
					<gx:option enabled="0" name="streetview"></gx:option>
				</gx:ViewerOptions>
				<longitude>-2.930953688258075</longitude>
				<latitude>5.191911710164535</latitude>
				<altitude>0</altitude>
				<heading>-23.41312122830204</heading>
				<tilt>27.73405152809417</tilt>
				<range>400.2730806873503</range>
				<gx:altitudeMode>relativeToSeaFloor</gx:altitudeMode>
			</LookAt>
			<styleUrl>#m_ylw-pushpin</styleUrl>
			<Point>
				<gx:drawOrder>1</gx:drawOrder>
				<coordinates>-2.931523538372361,5.191290254016303,0</coordinates>
			</Point>
		</Placemark>
		<Placemark>
			<name>coc459</name>
			<LookAt>
				<gx:TimeStamp><when>2025-03-05</when>
</gx:TimeStamp>
				<gx:ViewerOptions>
					<gx:option name="historicalimagery"></gx:option>
					<gx:option enabled="0" name="sunlight"></gx:option>
					<gx:option enabled="0" name="streetview"></gx:option>
				</gx:ViewerOptions>
				<longitude>-2.932793221308831</longitude>
				<latitude>5.189893972936716</latitude>
				<altitude>0</altitude>
				<heading>-23.413287666913</heading>
				<tilt>27.73411974071079</tilt>
				<range>416.5901668391598</range>
				<gx:altitudeMode>relativeToSeaFloor</gx:altitudeMode>
			</LookAt>
			<styleUrl>#m_ylw-pushpin</styleUrl>
			<Point>
				<gx:drawOrder>1</gx:drawOrder>
				<coordinates>-2.933020161165257,5.189437304870308,0</coordinates>
			</Point>
		</Placemark>
		<Placemark>
			<name>coc460</name>
			<LookAt>
				<gx:TimeStamp><when>2025-03-05</when>
</gx:TimeStamp>
				<gx:ViewerOptions>
					<gx:option name="historicalimagery"></gx:option>
					<gx:option enabled="0" name="sunlight"></gx:option>
					<gx:option enabled="0" name="streetview"></gx:option>
				</gx:ViewerOptions>
				<longitude>-2.932444324057581</longitude>
				<latitude>5.187571319921038</latitude>
				<altitude>0</altitude>
				<heading>-23.41325610965643</heading>
				<tilt>27.73409878498455</tilt>
				<range>411.577358020996</range>
				<gx:altitudeMode>relativeToSeaFloor</gx:altitudeMode>
			</LookAt>
			<styleUrl>#m_ylw-pushpin</styleUrl>
			<Point>
				<gx:drawOrder>1</gx:drawOrder>
				<coordinates>-2.93314616900402,5.18771665019022,0</coordinates>
			</Point>
		</Placemark>
		<Placemark>
			<name>coc461</name>
			<LookAt>
				<gx:TimeStamp><when>2025-03-05</when>
</gx:TimeStamp>
				<gx:ViewerOptions>
					<gx:option name="historicalimagery"></gx:option>
					<gx:option enabled="0" name="sunlight"></gx:option>
					<gx:option enabled="0" name="streetview"></gx:option>
				</gx:ViewerOptions>
				<longitude>-2.936605372382743</longitude>
				<latitude>5.187313151042599</latitude>
				<altitude>0</altitude>
				<heading>-23.41363232555715</heading>
				<tilt>27.73423563564213</tilt>
				<range>444.3130753829664</range>
				<gx:altitudeMode>relativeToSeaFloor</gx:altitudeMode>
			</LookAt>
			<styleUrl>#m_ylw-pushpin</styleUrl>
			<Point>
				<gx:drawOrder>1</gx:drawOrder>
				<coordinates>-2.936990595593113,5.187099333222838,0</coordinates>
			</Point>
		</Placemark>
		<Placemark>
			<name>coc462</name>
			<LookAt>
				<gx:TimeStamp><when>2025-03-05</when>
</gx:TimeStamp>
				<gx:ViewerOptions>
					<gx:option name="historicalimagery"></gx:option>
					<gx:option enabled="0" name="sunlight"></gx:option>
					<gx:option enabled="0" name="streetview"></gx:option>
				</gx:ViewerOptions>
				<longitude>-2.937640029383808</longitude>
				<latitude>5.187229807079833</latitude>
				<altitude>0</altitude>
				<heading>-23.41372586467087</heading>
				<tilt>27.73423243062788</tilt>
				<range>443.5463941394497</range>
				<gx:altitudeMode>relativeToSeaFloor</gx:altitudeMode>
			</LookAt>
			<styleUrl>#m_ylw-pushpin</styleUrl>
			<Point>
				<gx:drawOrder>1</gx:drawOrder>
				<coordinates>-2.938157875193071,5.187577942626353,0</coordinates>
			</Point>
		</Placemark>
		<Placemark>
			<name>coc463</name>
			<LookAt>
				<gx:TimeStamp><when>2025-03-05</when>
</gx:TimeStamp>
				<gx:ViewerOptions>
					<gx:option name="historicalimagery"></gx:option>
					<gx:option enabled="0" name="sunlight"></gx:option>
					<gx:option enabled="0" name="streetview"></gx:option>
				</gx:ViewerOptions>
				<longitude>-2.939845516504061</longitude>
				<latitude>5.193758572001631</latitude>
				<altitude>0</altitude>
				<heading>-23.41392524062846</heading>
				<tilt>27.73404168984947</tilt>
				<range>397.9196714115565</range>
				<gx:altitudeMode>relativeToSeaFloor</gx:altitudeMode>
			</LookAt>
			<styleUrl>#m_ylw-pushpin</styleUrl>
			<Point>
				<gx:drawOrder>1</gx:drawOrder>
				<coordinates>-2.939790625868264,5.1936615585772,0</coordinates>
			</Point>
		</Placemark>
		<Placemark>
			<name>coc464</name>
			<LookAt>
				<gx:TimeStamp><when>2025-03-05</when>
</gx:TimeStamp>
				<gx:ViewerOptions>
					<gx:option name="historicalimagery"></gx:option>
					<gx:option enabled="0" name="sunlight"></gx:option>
					<gx:option enabled="0" name="streetview"></gx:option>
				</gx:ViewerOptions>
				<longitude>-2.943239870803436</longitude>
				<latitude>5.193178172343885</latitude>
				<altitude>0</altitude>
				<heading>-23.41423245654592</heading>
				<tilt>27.73407348771294</tilt>
				<range>405.5260184565444</range>
				<gx:altitudeMode>relativeToSeaFloor</gx:altitudeMode>
			</LookAt>
			<styleUrl>#m_ylw-pushpin</styleUrl>
			<Point>
				<gx:drawOrder>1</gx:drawOrder>
				<coordinates>-2.943960908432929,5.193394833518289,0</coordinates>
			</Point>
		</Placemark>
		<Placemark>
			<name>coc465</name>
			<LookAt>
				<gx:TimeStamp><when>2025-03-05</when>
</gx:TimeStamp>
				<gx:ViewerOptions>
					<gx:option name="historicalimagery"></gx:option>
					<gx:option enabled="0" name="sunlight"></gx:option>
					<gx:option enabled="0" name="streetview"></gx:option>
				</gx:ViewerOptions>
				<longitude>-2.9434958320293</longitude>
				<latitude>5.19180026367967</latitude>
				<altitude>0</altitude>
				<heading>-23.41425564885627</heading>
				<tilt>27.73409327505464</tilt>
				<range>410.2593129001761</range>
				<gx:altitudeMode>relativeToSeaFloor</gx:altitudeMode>
			</LookAt>
			<styleUrl>#m_ylw-pushpin</styleUrl>
			<Point>
				<gx:drawOrder>1</gx:drawOrder>
				<coordinates>-2.944461137567783,5.192023290903059,0</coordinates>
			</Point>
		</Placemark>
		<Placemark>
			<name>coc466</name>
			<LookAt>
				<gx:TimeStamp><when>2025-03-05</when>
</gx:TimeStamp>
				<gx:ViewerOptions>
					<gx:option name="historicalimagery"></gx:option>
					<gx:option enabled="0" name="sunlight"></gx:option>
					<gx:option enabled="0" name="streetview"></gx:option>
				</gx:ViewerOptions>
				<longitude>-2.945711974417731</longitude>
				<latitude>5.188113349837222</latitude>
				<altitude>0</altitude>
				<heading>-23.41445611920378</heading>
				<tilt>27.73425733452177</tilt>
				<range>449.5036022520912</range>
				<gx:altitudeMode>relativeToSeaFloor</gx:altitudeMode>
			</LookAt>
			<styleUrl>#m_ylw-pushpin</styleUrl>
			<Point>
				<gx:drawOrder>1</gx:drawOrder>
				<coordinates>-2.946233608176768,5.187583188891312,0</coordinates>
			</Point>
		</Placemark>
		<Placemark>
			<name>coc467</name>
			<LookAt>
				<gx:TimeStamp><when>2025-03-05</when>
</gx:TimeStamp>
				<gx:ViewerOptions>
					<gx:option name="historicalimagery"></gx:option>
					<gx:option enabled="0" name="sunlight"></gx:option>
					<gx:option enabled="0" name="streetview"></gx:option>
				</gx:ViewerOptions>
				<longitude>-2.945540540753047</longitude>
				<latitude>5.187404400329754</latitude>
				<altitude>0</altitude>
				<heading>-23.41444063178982</heading>
				<tilt>27.73423554146571</tilt>
				<range>444.2906103233199</range>
				<gx:altitudeMode>relativeToSeaFloor</gx:altitudeMode>
			</LookAt>
			<styleUrl>#m_ylw-pushpin</styleUrl>
			<Point>
				<gx:drawOrder>1</gx:drawOrder>
				<coordinates>-2.944381440962398,5.187304160967233,0</coordinates>
			</Point>
		</Placemark>
		<Placemark>
			<name>coc468</name>
			<LookAt>
				<gx:TimeStamp><when>2025-03-05</when>
</gx:TimeStamp>
				<gx:ViewerOptions>
					<gx:option name="historicalimagery"></gx:option>
					<gx:option enabled="0" name="sunlight"></gx:option>
					<gx:option enabled="0" name="streetview"></gx:option>
				</gx:ViewerOptions>
				<longitude>-2.942560529585676</longitude>
				<latitude>5.18346226190408</latitude>
				<altitude>0</altitude>
				<heading>-23.41417125621612</heading>
				<tilt>27.73428346850709</tilt>
				<range>455.7550413517845</range>
				<gx:altitudeMode>relativeToSeaFloor</gx:altitudeMode>
			</LookAt>
			<styleUrl>#m_ylw-pushpin</styleUrl>
			<Point>
				<gx:drawOrder>1</gx:drawOrder>
				<coordinates>-2.942151657957951,5.183458975404779,0</coordinates>
			</Point>
		</Placemark>
		<Placemark>
			<name>coc469</name>
			<LookAt>
				<gx:TimeStamp><when>2025-03-05</when>
</gx:TimeStamp>
				<gx:ViewerOptions>
					<gx:option name="historicalimagery"></gx:option>
					<gx:option enabled="0" name="sunlight"></gx:option>
					<gx:option enabled="0" name="streetview"></gx:option>
				</gx:ViewerOptions>
				<longitude>-2.940047195399854</longitude>
				<latitude>5.188171948241052</latitude>
				<altitude>0</altitude>
				<heading>-23.41394422347405</heading>
				<tilt>27.73410878477957</tilt>
				<range>413.9693631979931</range>
				<gx:altitudeMode>relativeToSeaFloor</gx:altitudeMode>
			</LookAt>
			<styleUrl>#m_ylw-pushpin</styleUrl>
			<Point>
				<gx:drawOrder>1</gx:drawOrder>
				<coordinates>-2.941658100978775,5.188777253219351,0</coordinates>
			</Point>
		</Placemark>
		<Placemark>
			<name>coc470</name>
			<LookAt>
				<gx:TimeStamp><when>2025-03-05</when>
</gx:TimeStamp>
				<gx:ViewerOptions>
					<gx:option name="historicalimagery"></gx:option>
					<gx:option enabled="0" name="sunlight"></gx:option>
					<gx:option enabled="0" name="streetview"></gx:option>
				</gx:ViewerOptions>
				<longitude>-2.082993069533197</longitude>
				<latitude>6.929281175820573</latitude>
				<altitude>0</altitude>
				<heading>-23.34063212615265</heading>
				<tilt>25.8434082124947</tilt>
				<range>255.1573861528744</range>
				<gx:altitudeMode>relativeToSeaFloor</gx:altitudeMode>
			</LookAt>
			<styleUrl>#m_ylw-pushpin</styleUrl>
			<Point>
				<gx:drawOrder>1</gx:drawOrder>
				<coordinates>-2.083092090197625,6.929189289399417,0</coordinates>
			</Point>
		</Placemark>
		<Placemark>
			<name>coc471</name>
			<LookAt>
				<gx:TimeStamp><when>2025-03-05</when>
</gx:TimeStamp>
				<gx:ViewerOptions>
					<gx:option name="historicalimagery"></gx:option>
					<gx:option enabled="0" name="sunlight"></gx:option>
					<gx:option enabled="0" name="streetview"></gx:option>
				</gx:ViewerOptions>
				<longitude>-2.091909872602211</longitude>
				<latitude>6.932574619012258</latitude>
				<altitude>0</altitude>
				<heading>-23.34170813838616</heading>
				<tilt>25.84347277205658</tilt>
				<range>271.6446998311224</range>
				<gx:altitudeMode>relativeToSeaFloor</gx:altitudeMode>
			</LookAt>
			<styleUrl>#m_ylw-pushpin</styleUrl>
			<Point>
				<gx:drawOrder>1</gx:drawOrder>
				<coordinates>-2.09208548090537,6.932099693704296,0</coordinates>
			</Point>
		</Placemark>
		<Placemark>
			<name>coc472</name>
			<LookAt>
				<gx:TimeStamp><when>2025-03-05</when>
</gx:TimeStamp>
				<gx:ViewerOptions>
					<gx:option name="historicalimagery"></gx:option>
					<gx:option enabled="0" name="sunlight"></gx:option>
					<gx:option enabled="0" name="streetview"></gx:option>
				</gx:ViewerOptions>
				<longitude>-2.118717978561241</longitude>
				<latitude>6.949922241686552</latitude>
				<altitude>0</altitude>
				<heading>-23.30778279475387</heading>
				<tilt>28.59895654245168</tilt>
				<range>163.6592946880978</range>
				<gx:altitudeMode>relativeToSeaFloor</gx:altitudeMode>
			</LookAt>
			<styleUrl>#m_ylw-pushpin</styleUrl>
			<Point>
				<gx:drawOrder>1</gx:drawOrder>
				<coordinates>-2.118808101374923,6.949801206072221,0</coordinates>
			</Point>
		</Placemark>
		<Placemark>
			<name>coc473</name>
			<LookAt>
				<gx:TimeStamp><when>2025-03-05</when>
</gx:TimeStamp>
				<gx:ViewerOptions>
					<gx:option name="historicalimagery"></gx:option>
					<gx:option enabled="0" name="sunlight"></gx:option>
					<gx:option enabled="0" name="streetview"></gx:option>
				</gx:ViewerOptions>
				<longitude>-2.118447432884809</longitude>
				<latitude>6.949976697882511</latitude>
				<altitude>0</altitude>
				<heading>-23.30775005836567</heading>
				<tilt>28.59894591504606</tilt>
				<range>161.1877001920771</range>
				<gx:altitudeMode>relativeToSeaFloor</gx:altitudeMode>
			</LookAt>
			<styleUrl>#m_ylw-pushpin</styleUrl>
			<Point>
				<gx:drawOrder>1</gx:drawOrder>
				<coordinates>-2.118615736321127,6.950283184339298,0</coordinates>
			</Point>
		</Placemark>
		<Placemark>
			<name>coc474</name>
			<LookAt>
				<gx:TimeStamp><when>2025-03-05</when>
</gx:TimeStamp>
				<gx:ViewerOptions>
					<gx:option name="historicalimagery"></gx:option>
					<gx:option enabled="0" name="sunlight"></gx:option>
					<gx:option enabled="0" name="streetview"></gx:option>
				</gx:ViewerOptions>
				<longitude>-2.11888652627013</longitude>
				<latitude>6.950741144875401</latitude>
				<altitude>0</altitude>
				<heading>-23.3078031926962</heading>
				<tilt>28.59893556678658</tilt>
				<range>158.781071472148</range>
				<gx:altitudeMode>relativeToSeaFloor</gx:altitudeMode>
			</LookAt>
			<styleUrl>#m_ylw-pushpin</styleUrl>
			<Point>
				<gx:drawOrder>1</gx:drawOrder>
				<coordinates>-2.118568717803607,6.950726522972074,0</coordinates>
			</Point>
		</Placemark>
		<Placemark>
			<name>coc475</name>
			<LookAt>
				<gx:TimeStamp><when>2025-03-05</when>
</gx:TimeStamp>
				<gx:ViewerOptions>
					<gx:option name="historicalimagery"></gx:option>
					<gx:option enabled="0" name="sunlight"></gx:option>
					<gx:option enabled="0" name="streetview"></gx:option>
				</gx:ViewerOptions>
				<longitude>-2.120409181645866</longitude>
				<latitude>6.951041764282255</latitude>
				<altitude>0</altitude>
				<heading>-23.30798746360885</heading>
				<tilt>28.59897427319936</tilt>
				<range>167.7828471038842</range>
				<gx:altitudeMode>relativeToSeaFloor</gx:altitudeMode>
			</LookAt>
			<styleUrl>#m_ylw-pushpin</styleUrl>
			<Point>
				<gx:drawOrder>1</gx:drawOrder>
				<coordinates>-2.120591302813883,6.950909433649112,0</coordinates>
			</Point>
		</Placemark>
		<Placemark>
			<name>coc476</name>
			<LookAt>
				<gx:TimeStamp><when>2025-03-05</when>
</gx:TimeStamp>
				<gx:ViewerOptions>
					<gx:option name="historicalimagery"></gx:option>
					<gx:option enabled="0" name="sunlight"></gx:option>
					<gx:option enabled="0" name="streetview"></gx:option>
				</gx:ViewerOptions>
				<longitude>-2.128925432501023</longitude>
				<latitude>6.954792126056384</latitude>
				<altitude>0</altitude>
				<heading>-23.30983834524776</heading>
				<tilt>28.53307729008564</tilt>
				<range>485.202736006472</range>
				<gx:altitudeMode>relativeToSeaFloor</gx:altitudeMode>
			</LookAt>
			<styleUrl>#m_ylw-pushpin</styleUrl>
			<Point>
				<gx:drawOrder>1</gx:drawOrder>
				<coordinates>-2.128430006782034,6.954872103564483,0</coordinates>
			</Point>
		</Placemark>
		<Placemark>
			<name>coc477</name>
			<LookAt>
				<gx:TimeStamp><when>2025-03-05</when>
</gx:TimeStamp>
				<gx:ViewerOptions>
					<gx:option name="historicalimagery"></gx:option>
					<gx:option enabled="0" name="sunlight"></gx:option>
					<gx:option enabled="0" name="streetview"></gx:option>
				</gx:ViewerOptions>
				<longitude>-2.133909241540723</longitude>
				<latitude>6.946068565138872</latitude>
				<altitude>0</altitude>
				<heading>-23.31044213582885</heading>
				<tilt>28.53303751628259</tilt>
				<range>475.9331358693866</range>
				<gx:altitudeMode>relativeToSeaFloor</gx:altitudeMode>
			</LookAt>
			<styleUrl>#m_ylw-pushpin</styleUrl>
			<Point>
				<gx:drawOrder>1</gx:drawOrder>
				<coordinates>-2.134240326840979,6.946684343610256,0</coordinates>
			</Point>
		</Placemark>
		<Placemark>
			<name>coc478</name>
			<LookAt>
				<gx:TimeStamp><when>2025-03-05</when>
</gx:TimeStamp>
				<gx:ViewerOptions>
					<gx:option name="historicalimagery"></gx:option>
					<gx:option enabled="0" name="sunlight"></gx:option>
					<gx:option enabled="0" name="streetview"></gx:option>
				</gx:ViewerOptions>
				<longitude>-2.135065033600703</longitude>
				<latitude>6.945574786107416</latitude>
				<altitude>0</altitude>
				<heading>-23.31058190986819</heading>
				<tilt>28.53304575952016</tilt>
				<range>477.8543350278948</range>
				<gx:altitudeMode>relativeToSeaFloor</gx:altitudeMode>
			</LookAt>
			<styleUrl>#m_ylw-pushpin</styleUrl>
			<Point>
				<gx:drawOrder>1</gx:drawOrder>
				<coordinates>-2.135393201481253,6.945511706661945,0</coordinates>
			</Point>
		</Placemark>
		<Placemark>
			<name>coc479</name>
			<LookAt>
				<gx:TimeStamp><when>2025-03-05</when>
</gx:TimeStamp>
				<gx:ViewerOptions>
					<gx:option name="historicalimagery"></gx:option>
					<gx:option enabled="0" name="sunlight"></gx:option>
					<gx:option enabled="0" name="streetview"></gx:option>
				</gx:ViewerOptions>
				<longitude>-2.123079033744089</longitude>
				<latitude>6.95893440510056</latitude>
				<altitude>0</altitude>
				<heading>-23.29194370871175</heading>
				<tilt>30.00076049900157</tilt>
				<range>168.3074967970937</range>
				<gx:altitudeMode>relativeToSeaFloor</gx:altitudeMode>
			</LookAt>
			<styleUrl>#m_ylw-pushpin</styleUrl>
			<Point>
				<gx:drawOrder>1</gx:drawOrder>
				<coordinates>-2.12311342127648,6.958903132580789,0</coordinates>
			</Point>
		</Placemark>
		<Placemark>
			<name>coc480</name>
			<LookAt>
				<gx:TimeStamp><when>2025-03-05</when>
</gx:TimeStamp>
				<gx:ViewerOptions>
					<gx:option name="historicalimagery"></gx:option>
					<gx:option enabled="0" name="sunlight"></gx:option>
					<gx:option enabled="0" name="streetview"></gx:option>
				</gx:ViewerOptions>
				<longitude>-1.785530242624681</longitude>
				<latitude>6.709318140986182</latitude>
				<altitude>0</altitude>
				<heading>-6.476825247167872</heading>
				<tilt>30.00159145609572</tilt>
				<range>354.138911614167</range>
				<gx:altitudeMode>relativeToSeaFloor</gx:altitudeMode>
			</LookAt>
			<styleUrl>#m_ylw-pushpin</styleUrl>
			<Point>
				<gx:drawOrder>1</gx:drawOrder>
				<coordinates>-1.78517750981556,6.708795479985525,0</coordinates>
			</Point>
		</Placemark>
		<Placemark>
			<name>coc481</name>
			<LookAt>
				<gx:TimeStamp><when>2025-03-05</when>
</gx:TimeStamp>
				<gx:ViewerOptions>
					<gx:option name="historicalimagery"></gx:option>
					<gx:option enabled="0" name="sunlight"></gx:option>
					<gx:option enabled="0" name="streetview"></gx:option>
				</gx:ViewerOptions>
				<longitude>-1.786502536169587</longitude>
				<latitude>6.71096523471947</latitude>
				<altitude>0</altitude>
				<heading>-6.476938848351168</heading>
				<tilt>30.00157329505965</tilt>
				<range>350.0956113592368</range>
				<gx:altitudeMode>relativeToSeaFloor</gx:altitudeMode>
			</LookAt>
			<styleUrl>#m_ylw-pushpin</styleUrl>
			<Point>
				<gx:drawOrder>1</gx:drawOrder>
				<coordinates>-1.786720317350197,6.711335657569248,0</coordinates>
			</Point>
		</Placemark>
		<Placemark>
			<name>coc482</name>
			<LookAt>
				<gx:TimeStamp><when>2025-03-05</when>
</gx:TimeStamp>
				<gx:ViewerOptions>
					<gx:option name="historicalimagery"></gx:option>
					<gx:option enabled="0" name="sunlight"></gx:option>
					<gx:option enabled="0" name="streetview"></gx:option>
				</gx:ViewerOptions>
				<longitude>-1.788021760324615</longitude>
				<latitude>6.712647511747014</latitude>
				<altitude>0</altitude>
				<heading>-6.477116397952441</heading>
				<tilt>30.00158238710283</tilt>
				<range>352.1198143239163</range>
				<gx:altitudeMode>relativeToSeaFloor</gx:altitudeMode>
			</LookAt>
			<styleUrl>#m_ylw-pushpin</styleUrl>
			<Point>
				<gx:drawOrder>1</gx:drawOrder>
				<coordinates>-1.788395802117724,6.712064973265674,0</coordinates>
			</Point>
		</Placemark>
		<Placemark>
			<name>coc483</name>
			<LookAt>
				<gx:TimeStamp><when>2025-03-05</when>
</gx:TimeStamp>
				<gx:ViewerOptions>
					<gx:option name="historicalimagery"></gx:option>
					<gx:option enabled="0" name="sunlight"></gx:option>
					<gx:option enabled="0" name="streetview"></gx:option>
				</gx:ViewerOptions>
				<longitude>-1.863034892402022</longitude>
				<latitude>6.812150021679182</latitude>
				<altitude>0</altitude>
				<heading>-6.562793504296379</heading>
				<tilt>24.434739796655</tilt>
				<range>594.3668481401921</range>
				<gx:altitudeMode>relativeToSeaFloor</gx:altitudeMode>
			</LookAt>
			<styleUrl>#m_ylw-pushpin</styleUrl>
			<Point>
				<gx:drawOrder>1</gx:drawOrder>
				<coordinates>-1.863963138136799,6.811777743280719,0</coordinates>
			</Point>
		</Placemark>
		<Placemark>
			<name>coc484</name>
			<LookAt>
				<gx:TimeStamp><when>2025-03-05</when>
</gx:TimeStamp>
				<gx:ViewerOptions>
					<gx:option name="historicalimagery"></gx:option>
					<gx:option enabled="0" name="sunlight"></gx:option>
					<gx:option enabled="0" name="streetview"></gx:option>
				</gx:ViewerOptions>
				<longitude>-1.864207198332992</longitude>
				<latitude>6.81174282985164</latitude>
				<altitude>0</altitude>
				<heading>-6.562932550897027</heading>
				<tilt>24.43474842011554</tilt>
				<range>596.6876467789609</range>
				<gx:altitudeMode>relativeToSeaFloor</gx:altitudeMode>
			</LookAt>
			<styleUrl>#m_ylw-pushpin</styleUrl>
			<Point>
				<gx:drawOrder>1</gx:drawOrder>
				<coordinates>-1.865296003578476,6.813061792925605,0</coordinates>
			</Point>
		</Placemark>
		<Placemark>
			<name>coc485</name>
			<LookAt>
				<gx:TimeStamp><when>2025-03-05</when>
</gx:TimeStamp>
				<gx:ViewerOptions>
					<gx:option name="historicalimagery"></gx:option>
					<gx:option enabled="0" name="sunlight"></gx:option>
					<gx:option enabled="0" name="streetview"></gx:option>
				</gx:ViewerOptions>
				<longitude>-1.864590909562562</longitude>
				<latitude>6.810060902954615</latitude>
				<altitude>0</altitude>
				<heading>-6.562978082420264</heading>
				<tilt>24.43475475387903</tilt>
				<range>598.3921663027492</range>
				<gx:altitudeMode>relativeToSeaFloor</gx:altitudeMode>
			</LookAt>
			<styleUrl>#m_ylw-pushpin</styleUrl>
			<Point>
				<gx:drawOrder>1</gx:drawOrder>
				<coordinates>-1.864823252875062,6.810273583258312,0</coordinates>
			</Point>
		</Placemark>
		<Placemark>
			<name>coc486</name>
			<LookAt>
				<gx:TimeStamp><when>2025-03-05</when>
</gx:TimeStamp>
				<gx:ViewerOptions>
					<gx:option name="historicalimagery"></gx:option>
					<gx:option enabled="0" name="sunlight"></gx:option>
					<gx:option enabled="0" name="streetview"></gx:option>
				</gx:ViewerOptions>
				<longitude>-1.864621724914682</longitude>
				<latitude>6.808837775255578</latitude>
				<altitude>0</altitude>
				<heading>-6.562981770964678</heading>
				<tilt>24.43475815351163</tilt>
				<range>599.3070339877816</range>
				<gx:altitudeMode>relativeToSeaFloor</gx:altitudeMode>
			</LookAt>
			<styleUrl>#m_ylw-pushpin</styleUrl>
			<Point>
				<gx:drawOrder>1</gx:drawOrder>
				<coordinates>-1.865572419266784,6.80883699802118,0</coordinates>
			</Point>
		</Placemark>
		<Placemark>
			<name>coc487</name>
			<LookAt>
				<gx:TimeStamp><when>2025-03-05</when>
</gx:TimeStamp>
				<gx:ViewerOptions>
					<gx:option name="historicalimagery"></gx:option>
					<gx:option enabled="0" name="sunlight"></gx:option>
					<gx:option enabled="0" name="streetview"></gx:option>
				</gx:ViewerOptions>
				<longitude>-1.86383841066342</longitude>
				<latitude>6.808069885774476</latitude>
				<altitude>0</altitude>
				<heading>-6.562888954614985</heading>
				<tilt>24.43474801459911</tilt>
				<range>596.5784329648866</range>
				<gx:altitudeMode>relativeToSeaFloor</gx:altitudeMode>
			</LookAt>
			<styleUrl>#m_ylw-pushpin</styleUrl>
			<Point>
				<gx:drawOrder>1</gx:drawOrder>
				<coordinates>-1.864256566157101,6.808479371314739,0</coordinates>
			</Point>
		</Placemark>
		<Placemark>
			<name>coc488</name>
			<LookAt>
				<gx:TimeStamp><when>2025-03-05</when>
</gx:TimeStamp>
				<gx:ViewerOptions>
					<gx:option name="historicalimagery"></gx:option>
					<gx:option enabled="0" name="sunlight"></gx:option>
					<gx:option enabled="0" name="streetview"></gx:option>
				</gx:ViewerOptions>
				<longitude>-1.862970972868436</longitude>
				<latitude>6.800905039476273</latitude>
				<altitude>0</altitude>
				<heading>-6.562786132392736</heading>
				<tilt>24.43475660620921</tilt>
				<range>598.890656770094</range>
				<gx:altitudeMode>relativeToSeaFloor</gx:altitudeMode>
			</LookAt>
			<styleUrl>#m_ylw-pushpin</styleUrl>
			<Point>
				<gx:drawOrder>1</gx:drawOrder>
				<coordinates>-1.862728339665497,6.801853773322462,0</coordinates>
			</Point>
		</Placemark>
		<Placemark>
			<name>coc489</name>
			<LookAt>
				<gx:TimeStamp><when>2025-03-05</when>
</gx:TimeStamp>
				<gx:ViewerOptions>
					<gx:option name="historicalimagery"></gx:option>
					<gx:option enabled="0" name="sunlight"></gx:option>
					<gx:option enabled="0" name="streetview"></gx:option>
				</gx:ViewerOptions>
				<longitude>-1.863683921365296</longitude>
				<latitude>6.800279725661088</latitude>
				<altitude>0</altitude>
				<heading>-6.562870554664705</heading>
				<tilt>24.43475508519762</tilt>
				<range>598.481246701235</range>
				<gx:altitudeMode>relativeToSeaFloor</gx:altitudeMode>
			</LookAt>
			<styleUrl>#m_ylw-pushpin</styleUrl>
			<Point>
				<gx:drawOrder>1</gx:drawOrder>
				<coordinates>-1.864134306079619,6.800754386582709,0</coordinates>
			</Point>
		</Placemark>
		<Placemark>
			<name>coc490</name>
			<LookAt>
				<gx:TimeStamp><when>2025-03-05</when>
</gx:TimeStamp>
				<gx:ViewerOptions>
					<gx:option name="historicalimagery"></gx:option>
					<gx:option enabled="0" name="sunlight"></gx:option>
					<gx:option enabled="0" name="streetview"></gx:option>
				</gx:ViewerOptions>
				<longitude>-1.865192481454183</longitude>
				<latitude>6.798319907647515</latitude>
				<altitude>0</altitude>
				<heading>-6.563049181253362</heading>
				<tilt>24.43475726690042</tilt>
				<range>599.0684040508384</range>
				<gx:altitudeMode>relativeToSeaFloor</gx:altitudeMode>
			</LookAt>
			<styleUrl>#m_ylw-pushpin</styleUrl>
			<Point>
				<gx:drawOrder>1</gx:drawOrder>
				<coordinates>-1.864748542350925,6.799841913259668,0</coordinates>
			</Point>
		</Placemark>
		<Placemark>
			<name>coc491</name>
			<LookAt>
				<gx:TimeStamp><when>2025-03-05</when>
</gx:TimeStamp>
				<gx:ViewerOptions>
					<gx:option name="historicalimagery"></gx:option>
					<gx:option enabled="0" name="sunlight"></gx:option>
					<gx:option enabled="0" name="streetview"></gx:option>
				</gx:ViewerOptions>
				<longitude>-1.873967984677304</longitude>
				<latitude>6.802605992301401</latitude>
				<altitude>0</altitude>
				<heading>-6.564087777443296</heading>
				<tilt>24.4347099378707</tilt>
				<range>586.3312549981794</range>
				<gx:altitudeMode>relativeToSeaFloor</gx:altitudeMode>
			</LookAt>
			<styleUrl>#m_ylw-pushpin</styleUrl>
			<Point>
				<gx:drawOrder>1</gx:drawOrder>
				<coordinates>-1.873396095437769,6.802164872496737,0</coordinates>
			</Point>
		</Placemark>
		<Placemark>
			<name>coc492</name>
			<LookAt>
				<gx:TimeStamp><when>2025-03-05</when>
</gx:TimeStamp>
				<gx:ViewerOptions>
					<gx:option name="historicalimagery"></gx:option>
					<gx:option enabled="0" name="sunlight"></gx:option>
					<gx:option enabled="0" name="streetview"></gx:option>
				</gx:ViewerOptions>
				<longitude>-1.874757773898866</longitude>
				<latitude>6.802566753044666</latitude>
				<altitude>0</altitude>
				<heading>-6.564181324974428</heading>
				<tilt>24.43471548514805</tilt>
				<range>587.8241925439135</range>
				<gx:altitudeMode>relativeToSeaFloor</gx:altitudeMode>
			</LookAt>
			<styleUrl>#m_ylw-pushpin</styleUrl>
			<Point>
				<gx:drawOrder>1</gx:drawOrder>
				<coordinates>-1.874899120177388,6.802582638221545,0</coordinates>
			</Point>
		</Placemark>
		<Placemark>
			<name>coc493</name>
			<LookAt>
				<gx:TimeStamp><when>2025-03-05</when>
</gx:TimeStamp>
				<gx:ViewerOptions>
					<gx:option name="historicalimagery"></gx:option>
					<gx:option enabled="0" name="sunlight"></gx:option>
					<gx:option enabled="0" name="streetview"></gx:option>
				</gx:ViewerOptions>
				<longitude>-1.868861289837038</longitude>
				<latitude>6.792887043920214</latitude>
				<altitude>0</altitude>
				<heading>-6.5634839039046</heading>
				<tilt>24.43476198414989</tilt>
				<range>600.3379331388886</range>
				<gx:altitudeMode>relativeToSeaFloor</gx:altitudeMode>
			</LookAt>
			<styleUrl>#m_ylw-pushpin</styleUrl>
			<Point>
				<gx:drawOrder>1</gx:drawOrder>
				<coordinates>-1.869215042225211,6.79387351252403,0</coordinates>
			</Point>
		</Placemark>
		<Placemark>
			<name>coc484</name>
			<LookAt>
				<gx:TimeStamp><when>2025-03-05</when>
</gx:TimeStamp>
				<gx:ViewerOptions>
					<gx:option name="historicalimagery"></gx:option>
					<gx:option enabled="0" name="sunlight"></gx:option>
					<gx:option enabled="0" name="streetview"></gx:option>
				</gx:ViewerOptions>
				<longitude>-1.879380877412798</longitude>
				<latitude>6.816976162044732</latitude>
				<altitude>0</altitude>
				<heading>-6.564732706736377</heading>
				<tilt>24.43463012949113</tilt>
				<range>564.8532067877114</range>
				<gx:altitudeMode>relativeToSeaFloor</gx:altitudeMode>
			</LookAt>
			<styleUrl>#m_ylw-pushpin</styleUrl>
			<Point>
				<gx:drawOrder>1</gx:drawOrder>
				<coordinates>-1.879090787089935,6.817284457636153,0</coordinates>
			</Point>
		</Placemark>
		<Placemark>
			<name>coc485</name>
			<LookAt>
				<gx:TimeStamp><when>2025-03-05</when>
</gx:TimeStamp>
				<gx:ViewerOptions>
					<gx:option name="historicalimagery"></gx:option>
					<gx:option enabled="0" name="sunlight"></gx:option>
					<gx:option enabled="0" name="streetview"></gx:option>
				</gx:ViewerOptions>
				<longitude>-1.881184076962865</longitude>
				<latitude>6.817806100716093</latitude>
				<altitude>0</altitude>
				<heading>-6.564946743986515</heading>
				<tilt>24.43461878257156</tilt>
				<range>561.7995076554818</range>
				<gx:altitudeMode>relativeToSeaFloor</gx:altitudeMode>
			</LookAt>
			<styleUrl>#m_ylw-pushpin</styleUrl>
			<Point>
				<gx:drawOrder>1</gx:drawOrder>
				<coordinates>-1.882325401988704,6.817759998611423,0</coordinates>
			</Point>
		</Placemark>
		<Placemark>
			<name>coc486</name>
			<LookAt>
				<gx:TimeStamp><when>2025-03-05</when>
</gx:TimeStamp>
				<gx:ViewerOptions>
					<gx:option name="historicalimagery"></gx:option>
					<gx:option enabled="0" name="sunlight"></gx:option>
					<gx:option enabled="0" name="streetview"></gx:option>
				</gx:ViewerOptions>
				<longitude>-1.886380663403844</longitude>
				<latitude>6.816275275386795</latitude>
				<altitude>0</altitude>
				<heading>-6.565563467646246</heading>
				<tilt>24.43465312103037</tilt>
				<range>571.0407254929468</range>
				<gx:altitudeMode>relativeToSeaFloor</gx:altitudeMode>
			</LookAt>
			<styleUrl>#m_ylw-pushpin</styleUrl>
			<Point>
				<gx:drawOrder>1</gx:drawOrder>
				<coordinates>-1.887261059088239,6.815464410137896,0</coordinates>
			</Point>
		</Placemark>
		<Placemark>
			<name>coc487</name>
			<LookAt>
				<gx:TimeStamp><when>2025-03-05</when>
</gx:TimeStamp>
				<gx:ViewerOptions>
					<gx:option name="historicalimagery"></gx:option>
					<gx:option enabled="0" name="sunlight"></gx:option>
					<gx:option enabled="0" name="streetview"></gx:option>
				</gx:ViewerOptions>
				<longitude>-1.886417793092777</longitude>
				<latitude>6.816464365266913</latitude>
				<altitude>0</altitude>
				<heading>-6.565567876943956</heading>
				<tilt>24.43465053344713</tilt>
				<range>570.3443082224654</range>
				<gx:altitudeMode>relativeToSeaFloor</gx:altitudeMode>
			</LookAt>
			<styleUrl>#m_ylw-pushpin</styleUrl>
			<Point>
				<gx:drawOrder>1</gx:drawOrder>
				<coordinates>-1.885743199392467,6.81667627978389,0</coordinates>
			</Point>
		</Placemark>
		<Placemark>
			<name>coc488</name>
			<LookAt>
				<gx:TimeStamp><when>2025-03-05</when>
</gx:TimeStamp>
				<gx:ViewerOptions>
					<gx:option name="historicalimagery"></gx:option>
					<gx:option enabled="0" name="sunlight"></gx:option>
					<gx:option enabled="0" name="streetview"></gx:option>
				</gx:ViewerOptions>
				<longitude>-1.882300629124394</longitude>
				<latitude>6.809744771961941</latitude>
				<altitude>0</altitude>
				<heading>-6.565079655472584</heading>
				<tilt>24.43470191617358</tilt>
				<range>584.1724686232265</range>
				<gx:altitudeMode>relativeToSeaFloor</gx:altitudeMode>
			</LookAt>
			<styleUrl>#m_ylw-pushpin</styleUrl>
			<Point>
				<gx:drawOrder>1</gx:drawOrder>
				<coordinates>-1.882300629124394,6.809744771961942,0</coordinates>
			</Point>
		</Placemark>
		<Placemark>
			<name>coc489</name>
			<LookAt>
				<gx:TimeStamp><when>2025-03-05</when>
</gx:TimeStamp>
				<gx:ViewerOptions>
					<gx:option name="historicalimagery"></gx:option>
					<gx:option enabled="0" name="sunlight"></gx:option>
					<gx:option enabled="0" name="streetview"></gx:option>
				</gx:ViewerOptions>
				<longitude>-1.881570630863334</longitude>
				<latitude>6.809175613115243</latitude>
				<altitude>0</altitude>
				<heading>-6.564616747113725</heading>
				<tilt>24.45836155082856</tilt>
				<range>1375.270245335461</range>
				<gx:altitudeMode>relativeToSeaFloor</gx:altitudeMode>
			</LookAt>
			<styleUrl>#m_ylw-pushpin</styleUrl>
			<Point>
				<gx:drawOrder>1</gx:drawOrder>
				<coordinates>-1.881635064063849,6.807288137847587,0</coordinates>
			</Point>
		</Placemark>
		<Placemark>
			<name>coc490</name>
			<LookAt>
				<gx:TimeStamp><when>2025-03-05</when>
</gx:TimeStamp>
				<gx:ViewerOptions>
					<gx:option name="historicalimagery"></gx:option>
					<gx:option enabled="0" name="sunlight"></gx:option>
					<gx:option enabled="0" name="streetview"></gx:option>
				</gx:ViewerOptions>
				<longitude>-1.885191756049208</longitude>
				<latitude>6.803783850020396</latitude>
				<altitude>0</altitude>
				<heading>-6.562287612919689</heading>
				<tilt>24.62168984391243</tilt>
				<range>1317.159062521075</range>
				<gx:altitudeMode>relativeToSeaFloor</gx:altitudeMode>
			</LookAt>
			<styleUrl>#m_ylw-pushpin</styleUrl>
			<Point>
				<gx:drawOrder>1</gx:drawOrder>
				<coordinates>-1.886088272704911,6.803731134594027,0</coordinates>
			</Point>
		</Placemark>
		<Placemark>
			<name>coc491</name>
			<LookAt>
				<gx:TimeStamp><when>2025-03-05</when>
</gx:TimeStamp>
				<gx:ViewerOptions>
					<gx:option name="historicalimagery"></gx:option>
					<gx:option enabled="0" name="sunlight"></gx:option>
					<gx:option enabled="0" name="streetview"></gx:option>
				</gx:ViewerOptions>
				<longitude>-1.885438960427556</longitude>
				<latitude>6.804903086729531</latitude>
				<altitude>0</altitude>
				<heading>-6.562316846283654</heading>
				<tilt>24.62170313595053</tilt>
				<range>1320.710772608845</range>
				<gx:altitudeMode>relativeToSeaFloor</gx:altitudeMode>
			</LookAt>
			<styleUrl>#m_ylw-pushpin</styleUrl>
			<Point>
				<gx:drawOrder>1</gx:drawOrder>
				<coordinates>-1.886786565467404,6.80906049111499,0</coordinates>
			</Point>
		</Placemark>
		<Placemark>
			<name>coc492</name>
			<LookAt>
				<gx:TimeStamp><when>2025-03-05</when>
</gx:TimeStamp>
				<gx:ViewerOptions>
					<gx:option name="historicalimagery"></gx:option>
					<gx:option enabled="0" name="sunlight"></gx:option>
					<gx:option enabled="0" name="streetview"></gx:option>
				</gx:ViewerOptions>
				<longitude>-1.886303718129272</longitude>
				<latitude>6.802605905705883</latitude>
				<altitude>0</altitude>
				<heading>-6.562419300519499</heading>
				<tilt>24.62166724570536</tilt>
				<range>1311.120720969917</range>
				<gx:altitudeMode>relativeToSeaFloor</gx:altitudeMode>
			</LookAt>
			<styleUrl>#m_ylw-pushpin</styleUrl>
			<Point>
				<gx:drawOrder>1</gx:drawOrder>
				<coordinates>-1.887653284579864,6.805796908372523,0</coordinates>
			</Point>
		</Placemark>
		<Placemark>
			<name>coc493</name>
			<LookAt>
				<gx:TimeStamp><when>2025-03-05</when>
</gx:TimeStamp>
				<gx:ViewerOptions>
					<gx:option name="historicalimagery"></gx:option>
					<gx:option enabled="0" name="sunlight"></gx:option>
					<gx:option enabled="0" name="streetview"></gx:option>
				</gx:ViewerOptions>
				<longitude>-1.886303718129272</longitude>
				<latitude>6.802605905705883</latitude>
				<altitude>0</altitude>
				<heading>-6.562419300519499</heading>
				<tilt>24.62166724570536</tilt>
				<range>1311.120720969917</range>
				<gx:altitudeMode>relativeToSeaFloor</gx:altitudeMode>
			</LookAt>
			<styleUrl>#m_ylw-pushpin</styleUrl>
			<Point>
				<gx:drawOrder>1</gx:drawOrder>
				<coordinates>-1.886376717623731,6.80051761016349,0</coordinates>
			</Point>
		</Placemark>
		<Placemark>
			<name>coc494</name>
			<LookAt>
				<gx:TimeStamp><when>2025-03-05</when>
</gx:TimeStamp>
				<gx:ViewerOptions>
					<gx:option name="historicalimagery"></gx:option>
					<gx:option enabled="0" name="sunlight"></gx:option>
					<gx:option enabled="0" name="streetview"></gx:option>
				</gx:ViewerOptions>
				<longitude>-1.8855079961047</longitude>
				<latitude>6.799453023972355</latitude>
				<altitude>0</altitude>
				<heading>-6.562325136101601</heading>
				<tilt>24.62174003773702</tilt>
				<range>1330.571001512052</range>
				<gx:altitudeMode>relativeToSeaFloor</gx:altitudeMode>
			</LookAt>
			<styleUrl>#m_ylw-pushpin</styleUrl>
			<Point>
				<gx:drawOrder>1</gx:drawOrder>
				<coordinates>-1.886162465484611,6.798946935583831,0</coordinates>
			</Point>
		</Placemark>
		<Placemark>
			<name>coc495</name>
			<LookAt>
				<gx:TimeStamp><when>2025-03-05</when>
</gx:TimeStamp>
				<gx:ViewerOptions>
					<gx:option name="historicalimagery"></gx:option>
					<gx:option enabled="0" name="sunlight"></gx:option>
					<gx:option enabled="0" name="streetview"></gx:option>
				</gx:ViewerOptions>
				<longitude>-1.889633233879797</longitude>
				<latitude>6.799040154434508</latitude>
				<altitude>0</altitude>
				<heading>-6.562813508138094</heading>
				<tilt>24.62176681440901</tilt>
				<range>1337.725590167241</range>
				<gx:altitudeMode>relativeToSeaFloor</gx:altitudeMode>
			</LookAt>
			<styleUrl>#m_ylw-pushpin</styleUrl>
			<Point>
				<gx:drawOrder>1</gx:drawOrder>
				<coordinates>-1.89132723408187,6.799007562072131,0</coordinates>
			</Point>
		</Placemark>
		<Placemark>
			<name>coc496</name>
			<LookAt>
				<gx:TimeStamp><when>2025-03-05</when>
</gx:TimeStamp>
				<gx:ViewerOptions>
					<gx:option name="historicalimagery"></gx:option>
					<gx:option enabled="0" name="sunlight"></gx:option>
					<gx:option enabled="0" name="streetview"></gx:option>
				</gx:ViewerOptions>
				<longitude>-1.897102515775057</longitude>
				<latitude>6.798721127264833</latitude>
				<altitude>0</altitude>
				<heading>-6.563697731825163</heading>
				<tilt>24.62163856089848</tilt>
				<range>1303.456036660838</range>
				<gx:altitudeMode>relativeToSeaFloor</gx:altitudeMode>
			</LookAt>
			<styleUrl>#m_ylw-pushpin</styleUrl>
			<Point>
				<gx:drawOrder>1</gx:drawOrder>
				<coordinates>-1.90213231069582,6.798644860513602,0</coordinates>
			</Point>
		</Placemark>
		<Placemark>
			<name>coc497</name>
			<LookAt>
				<gx:TimeStamp><when>2025-03-05</when>
</gx:TimeStamp>
				<gx:ViewerOptions>
					<gx:option name="historicalimagery"></gx:option>
					<gx:option enabled="0" name="sunlight"></gx:option>
					<gx:option enabled="0" name="streetview"></gx:option>
				</gx:ViewerOptions>
				<longitude>-1.886087229355754</longitude>
				<latitude>6.793963943351613</latitude>
				<altitude>0</altitude>
				<heading>-6.555269565608</heading>
				<tilt>25.05015998271861</tilt>
				<range>536.9308097903481</range>
				<gx:altitudeMode>relativeToSeaFloor</gx:altitudeMode>
			</LookAt>
			<styleUrl>#m_ylw-pushpin</styleUrl>
			<Point>
				<gx:drawOrder>1</gx:drawOrder>
				<coordinates>-1.887462295750543,6.794016407811123,0</coordinates>
			</Point>
		</Placemark>
		<Placemark>
			<name>coc498</name>
			<LookAt>
				<gx:TimeStamp><when>2025-03-05</when>
</gx:TimeStamp>
				<gx:ViewerOptions>
					<gx:option name="historicalimagery"></gx:option>
					<gx:option enabled="0" name="sunlight"></gx:option>
					<gx:option enabled="0" name="streetview"></gx:option>
				</gx:ViewerOptions>
				<longitude>-1.888191408321931</longitude>
				<latitude>6.790518504476562</latitude>
				<altitude>0</altitude>
				<heading>-6.505333598992326</heading>
				<tilt>28.53778473182591</tilt>
				<range>393.2719212925023</range>
				<gx:altitudeMode>relativeToSeaFloor</gx:altitudeMode>
			</LookAt>
			<styleUrl>#m_ylw-pushpin</styleUrl>
			<Point>
				<gx:drawOrder>1</gx:drawOrder>
				<coordinates>-1.889667638164688,6.791475909431794,0</coordinates>
			</Point>
		</Placemark>
		<Placemark>
			<name>coc499</name>
			<LookAt>
				<gx:TimeStamp><when>2025-03-05</when>
</gx:TimeStamp>
				<gx:ViewerOptions>
					<gx:option name="historicalimagery"></gx:option>
					<gx:option enabled="0" name="sunlight"></gx:option>
					<gx:option enabled="0" name="streetview"></gx:option>
				</gx:ViewerOptions>
				<longitude>-1.883256069954477</longitude>
				<latitude>6.797469338649458</latitude>
				<altitude>0</altitude>
				<heading>-6.504749967904437</heading>
				<tilt>28.5401639461924</tilt>
				<range>947.6651813037141</range>
				<gx:altitudeMode>relativeToSeaFloor</gx:altitudeMode>
			</LookAt>
			<styleUrl>#m_ylw-pushpin</styleUrl>
			<Point>
				<gx:drawOrder>1</gx:drawOrder>
				<coordinates>-1.883676399488136,6.797341583541662,0</coordinates>
			</Point>
		</Placemark>
		<Placemark>
			<name>coc500</name>
			<LookAt>
				<gx:TimeStamp><when>2025-03-05</when>
</gx:TimeStamp>
				<gx:ViewerOptions>
					<gx:option name="historicalimagery"></gx:option>
					<gx:option enabled="0" name="sunlight"></gx:option>
					<gx:option enabled="0" name="streetview"></gx:option>
				</gx:ViewerOptions>
				<longitude>-1.884864059060594</longitude>
				<latitude>6.784053799161515</latitude>
				<altitude>0</altitude>
				<heading>-6.504939906799384</heading>
				<tilt>28.54019942903039</tilt>
				<range>955.9326986260896</range>
				<gx:altitudeMode>relativeToSeaFloor</gx:altitudeMode>
			</LookAt>
			<styleUrl>#m_ylw-pushpin</styleUrl>
			<Point>
				<gx:drawOrder>1</gx:drawOrder>
				<coordinates>-1.884933328270312,6.783654652424355,0</coordinates>
			</Point>
		</Placemark>
		<Placemark>
			<name>coc501</name>
			<LookAt>
				<gx:TimeStamp><when>2025-03-05</when>
</gx:TimeStamp>
				<gx:ViewerOptions>
					<gx:option name="historicalimagery"></gx:option>
					<gx:option enabled="0" name="sunlight"></gx:option>
					<gx:option enabled="0" name="streetview"></gx:option>
				</gx:ViewerOptions>
				<longitude>-1.883600801768021</longitude>
				<latitude>6.783785420939192</latitude>
				<altitude>0</altitude>
				<heading>-6.504790668280862</heading>
				<tilt>28.54019343939924</tilt>
				<range>954.5371498459994</range>
				<gx:altitudeMode>relativeToSeaFloor</gx:altitudeMode>
			</LookAt>
			<styleUrl>#m_ylw-pushpin</styleUrl>
			<Point>
				<gx:drawOrder>1</gx:drawOrder>
				<coordinates>-1.883409593186374,6.783705939395867,0</coordinates>
			</Point>
		</Placemark>
		<Placemark>
			<name>coc502</name>
			<LookAt>
				<gx:TimeStamp><when>2025-03-05</when>
</gx:TimeStamp>
				<gx:ViewerOptions>
					<gx:option name="historicalimagery"></gx:option>
					<gx:option enabled="0" name="sunlight"></gx:option>
					<gx:option enabled="0" name="streetview"></gx:option>
				</gx:ViewerOptions>
				<longitude>-1.881741915855314</longitude>
				<latitude>6.785655499366701</latitude>
				<altitude>0</altitude>
				<heading>-6.504571174956946</heading>
				<tilt>28.5401087572855</tilt>
				<range>934.8059910570242</range>
				<gx:altitudeMode>relativeToSeaFloor</gx:altitudeMode>
			</LookAt>
			<styleUrl>#m_ylw-pushpin</styleUrl>
			<Point>
				<gx:drawOrder>1</gx:drawOrder>
				<coordinates>-1.880225671927921,6.784123072114897,0</coordinates>
			</Point>
		</Placemark>
		<Placemark>
			<name>coc503</name>
			<LookAt>
				<gx:TimeStamp><when>2025-03-05</when>
</gx:TimeStamp>
				<gx:ViewerOptions>
					<gx:option name="historicalimagery"></gx:option>
					<gx:option enabled="0" name="sunlight"></gx:option>
					<gx:option enabled="0" name="streetview"></gx:option>
				</gx:ViewerOptions>
				<longitude>-1.878129960449785</longitude>
				<latitude>6.786016358658852</latitude>
				<altitude>0</altitude>
				<heading>-6.504144367646666</heading>
				<tilt>28.54010725802517</tilt>
				<range>934.4566410321524</range>
				<gx:altitudeMode>relativeToSeaFloor</gx:altitudeMode>
			</LookAt>
			<styleUrl>#m_ylw-pushpin</styleUrl>
			<Point>
				<gx:drawOrder>1</gx:drawOrder>
				<coordinates>-1.878114189371821,6.784106328325156,0</coordinates>
			</Point>
		</Placemark>
		<Placemark>
			<name>coc504</name>
			<LookAt>
				<gx:TimeStamp><when>2025-03-05</when>
</gx:TimeStamp>
				<gx:ViewerOptions>
					<gx:option name="historicalimagery"></gx:option>
					<gx:option enabled="0" name="sunlight"></gx:option>
					<gx:option enabled="0" name="streetview"></gx:option>
				</gx:ViewerOptions>
				<longitude>-1.88441934357035</longitude>
				<latitude>6.794849990032857</latitude>
				<altitude>0</altitude>
				<heading>-6.504887906718362</heading>
				<tilt>28.5401521018044</tilt>
				<range>944.9054479018823</range>
				<gx:altitudeMode>relativeToSeaFloor</gx:altitudeMode>
			</LookAt>
			<styleUrl>#m_ylw-pushpin</styleUrl>
			<Point>
				<gx:drawOrder>1</gx:drawOrder>
				<coordinates>-1.883793050790883,6.793916472538594,0</coordinates>
			</Point>
		</Placemark>
		<Placemark>
			<name>coc505</name>
			<LookAt>
				<gx:TimeStamp><when>2025-03-05</when>
</gx:TimeStamp>
				<gx:ViewerOptions>
					<gx:option name="historicalimagery"></gx:option>
					<gx:option enabled="0" name="sunlight"></gx:option>
					<gx:option enabled="0" name="streetview"></gx:option>
				</gx:ViewerOptions>
				<longitude>-1.88412993900326</longitude>
				<latitude>6.791044377716829</latitude>
				<altitude>0</altitude>
				<heading>-6.504853725667719</heading>
				<tilt>28.54002905680148</tilt>
				<range>916.2353817157692</range>
				<gx:altitudeMode>relativeToSeaFloor</gx:altitudeMode>
			</LookAt>
			<styleUrl>#m_ylw-pushpin</styleUrl>
			<Point>
				<gx:drawOrder>1</gx:drawOrder>
				<coordinates>-1.884782237416953,6.79254714818478,0</coordinates>
			</Point>
		</Placemark>
		<atom:link rel="app" href="https://www.google.com/earth/about/versions/#earth-pro" title="Google Earth Pro 7.3.7.1327"></atom:link>
	</Folder>
</Document>
</kml>
