<?xml version="1.0" encoding="UTF-8"?>
<kml xmlns="http://www.opengis.net/kml/2.2" xmlns:gx="http://www.google.com/kml/ext/2.2" xmlns:kml="http://www.opengis.net/kml/2.2" xmlns:atom="http://www.w3.org/2005/Atom">
<Document>
	<name>Cocoa_500_samples_2017.kml</name>
	<StyleMap id="m_ylw-pushpin">
		<Pair>
			<key>normal</key>
			<styleUrl>#s_ylw-pushpin</styleUrl>
		</Pair>
		<Pair>
			<key>highlight</key>
			<styleUrl>#s_ylw-pushpin_hl</styleUrl>
		</Pair>
	</StyleMap>
	<Style id="s_ylw-pushpin">
		<IconStyle>
			<scale>1.1</scale>
			<Icon>
				<href>http://maps.google.com/mapfiles/kml/pushpin/ylw-pushpin.png</href>
			</Icon>
			<hotSpot x="20" y="2" xunits="pixels" yunits="pixels"/>
		</IconStyle>
	</Style>
	<Style id="s_ylw-pushpin_hl">
		<IconStyle>
			<scale>1.3</scale>
			<Icon>
				<href>http://maps.google.com/mapfiles/kml/pushpin/ylw-pushpin.png</href>
			</Icon>
			<hotSpot x="20" y="2" xunits="pixels" yunits="pixels"/>
		</IconStyle>
	</Style>
	<Folder>
		<name>Cocoa</name>
		<open>1</open>
		<Placemark>
			<name>cocoa70</name>
			<LookAt>
				<gx:TimeStamp><when>2017-05-30T13:47:00.992088317Z</when>
</gx:TimeStamp>
				<gx:ViewerOptions>
					<gx:option name="historicalimagery"></gx:option>
					<gx:option name="sunlight"></gx:option>
					<gx:option enabled="0" name="streetview"></gx:option>
				</gx:ViewerOptions>
				<longitude>-2.791405554488261</longitude>
				<latitude>5.063844860359841</latitude>
				<altitude>0</altitude>
				<heading>0.2424974866694922</heading>
				<tilt>30.00827184053671</tilt>
				<range>1841.711314775041</range>
				<gx:altitudeMode>relativeToSeaFloor</gx:altitudeMode>
			</LookAt>
			<styleUrl>#m_ylw-pushpin</styleUrl>
			<Point>
				<gx:drawOrder>1</gx:drawOrder>
				<coordinates>-2.799387191744248,5.062443589779043,0</coordinates>
			</Point>
		</Placemark>
		<Placemark>
			<name>cocoa 3</name>
			<LookAt>
				<gx:TimeStamp><when>2017-12-23</when>
</gx:TimeStamp>
				<gx:ViewerOptions>
					<gx:option name="historicalimagery"></gx:option>
					<gx:option enabled="0" name="sunlight"></gx:option>
					<gx:option enabled="0" name="streetview"></gx:option>
				</gx:ViewerOptions>
				<longitude>-2.285769204873288</longitude>
				<latitude>6.204704830479454</latitude>
				<altitude>0</altitude>
				<heading>6.775967738154314</heading>
				<tilt>30.00450693386558</tilt>
				<range>1002.602665988338</range>
				<gx:altitudeMode>relativeToSeaFloor</gx:altitudeMode>
			</LookAt>
			<styleUrl>#m_ylw-pushpin</styleUrl>
			<Point>
				<gx:drawOrder>1</gx:drawOrder>
				<coordinates>-2.288884494668728,6.20234027452512,0</coordinates>
			</Point>
		</Placemark>
		<Placemark>
			<name>cocoa2</name>
			<LookAt>
				<gx:TimeStamp><when>2017-12-23</when>
</gx:TimeStamp>
				<gx:ViewerOptions>
					<gx:option name="historicalimagery"></gx:option>
					<gx:option enabled="0" name="sunlight"></gx:option>
					<gx:option enabled="0" name="streetview"></gx:option>
				</gx:ViewerOptions>
				<longitude>-2.286803033379351</longitude>
				<latitude>6.204511690557178</latitude>
				<altitude>0</altitude>
				<heading>6.775855939222684</heading>
				<tilt>30.00254357784379</tilt>
				<range>565.4472900709853</range>
				<gx:altitudeMode>relativeToSeaFloor</gx:altitudeMode>
			</LookAt>
			<styleUrl>#m_ylw-pushpin</styleUrl>
			<Point>
				<gx:drawOrder>1</gx:drawOrder>
				<coordinates>-2.287332088639492,6.203896029878813,0</coordinates>
			</Point>
		</Placemark>
		<Placemark>
			<name>cocoa4</name>
			<LookAt>
				<gx:TimeStamp><when>2017-12-23</when>
</gx:TimeStamp>
				<gx:ViewerOptions>
					<gx:option name="historicalimagery"></gx:option>
					<gx:option enabled="0" name="sunlight"></gx:option>
					<gx:option enabled="0" name="streetview"></gx:option>
				</gx:ViewerOptions>
				<longitude>-2.285857001789046</longitude>
				<latitude>6.20991034305218</latitude>
				<altitude>0</altitude>
				<heading>6.775918980625884</heading>
				<tilt>19.83393223734764</tilt>
				<range>398.0313991377381</range>
				<gx:altitudeMode>relativeToSeaFloor</gx:altitudeMode>
			</LookAt>
			<styleUrl>#m_ylw-pushpin</styleUrl>
			<Point>
				<gx:drawOrder>1</gx:drawOrder>
				<coordinates>-2.28550943300672,6.210743679756412,0</coordinates>
			</Point>
		</Placemark>
		<Placemark>
			<name>cocoa1</name>
			<LookAt>
				<gx:TimeStamp><when>2017-12-23</when>
</gx:TimeStamp>
				<gx:ViewerOptions>
					<gx:option name="historicalimagery"></gx:option>
					<gx:option enabled="0" name="sunlight"></gx:option>
					<gx:option enabled="0" name="streetview"></gx:option>
				</gx:ViewerOptions>
				<longitude>-2.286470397711741</longitude>
				<latitude>6.204473693345533</latitude>
				<altitude>0</altitude>
				<heading>6.775891919301955</heading>
				<tilt>30.00419533146045</tilt>
				<range>933.2302983705226</range>
				<gx:altitudeMode>relativeToSeaFloor</gx:altitudeMode>
			</LookAt>
			<styleUrl>#m_ylw-pushpin</styleUrl>
			<Point>
				<gx:drawOrder>1</gx:drawOrder>
				<coordinates>-2.285934739831649,6.204172627628068,0</coordinates>
			</Point>
		</Placemark>
		<Placemark>
			<name>146</name>
			<LookAt>
				<gx:TimeStamp><when>2017-07-22T09:42:39.687423706Z</when>
</gx:TimeStamp>
				<gx:ViewerOptions>
					<gx:option name="historicalimagery"></gx:option>
					<gx:option name="sunlight"></gx:option>
					<gx:option enabled="0" name="streetview"></gx:option>
				</gx:ViewerOptions>
				<longitude>-2.466635716093125</longitude>
				<latitude>5.376199491886625</latitude>
				<altitude>0</altitude>
				<heading>0.1475049870595197</heading>
				<tilt>18.90403844267164</tilt>
				<range>447.0144914019074</range>
				<gx:altitudeMode>relativeToSeaFloor</gx:altitudeMode>
			</LookAt>
			<styleUrl>#m_ylw-pushpin</styleUrl>
			<Point>
				<gx:drawOrder>1</gx:drawOrder>
				<coordinates>-2.465583232536048,5.376633139005396,0</coordinates>
			</Point>
		</Placemark>
		<Placemark>
			<name>147</name>
			<LookAt>
				<gx:TimeStamp><when>2017-07-22T09:42:39.687423706Z</when>
</gx:TimeStamp>
				<gx:ViewerOptions>
					<gx:option name="historicalimagery"></gx:option>
					<gx:option name="sunlight"></gx:option>
					<gx:option enabled="0" name="streetview"></gx:option>
				</gx:ViewerOptions>
				<longitude>-2.45669620424114</longitude>
				<latitude>5.378769133544052</latitude>
				<altitude>0</altitude>
				<heading>0.1227068374049467</heading>
				<tilt>23.22050218644866</tilt>
				<range>386.0629864662524</range>
				<gx:altitudeMode>relativeToSeaFloor</gx:altitudeMode>
			</LookAt>
			<styleUrl>#m_ylw-pushpin</styleUrl>
			<Point>
				<gx:drawOrder>1</gx:drawOrder>
				<coordinates>-2.456503872418172,5.379248964146138,0</coordinates>
			</Point>
		</Placemark>
		<Placemark>
			<name>cocoa143</name>
			<LookAt>
				<gx:TimeStamp><when>2017-07-22T09:42:39.687423706Z</when>
</gx:TimeStamp>
				<gx:ViewerOptions>
					<gx:option name="historicalimagery"></gx:option>
					<gx:option name="sunlight"></gx:option>
					<gx:option enabled="0" name="streetview"></gx:option>
				</gx:ViewerOptions>
				<longitude>-1.648180477348941</longitude>
				<latitude>6.24776302274306</latitude>
				<altitude>0</altitude>
				<heading>0.2208840637767652</heading>
				<tilt>31.63396904068038</tilt>
				<range>2288.765519043174</range>
				<gx:altitudeMode>relativeToSeaFloor</gx:altitudeMode>
			</LookAt>
			<styleUrl>#m_ylw-pushpin</styleUrl>
			<Point>
				<gx:drawOrder>1</gx:drawOrder>
				<coordinates>-1.648785423486494,6.248202148199459,0</coordinates>
			</Point>
		</Placemark>
		<Placemark>
			<name>cocoa144</name>
			<LookAt>
				<gx:TimeStamp><when>2017-07-22T09:42:39.687423706Z</when>
</gx:TimeStamp>
				<gx:ViewerOptions>
					<gx:option name="historicalimagery"></gx:option>
					<gx:option name="sunlight"></gx:option>
					<gx:option enabled="0" name="streetview"></gx:option>
				</gx:ViewerOptions>
				<longitude>-1.648180477348941</longitude>
				<latitude>6.24776302274306</latitude>
				<altitude>0</altitude>
				<heading>0.2208840637767652</heading>
				<tilt>31.63396904068038</tilt>
				<range>2288.765519043174</range>
				<gx:altitudeMode>relativeToSeaFloor</gx:altitudeMode>
			</LookAt>
			<styleUrl>#m_ylw-pushpin</styleUrl>
			<Point>
				<gx:drawOrder>1</gx:drawOrder>
				<coordinates>-1.643869661143771,6.245404775147001,0</coordinates>
			</Point>
		</Placemark>
		<Placemark>
			<name>cocoa145</name>
			<LookAt>
				<gx:TimeStamp><when>2017-07-22T09:42:39.687423706Z</when>
</gx:TimeStamp>
				<gx:ViewerOptions>
					<gx:option name="historicalimagery"></gx:option>
					<gx:option name="sunlight"></gx:option>
					<gx:option enabled="0" name="streetview"></gx:option>
				</gx:ViewerOptions>
				<longitude>-1.648180477348941</longitude>
				<latitude>6.24776302274306</latitude>
				<altitude>0</altitude>
				<heading>0.2208840637767652</heading>
				<tilt>31.63396904068038</tilt>
				<range>2288.765519043174</range>
				<gx:altitudeMode>relativeToSeaFloor</gx:altitudeMode>
			</LookAt>
			<styleUrl>#m_ylw-pushpin</styleUrl>
			<Point>
				<gx:drawOrder>1</gx:drawOrder>
				<coordinates>-1.64832203451467,6.244752780391133,0</coordinates>
			</Point>
		</Placemark>
		<Placemark>
			<name>cocoa 5</name>
			<LookAt>
				<gx:TimeStamp><when>2017-12-23</when>
</gx:TimeStamp>
				<gx:ViewerOptions>
					<gx:option name="historicalimagery"></gx:option>
					<gx:option enabled="0" name="sunlight"></gx:option>
					<gx:option enabled="0" name="streetview"></gx:option>
				</gx:ViewerOptions>
				<longitude>-2.285976823400608</longitude>
				<latitude>6.209551524663221</latitude>
				<altitude>0</altitude>
				<heading>6.776040377457095</heading>
				<tilt>26.60069875221662</tilt>
				<range>384.3121811200684</range>
				<gx:altitudeMode>relativeToSeaFloor</gx:altitudeMode>
			</LookAt>
			<styleUrl>#m_ylw-pushpin</styleUrl>
			<Point>
				<gx:drawOrder>1</gx:drawOrder>
				<coordinates>-2.284588268103694,6.2106933002831,0</coordinates>
			</Point>
		</Placemark>
		<Placemark>
			<name>cocoa6</name>
			<LookAt>
				<gx:TimeStamp><when>2017-12-31</when>
</gx:TimeStamp>
				<gx:ViewerOptions>
					<gx:option name="historicalimagery"></gx:option>
					<gx:option enabled="0" name="sunlight"></gx:option>
					<gx:option enabled="0" name="streetview"></gx:option>
				</gx:ViewerOptions>
				<longitude>-2.469623738885049</longitude>
				<latitude>5.367254053334364</latitude>
				<altitude>0</altitude>
				<heading>9.810122315717225</heading>
				<tilt>22.84540951890374</tilt>
				<range>650.3952035161039</range>
				<gx:altitudeMode>relativeToSeaFloor</gx:altitudeMode>
			</LookAt>
			<styleUrl>#m_ylw-pushpin</styleUrl>
			<Point>
				<gx:drawOrder>1</gx:drawOrder>
				<coordinates>-2.470306923992835,5.366952304313644,0</coordinates>
			</Point>
		</Placemark>
		<Placemark>
			<name>cocoa 7</name>
			<LookAt>
				<gx:TimeStamp><when>2017-12-31</when>
</gx:TimeStamp>
				<gx:ViewerOptions>
					<gx:option name="historicalimagery"></gx:option>
					<gx:option enabled="0" name="sunlight"></gx:option>
					<gx:option enabled="0" name="streetview"></gx:option>
				</gx:ViewerOptions>
				<longitude>-2.470669765624536</longitude>
				<latitude>5.367346078659666</latitude>
				<altitude>0</altitude>
				<heading>9.809936486900524</heading>
				<tilt>22.916597494426</tilt>
				<range>214.2560346553369</range>
				<gx:altitudeMode>relativeToSeaFloor</gx:altitudeMode>
			</LookAt>
			<styleUrl>#m_ylw-pushpin</styleUrl>
			<Point>
				<gx:drawOrder>1</gx:drawOrder>
				<coordinates>-2.471612095551036,5.367802380917076,0</coordinates>
			</Point>
		</Placemark>
		<Placemark>
			<name>cocoa 8</name>
			<LookAt>
				<gx:TimeStamp><when>2017-12-31</when>
</gx:TimeStamp>
				<gx:ViewerOptions>
					<gx:option name="historicalimagery"></gx:option>
					<gx:option enabled="0" name="sunlight"></gx:option>
					<gx:option enabled="0" name="streetview"></gx:option>
				</gx:ViewerOptions>
				<longitude>-2.474065459732595</longitude>
				<latitude>5.368742897304556</latitude>
				<altitude>0</altitude>
				<heading>9.809584992316648</heading>
				<tilt>22.6730345346734</tilt>
				<range>894.1525333390819</range>
				<gx:altitudeMode>relativeToSeaFloor</gx:altitudeMode>
			</LookAt>
			<styleUrl>#m_ylw-pushpin</styleUrl>
			<Point>
				<gx:drawOrder>1</gx:drawOrder>
				<coordinates>-2.475879977829881,5.372274443571256,0</coordinates>
			</Point>
		</Placemark>
		<Placemark>
			<name>cocoa9</name>
			<LookAt>
				<gx:TimeStamp><when>2017-12-31</when>
</gx:TimeStamp>
				<gx:ViewerOptions>
					<gx:option name="historicalimagery"></gx:option>
					<gx:option enabled="0" name="sunlight"></gx:option>
					<gx:option enabled="0" name="streetview"></gx:option>
				</gx:ViewerOptions>
				<longitude>-2.474453412599657</longitude>
				<latitude>5.368859950607815</latitude>
				<altitude>0</altitude>
				<heading>9.80958395310609</heading>
				<tilt>22.78299430593183</tilt>
				<range>749.614803006741</range>
				<gx:altitudeMode>relativeToSeaFloor</gx:altitudeMode>
			</LookAt>
			<styleUrl>#m_ylw-pushpin</styleUrl>
			<Point>
				<gx:drawOrder>1</gx:drawOrder>
				<coordinates>-2.474721050083062,5.36831281254302,0</coordinates>
			</Point>
		</Placemark>
		<Placemark>
			<name>cocoa10</name>
			<LookAt>
				<gx:TimeStamp><when>2017-12-31</when>
</gx:TimeStamp>
				<gx:ViewerOptions>
					<gx:option name="historicalimagery"></gx:option>
					<gx:option enabled="0" name="sunlight"></gx:option>
					<gx:option enabled="0" name="streetview"></gx:option>
				</gx:ViewerOptions>
				<longitude>-2.476165370566984</longitude>
				<latitude>5.368652381602685</latitude>
				<altitude>0</altitude>
				<heading>9.809552251738623</heading>
				<tilt>24.4012641226279</tilt>
				<range>642.812821937384</range>
				<gx:altitudeMode>relativeToSeaFloor</gx:altitudeMode>
			</LookAt>
			<styleUrl>#m_ylw-pushpin</styleUrl>
			<Point>
				<gx:drawOrder>1</gx:drawOrder>
				<coordinates>-2.47836890694399,5.368305857639878,0</coordinates>
			</Point>
		</Placemark>
		<Placemark>
			<name>152</name>
			<LookAt>
				<gx:TimeStamp><when>2017-12-31</when>
</gx:TimeStamp>
				<gx:ViewerOptions>
					<gx:option name="historicalimagery"></gx:option>
					<gx:option enabled="0" name="sunlight"></gx:option>
					<gx:option enabled="0" name="streetview"></gx:option>
				</gx:ViewerOptions>
				<longitude>-2.47639971632901</longitude>
				<latitude>5.368907402520987</latitude>
				<altitude>0</altitude>
				<heading>9.809529822167962</heading>
				<tilt>24.40184143545472</tilt>
				<range>798.4763522282225</range>
				<gx:altitudeMode>relativeToSeaFloor</gx:altitudeMode>
			</LookAt>
			<styleUrl>#m_ylw-pushpin</styleUrl>
			<Point>
				<gx:drawOrder>1</gx:drawOrder>
				<coordinates>-2.479886543297397,5.369738895389931,0</coordinates>
			</Point>
		</Placemark>
		<Placemark>
			<name>cocoa11</name>
			<LookAt>
				<gx:TimeStamp><when>2017-12-31</when>
</gx:TimeStamp>
				<gx:ViewerOptions>
					<gx:option name="historicalimagery"></gx:option>
					<gx:option enabled="0" name="sunlight"></gx:option>
					<gx:option enabled="0" name="streetview"></gx:option>
				</gx:ViewerOptions>
				<longitude>-2.472352001378832</longitude>
				<latitude>5.366490024925067</latitude>
				<altitude>0</altitude>
				<heading>9.80990810863023</heading>
				<tilt>24.40737225226455</tilt>
				<range>2288.975304963499</range>
				<gx:altitudeMode>relativeToSeaFloor</gx:altitudeMode>
			</LookAt>
			<styleUrl>#m_ylw-pushpin</styleUrl>
			<Point>
				<gx:drawOrder>1</gx:drawOrder>
				<coordinates>-2.480316180170555,5.371558863402244,0</coordinates>
			</Point>
		</Placemark>
		<Placemark>
			<name>cocoa12</name>
			<LookAt>
				<gx:TimeStamp><when>2017-12-31</when>
</gx:TimeStamp>
				<gx:ViewerOptions>
					<gx:option name="historicalimagery"></gx:option>
					<gx:option enabled="0" name="sunlight"></gx:option>
					<gx:option enabled="0" name="streetview"></gx:option>
				</gx:ViewerOptions>
				<longitude>-2.472352001378832</longitude>
				<latitude>5.366490024925067</latitude>
				<altitude>0</altitude>
				<heading>9.80990810863023</heading>
				<tilt>24.40737225226455</tilt>
				<range>2288.975304963499</range>
				<gx:altitudeMode>relativeToSeaFloor</gx:altitudeMode>
			</LookAt>
			<styleUrl>#m_ylw-pushpin</styleUrl>
			<Point>
				<gx:drawOrder>1</gx:drawOrder>
				<coordinates>-2.480774745749634,5.367865967379972,0</coordinates>
			</Point>
		</Placemark>
		<Placemark>
			<name>cocoa13</name>
			<LookAt>
				<gx:TimeStamp><when>2017-12-31</when>
</gx:TimeStamp>
				<gx:ViewerOptions>
					<gx:option name="historicalimagery"></gx:option>
					<gx:option enabled="0" name="sunlight"></gx:option>
					<gx:option enabled="0" name="streetview"></gx:option>
				</gx:ViewerOptions>
				<longitude>-2.470344171382518</longitude>
				<latitude>5.35937648529531</latitude>
				<altitude>0</altitude>
				<heading>9.816522627157781</heading>
				<tilt>17.68496621803827</tilt>
				<range>450.4941443029057</range>
				<gx:altitudeMode>relativeToSeaFloor</gx:altitudeMode>
			</LookAt>
			<styleUrl>#m_ylw-pushpin</styleUrl>
			<Point>
				<gx:drawOrder>1</gx:drawOrder>
				<coordinates>-2.470344171382518,5.35937648529531,0</coordinates>
			</Point>
		</Placemark>
		<Placemark>
			<name>cocoa14</name>
			<LookAt>
				<gx:TimeStamp><when>2017-12-31</when>
</gx:TimeStamp>
				<gx:ViewerOptions>
					<gx:option name="historicalimagery"></gx:option>
					<gx:option enabled="0" name="sunlight"></gx:option>
					<gx:option enabled="0" name="streetview"></gx:option>
				</gx:ViewerOptions>
				<longitude>-2.470344171382518</longitude>
				<latitude>5.35937648529531</latitude>
				<altitude>0</altitude>
				<heading>9.816522627157781</heading>
				<tilt>17.68496621803827</tilt>
				<range>450.4941443029057</range>
				<gx:altitudeMode>relativeToSeaFloor</gx:altitudeMode>
			</LookAt>
			<styleUrl>#m_ylw-pushpin</styleUrl>
			<Point>
				<gx:drawOrder>1</gx:drawOrder>
				<coordinates>-2.471581756011735,5.360545030687387,0</coordinates>
			</Point>
		</Placemark>
		<Placemark>
			<name>cocoa 15</name>
			<LookAt>
				<gx:TimeStamp><when>2017-12-31</when>
</gx:TimeStamp>
				<gx:ViewerOptions>
					<gx:option name="historicalimagery"></gx:option>
					<gx:option enabled="0" name="sunlight"></gx:option>
					<gx:option enabled="0" name="streetview"></gx:option>
				</gx:ViewerOptions>
				<longitude>-2.473784729941841</longitude>
				<latitude>5.360151121720501</latitude>
				<altitude>0</altitude>
				<heading>9.829121031452098</heading>
				<tilt>11.08049043658586</tilt>
				<range>770.6058796709052</range>
				<gx:altitudeMode>relativeToSeaFloor</gx:altitudeMode>
			</LookAt>
			<styleUrl>#m_ylw-pushpin</styleUrl>
			<Point>
				<gx:drawOrder>1</gx:drawOrder>
				<coordinates>-2.475627443341381,5.359678449263876,0</coordinates>
			</Point>
		</Placemark>
		<Placemark>
			<name>cocoa16</name>
			<LookAt>
				<gx:TimeStamp><when>2017-12-31</when>
</gx:TimeStamp>
				<gx:ViewerOptions>
					<gx:option name="historicalimagery"></gx:option>
					<gx:option enabled="0" name="sunlight"></gx:option>
					<gx:option enabled="0" name="streetview"></gx:option>
				</gx:ViewerOptions>
				<longitude>-2.471918371455553</longitude>
				<latitude>5.361902996798002</latitude>
				<altitude>0</altitude>
				<heading>9.829293893051606</heading>
				<tilt>11.0823996683382</tilt>
				<range>1876.682325729024</range>
				<gx:altitudeMode>relativeToSeaFloor</gx:altitudeMode>
			</LookAt>
			<styleUrl>#m_ylw-pushpin</styleUrl>
			<Point>
				<gx:drawOrder>1</gx:drawOrder>
				<coordinates>-2.477540659447683,5.358098997669344,0</coordinates>
			</Point>
		</Placemark>
		<Placemark>
			<name>cocoa 17</name>
			<LookAt>
				<gx:TimeStamp><when>2017-12-31</when>
</gx:TimeStamp>
				<gx:ViewerOptions>
					<gx:option name="historicalimagery"></gx:option>
					<gx:option enabled="0" name="sunlight"></gx:option>
					<gx:option enabled="0" name="streetview"></gx:option>
				</gx:ViewerOptions>
				<longitude>-2.471918371455553</longitude>
				<latitude>5.361902996798002</latitude>
				<altitude>0</altitude>
				<heading>9.829293893051606</heading>
				<tilt>11.0823996683382</tilt>
				<range>1876.682325729024</range>
				<gx:altitudeMode>relativeToSeaFloor</gx:altitudeMode>
			</LookAt>
			<styleUrl>#m_ylw-pushpin</styleUrl>
			<Point>
				<gx:drawOrder>1</gx:drawOrder>
				<coordinates>-2.47973673236228,5.359135962987263,0</coordinates>
			</Point>
		</Placemark>
		<Placemark>
			<name>cocoa18</name>
			<LookAt>
				<gx:TimeStamp><when>2017-12-31</when>
</gx:TimeStamp>
				<gx:ViewerOptions>
					<gx:option name="historicalimagery"></gx:option>
					<gx:option enabled="0" name="sunlight"></gx:option>
					<gx:option enabled="0" name="streetview"></gx:option>
				</gx:ViewerOptions>
				<longitude>-2.478267959404122</longitude>
				<latitude>5.363914046168368</latitude>
				<altitude>0</altitude>
				<heading>9.782823226201042</heading>
				<tilt>30.48951136286622</tilt>
				<range>456.9470285096741</range>
				<gx:altitudeMode>relativeToSeaFloor</gx:altitudeMode>
			</LookAt>
			<styleUrl>#m_ylw-pushpin</styleUrl>
			<Point>
				<gx:drawOrder>1</gx:drawOrder>
				<coordinates>-2.477699218286501,5.363290094071651,0</coordinates>
			</Point>
		</Placemark>
		<Placemark>
			<name>cocoa19</name>
			<LookAt>
				<gx:TimeStamp><when>2017-12-31</when>
</gx:TimeStamp>
				<gx:ViewerOptions>
					<gx:option name="historicalimagery"></gx:option>
					<gx:option enabled="0" name="sunlight"></gx:option>
					<gx:option enabled="0" name="streetview"></gx:option>
				</gx:ViewerOptions>
				<longitude>-2.479017379080268</longitude>
				<latitude>5.365553821467289</latitude>
				<altitude>0</altitude>
				<heading>9.782753181522018</heading>
				<tilt>30.48946868209105</tilt>
				<range>447.5826020844312</range>
				<gx:altitudeMode>relativeToSeaFloor</gx:altitudeMode>
			</LookAt>
			<styleUrl>#m_ylw-pushpin</styleUrl>
			<Point>
				<gx:drawOrder>1</gx:drawOrder>
				<coordinates>-2.479152353683713,5.365068780574271,0</coordinates>
			</Point>
		</Placemark>
		<Placemark>
			<name>cocoa20</name>
			<LookAt>
				<gx:TimeStamp><when>2017-12-31</when>
</gx:TimeStamp>
				<gx:ViewerOptions>
					<gx:option name="historicalimagery"></gx:option>
					<gx:option enabled="0" name="sunlight"></gx:option>
					<gx:option enabled="0" name="streetview"></gx:option>
				</gx:ViewerOptions>
				<longitude>-2.479017379080268</longitude>
				<latitude>5.365553821467289</latitude>
				<altitude>0</altitude>
				<heading>9.782753181522018</heading>
				<tilt>30.48946868209105</tilt>
				<range>447.5826020844312</range>
				<gx:altitudeMode>relativeToSeaFloor</gx:altitudeMode>
			</LookAt>
			<styleUrl>#m_ylw-pushpin</styleUrl>
			<Point>
				<gx:drawOrder>1</gx:drawOrder>
				<coordinates>-2.480149222165914,5.365288047705117,0</coordinates>
			</Point>
		</Placemark>
		<Placemark>
			<name>cocoa21</name>
			<LookAt>
				<gx:TimeStamp><when>2017-12-31</when>
</gx:TimeStamp>
				<gx:ViewerOptions>
					<gx:option name="historicalimagery"></gx:option>
					<gx:option enabled="0" name="sunlight"></gx:option>
					<gx:option enabled="0" name="streetview"></gx:option>
				</gx:ViewerOptions>
				<longitude>-2.479017379080268</longitude>
				<latitude>5.365553821467289</latitude>
				<altitude>0</altitude>
				<heading>9.782753181522018</heading>
				<tilt>30.48946868209105</tilt>
				<range>447.5826020844312</range>
				<gx:altitudeMode>relativeToSeaFloor</gx:altitudeMode>
			</LookAt>
			<styleUrl>#m_ylw-pushpin</styleUrl>
			<Point>
				<gx:drawOrder>1</gx:drawOrder>
				<coordinates>-2.479599058217156,5.364901562549298,0</coordinates>
			</Point>
		</Placemark>
		<Placemark>
			<name>cocoa22</name>
			<LookAt>
				<gx:TimeStamp><when>2017-12-31</when>
</gx:TimeStamp>
				<gx:ViewerOptions>
					<gx:option name="historicalimagery"></gx:option>
					<gx:option enabled="0" name="sunlight"></gx:option>
					<gx:option enabled="0" name="streetview"></gx:option>
				</gx:ViewerOptions>
				<longitude>-2.479209444142363</longitude>
				<latitude>5.365962576960285</latitude>
				<altitude>0</altitude>
				<heading>9.782705484011395</heading>
				<tilt>29.31977750360176</tilt>
				<range>374.2318253439188</range>
				<gx:altitudeMode>relativeToSeaFloor</gx:altitudeMode>
			</LookAt>
			<styleUrl>#m_ylw-pushpin</styleUrl>
			<Point>
				<gx:drawOrder>1</gx:drawOrder>
				<coordinates>-2.480481542858808,5.366999081302413,0</coordinates>
			</Point>
		</Placemark>
		<Placemark>
			<name>cocoa23</name>
			<LookAt>
				<gx:TimeStamp><when>2017-12-31</when>
</gx:TimeStamp>
				<gx:ViewerOptions>
					<gx:option name="historicalimagery"></gx:option>
					<gx:option enabled="0" name="sunlight"></gx:option>
					<gx:option enabled="0" name="streetview"></gx:option>
				</gx:ViewerOptions>
				<longitude>-2.479209444142363</longitude>
				<latitude>5.365962576960285</latitude>
				<altitude>0</altitude>
				<heading>9.782705484011395</heading>
				<tilt>29.31977750360176</tilt>
				<range>374.2318253439188</range>
				<gx:altitudeMode>relativeToSeaFloor</gx:altitudeMode>
			</LookAt>
			<styleUrl>#m_ylw-pushpin</styleUrl>
			<Point>
				<gx:drawOrder>1</gx:drawOrder>
				<coordinates>-2.4797549597864,5.366989772834,0</coordinates>
			</Point>
		</Placemark>
		<Placemark>
			<name>Cocoa24</name>
			<LookAt>
				<gx:TimeStamp><when>2017-12-31</when>
</gx:TimeStamp>
				<gx:ViewerOptions>
					<gx:option name="historicalimagery"></gx:option>
					<gx:option name="sunlight"></gx:option>
					<gx:option enabled="0" name="streetview"></gx:option>
				</gx:ViewerOptions>
				<longitude>-2.816800732360491</longitude>
				<latitude>5.067325593636537</latitude>
				<altitude>0</altitude>
				<heading>9.773315859908493</heading>
				<tilt>27.63038563347068</tilt>
				<range>701.9673963056354</range>
				<gx:altitudeMode>relativeToSeaFloor</gx:altitudeMode>
			</LookAt>
			<styleUrl>#m_ylw-pushpin</styleUrl>
			<Point>
				<gx:drawOrder>1</gx:drawOrder>
				<coordinates>-2.819156010947723,5.065855555135278,0</coordinates>
			</Point>
		</Placemark>
		<Placemark>
			<name>cocoa71</name>
			<LookAt>
				<gx:TimeStamp><when>2017-05-30T13:47:00.992088317Z</when>
</gx:TimeStamp>
				<gx:ViewerOptions>
					<gx:option name="historicalimagery"></gx:option>
					<gx:option name="sunlight"></gx:option>
					<gx:option enabled="0" name="streetview"></gx:option>
				</gx:ViewerOptions>
				<longitude>-2.798925425091873</longitude>
				<latitude>5.057733827168397</latitude>
				<altitude>0</altitude>
				<heading>0.2418355337522045</heading>
				<tilt>30.00422976071553</tilt>
				<range>941.7147492515652</range>
				<gx:altitudeMode>relativeToSeaFloor</gx:altitudeMode>
			</LookAt>
			<styleUrl>#m_ylw-pushpin</styleUrl>
			<Point>
				<gx:drawOrder>1</gx:drawOrder>
				<coordinates>-2.79887173852544,5.05508922090359,0</coordinates>
			</Point>
		</Placemark>
		<Placemark>
			<name>cocoa25</name>
			<LookAt>
				<gx:TimeStamp><when>2017-12-31</when>
</gx:TimeStamp>
				<gx:ViewerOptions>
					<gx:option name="historicalimagery"></gx:option>
					<gx:option name="sunlight"></gx:option>
					<gx:option enabled="0" name="streetview"></gx:option>
				</gx:ViewerOptions>
				<longitude>-2.816771510674839</longitude>
				<latitude>5.067391786230166</latitude>
				<altitude>0</altitude>
				<heading>9.773219116735058</heading>
				<tilt>27.47910702588794</tilt>
				<range>623.9215382097973</range>
				<gx:altitudeMode>relativeToSeaFloor</gx:altitudeMode>
			</LookAt>
			<styleUrl>#m_ylw-pushpin</styleUrl>
			<Point>
				<gx:drawOrder>1</gx:drawOrder>
				<coordinates>-2.817842596096665,5.065787780621928,0</coordinates>
			</Point>
		</Placemark>
		<Placemark>
			<name>cocoa26</name>
			<LookAt>
				<gx:TimeStamp><when>2017-12-31</when>
</gx:TimeStamp>
				<gx:ViewerOptions>
					<gx:option name="historicalimagery"></gx:option>
					<gx:option name="sunlight"></gx:option>
					<gx:option enabled="0" name="streetview"></gx:option>
				</gx:ViewerOptions>
				<longitude>-2.816418330960125</longitude>
				<latitude>5.065530709656987</latitude>
				<altitude>0</altitude>
				<heading>9.77323846809503</heading>
				<tilt>27.49340693827381</tilt>
				<range>741.9695139249162</range>
				<gx:altitudeMode>relativeToSeaFloor</gx:altitudeMode>
			</LookAt>
			<styleUrl>#m_ylw-pushpin</styleUrl>
			<Point>
				<gx:drawOrder>1</gx:drawOrder>
				<coordinates>-2.816534360985643,5.06376147689669,0</coordinates>
			</Point>
		</Placemark>
		<Placemark>
			<name>cocoa27</name>
			<LookAt>
				<gx:TimeStamp><when>2017-12-31</when>
</gx:TimeStamp>
				<gx:ViewerOptions>
					<gx:option name="historicalimagery"></gx:option>
					<gx:option name="sunlight"></gx:option>
					<gx:option enabled="0" name="streetview"></gx:option>
				</gx:ViewerOptions>
				<longitude>-2.816418330960125</longitude>
				<latitude>5.065530709656987</latitude>
				<altitude>0</altitude>
				<heading>9.77323846809503</heading>
				<tilt>27.49340693827381</tilt>
				<range>741.9695139249162</range>
				<gx:altitudeMode>relativeToSeaFloor</gx:altitudeMode>
			</LookAt>
			<styleUrl>#m_ylw-pushpin</styleUrl>
			<Point>
				<gx:drawOrder>1</gx:drawOrder>
				<coordinates>-2.814937748605557,5.066290181746984,0</coordinates>
			</Point>
		</Placemark>
		<Placemark>
			<name>cocoa28</name>
			<LookAt>
				<gx:TimeStamp><when>2017-12-31</when>
</gx:TimeStamp>
				<gx:ViewerOptions>
					<gx:option name="historicalimagery"></gx:option>
					<gx:option name="sunlight"></gx:option>
					<gx:option enabled="0" name="streetview"></gx:option>
				</gx:ViewerOptions>
				<longitude>-2.816434436177275</longitude>
				<latitude>5.065636240993672</latitude>
				<altitude>0</altitude>
				<heading>9.773350714997125</heading>
				<tilt>27.672017639201</tilt>
				<range>465.0291082128689</range>
				<gx:altitudeMode>relativeToSeaFloor</gx:altitudeMode>
			</LookAt>
			<styleUrl>#m_ylw-pushpin</styleUrl>
			<Point>
				<gx:drawOrder>1</gx:drawOrder>
				<coordinates>-2.816045893396955,5.065233837544173,0</coordinates>
			</Point>
		</Placemark>
		<Placemark>
			<name>cocoa29</name>
			<LookAt>
				<gx:TimeStamp><when>2017-12-31</when>
</gx:TimeStamp>
				<gx:ViewerOptions>
					<gx:option name="historicalimagery"></gx:option>
					<gx:option name="sunlight"></gx:option>
					<gx:option enabled="0" name="streetview"></gx:option>
				</gx:ViewerOptions>
				<longitude>-2.817864304333493</longitude>
				<latitude>5.062530077200599</latitude>
				<altitude>0</altitude>
				<heading>9.774080749490428</heading>
				<tilt>30.00145139458477</tilt>
				<range>323.1899750006665</range>
				<gx:altitudeMode>relativeToSeaFloor</gx:altitudeMode>
			</LookAt>
			<styleUrl>#m_ylw-pushpin</styleUrl>
			<Point>
				<gx:drawOrder>1</gx:drawOrder>
				<coordinates>-2.81746675556293,5.061804700294307,0</coordinates>
			</Point>
		</Placemark>
		<Placemark>
			<name>cocoa30</name>
			<LookAt>
				<gx:TimeStamp><when>2017-05-30T13:47:00.992088317Z</when>
</gx:TimeStamp>
				<gx:ViewerOptions>
					<gx:option name="historicalimagery"></gx:option>
					<gx:option name="sunlight"></gx:option>
					<gx:option enabled="0" name="streetview"></gx:option>
				</gx:ViewerOptions>
				<longitude>-2.877382804150051</longitude>
				<latitude>5.086864408523481</latitude>
				<altitude>0</altitude>
				<heading>0.2299599052516085</heading>
				<tilt>26.35025453842266</tilt>
				<range>846.5189536697488</range>
				<gx:altitudeMode>relativeToSeaFloor</gx:altitudeMode>
			</LookAt>
			<styleUrl>#m_ylw-pushpin</styleUrl>
			<Point>
				<gx:drawOrder>1</gx:drawOrder>
				<coordinates>-2.876677477366853,5.088753855907039,0</coordinates>
			</Point>
		</Placemark>
		<Placemark>
			<name>cocoa31</name>
			<LookAt>
				<gx:TimeStamp><when>2017-05-30T13:47:00.992088317Z</when>
</gx:TimeStamp>
				<gx:ViewerOptions>
					<gx:option name="historicalimagery"></gx:option>
					<gx:option name="sunlight"></gx:option>
					<gx:option enabled="0" name="streetview"></gx:option>
				</gx:ViewerOptions>
				<longitude>-2.877382804150051</longitude>
				<latitude>5.086864408523481</latitude>
				<altitude>0</altitude>
				<heading>0.2299599052516085</heading>
				<tilt>26.35025453842266</tilt>
				<range>846.5189536697488</range>
				<gx:altitudeMode>relativeToSeaFloor</gx:altitudeMode>
			</LookAt>
			<styleUrl>#m_ylw-pushpin</styleUrl>
			<Point>
				<gx:drawOrder>1</gx:drawOrder>
				<coordinates>-2.879525894040222,5.084854500482371,0</coordinates>
			</Point>
		</Placemark>
		<Placemark>
			<name>cocoa32</name>
			<LookAt>
				<gx:TimeStamp><when>2017-05-30T13:47:00.992088317Z</when>
</gx:TimeStamp>
				<gx:ViewerOptions>
					<gx:option name="historicalimagery"></gx:option>
					<gx:option name="sunlight"></gx:option>
					<gx:option enabled="0" name="streetview"></gx:option>
				</gx:ViewerOptions>
				<longitude>-2.877137586292582</longitude>
				<latitude>5.086905366951982</latitude>
				<altitude>0</altitude>
				<heading>0.2299816871935617</heading>
				<tilt>26.35064954289666</tilt>
				<range>945.6107003353171</range>
				<gx:altitudeMode>relativeToSeaFloor</gx:altitudeMode>
			</LookAt>
			<styleUrl>#m_ylw-pushpin</styleUrl>
			<Point>
				<gx:drawOrder>1</gx:drawOrder>
				<coordinates>-2.875066803834904,5.086026692713846,0</coordinates>
			</Point>
		</Placemark>
		<Placemark>
			<name>cocoa33</name>
			<LookAt>
				<gx:TimeStamp><when>2017-05-30T13:47:00.992088317Z</when>
</gx:TimeStamp>
				<gx:ViewerOptions>
					<gx:option name="historicalimagery"></gx:option>
					<gx:option name="sunlight"></gx:option>
					<gx:option enabled="0" name="streetview"></gx:option>
				</gx:ViewerOptions>
				<longitude>-2.879181356338273</longitude>
				<latitude>5.087405581198534</latitude>
				<altitude>0</altitude>
				<heading>0.2298005147934198</heading>
				<tilt>26.35064189422335</tilt>
				<range>943.6924363082442</range>
				<gx:altitudeMode>relativeToSeaFloor</gx:altitudeMode>
			</LookAt>
			<styleUrl>#m_ylw-pushpin</styleUrl>
			<Point>
				<gx:drawOrder>1</gx:drawOrder>
				<coordinates>-2.883019578834985,5.085793822882906,0</coordinates>
			</Point>
		</Placemark>
		<Placemark>
			<name>cocoa34</name>
			<LookAt>
				<gx:TimeStamp><when>2017-05-30T13:47:00.992088317Z</when>
</gx:TimeStamp>
				<gx:ViewerOptions>
					<gx:option name="historicalimagery"></gx:option>
					<gx:option name="sunlight"></gx:option>
					<gx:option enabled="0" name="streetview"></gx:option>
				</gx:ViewerOptions>
				<longitude>-2.881922128148569</longitude>
				<latitude>5.08752464006416</latitude>
				<altitude>0</altitude>
				<heading>0.2345991291453551</heading>
				<tilt>30.00166474087757</tilt>
				<range>370.6761648608959</range>
				<gx:altitudeMode>relativeToSeaFloor</gx:altitudeMode>
			</LookAt>
			<styleUrl>#m_ylw-pushpin</styleUrl>
			<Point>
				<gx:drawOrder>1</gx:drawOrder>
				<coordinates>-2.882160352274904,5.087590279311848,0</coordinates>
			</Point>
		</Placemark>
		<Placemark>
			<name>cocoa35</name>
			<LookAt>
				<gx:TimeStamp><when>2017-05-30T13:47:00.992088317Z</when>
</gx:TimeStamp>
				<gx:ViewerOptions>
					<gx:option name="historicalimagery"></gx:option>
					<gx:option name="sunlight"></gx:option>
					<gx:option enabled="0" name="streetview"></gx:option>
				</gx:ViewerOptions>
				<longitude>-2.881922128148569</longitude>
				<latitude>5.08752464006416</latitude>
				<altitude>0</altitude>
				<heading>0.2345991291453551</heading>
				<tilt>30.00166474087757</tilt>
				<range>370.6761648608959</range>
				<gx:altitudeMode>relativeToSeaFloor</gx:altitudeMode>
			</LookAt>
			<styleUrl>#m_ylw-pushpin</styleUrl>
			<Point>
				<gx:drawOrder>1</gx:drawOrder>
				<coordinates>-2.881671859626932,5.086718120330849,0</coordinates>
			</Point>
		</Placemark>
		<Placemark>
			<name>cocoa36</name>
			<LookAt>
				<gx:TimeStamp><when>2017-05-30T13:47:00.992088317Z</when>
</gx:TimeStamp>
				<gx:ViewerOptions>
					<gx:option name="historicalimagery"></gx:option>
					<gx:option name="sunlight"></gx:option>
					<gx:option enabled="0" name="streetview"></gx:option>
				</gx:ViewerOptions>
				<longitude>-2.884390367540242</longitude>
				<latitude>5.085629052727559</latitude>
				<altitude>0</altitude>
				<heading>0.2345074489779945</heading>
				<tilt>30.11305233752242</tilt>
				<range>1476.956118184067</range>
				<gx:altitudeMode>relativeToSeaFloor</gx:altitudeMode>
			</LookAt>
			<styleUrl>#m_ylw-pushpin</styleUrl>
			<Point>
				<gx:drawOrder>1</gx:drawOrder>
				<coordinates>-2.889801952719173,5.086307997383679,0</coordinates>
			</Point>
		</Placemark>
		<Placemark>
			<name>cocoa37</name>
			<LookAt>
				<gx:TimeStamp><when>2017-05-30T13:47:00.992088317Z</when>
</gx:TimeStamp>
				<gx:ViewerOptions>
					<gx:option name="historicalimagery"></gx:option>
					<gx:option name="sunlight"></gx:option>
					<gx:option enabled="0" name="streetview"></gx:option>
				</gx:ViewerOptions>
				<longitude>-2.853522958377428</longitude>
				<latitude>5.085533753421134</latitude>
				<altitude>0</altitude>
				<heading>0.2368293641487286</heading>
				<tilt>30.00367478613596</tilt>
				<range>818.203367341521</range>
				<gx:altitudeMode>relativeToSeaFloor</gx:altitudeMode>
			</LookAt>
			<styleUrl>#m_ylw-pushpin</styleUrl>
			<Point>
				<gx:drawOrder>1</gx:drawOrder>
				<coordinates>-2.855482820342416,5.085596889952417,0</coordinates>
			</Point>
		</Placemark>
		<Placemark>
			<name>cocoa38</name>
			<LookAt>
				<gx:TimeStamp><when>2017-05-30T13:47:00.992088317Z</when>
</gx:TimeStamp>
				<gx:ViewerOptions>
					<gx:option name="historicalimagery"></gx:option>
					<gx:option name="sunlight"></gx:option>
					<gx:option enabled="0" name="streetview"></gx:option>
				</gx:ViewerOptions>
				<longitude>-2.853522958377428</longitude>
				<latitude>5.085533753421134</latitude>
				<altitude>0</altitude>
				<heading>0.2368293641487286</heading>
				<tilt>30.00367478613596</tilt>
				<range>818.203367341521</range>
				<gx:altitudeMode>relativeToSeaFloor</gx:altitudeMode>
			</LookAt>
			<styleUrl>#m_ylw-pushpin</styleUrl>
			<Point>
				<gx:drawOrder>1</gx:drawOrder>
				<coordinates>-2.850565947780256,5.085272411051358,0</coordinates>
			</Point>
		</Placemark>
		<Placemark>
			<name>cocoa39</name>
			<LookAt>
				<gx:TimeStamp><when>2017-05-30T13:47:00.992088317Z</when>
</gx:TimeStamp>
				<gx:ViewerOptions>
					<gx:option name="historicalimagery"></gx:option>
					<gx:option name="sunlight"></gx:option>
					<gx:option enabled="0" name="streetview"></gx:option>
				</gx:ViewerOptions>
				<longitude>-2.853522958377748</longitude>
				<latitude>5.085533753473616</latitude>
				<altitude>0</altitude>
				<heading>0.2368293641457029</heading>
				<tilt>30.00367478618846</tilt>
				<range>818.2033704455101</range>
				<gx:altitudeMode>relativeToSeaFloor</gx:altitudeMode>
			</LookAt>
			<styleUrl>#m_ylw-pushpin</styleUrl>
			<Point>
				<gx:drawOrder>1</gx:drawOrder>
				<coordinates>-2.856886652988066,5.086870772031787,0</coordinates>
			</Point>
		</Placemark>
		<Placemark>
			<name>cocoa40</name>
			<LookAt>
				<gx:TimeStamp><when>2017-05-30T13:47:00.992088317Z</when>
</gx:TimeStamp>
				<gx:ViewerOptions>
					<gx:option name="historicalimagery"></gx:option>
					<gx:option name="sunlight"></gx:option>
					<gx:option enabled="0" name="streetview"></gx:option>
				</gx:ViewerOptions>
				<longitude>-2.850971610898713</longitude>
				<latitude>5.081659750024435</latitude>
				<altitude>0</altitude>
				<heading>0.2370554739113665</heading>
				<tilt>30.00477540530994</tilt>
				<range>1063.209371681979</range>
				<gx:altitudeMode>relativeToSeaFloor</gx:altitudeMode>
			</LookAt>
			<styleUrl>#m_ylw-pushpin</styleUrl>
			<Point>
				<gx:drawOrder>1</gx:drawOrder>
				<coordinates>-2.853341753547757,5.079254011834209,0</coordinates>
			</Point>
		</Placemark>
		<Placemark>
			<name>cocoa41</name>
			<LookAt>
				<gx:TimeStamp><when>2017-05-30T13:47:00.992088317Z</when>
</gx:TimeStamp>
				<gx:ViewerOptions>
					<gx:option name="historicalimagery"></gx:option>
					<gx:option name="sunlight"></gx:option>
					<gx:option enabled="0" name="streetview"></gx:option>
				</gx:ViewerOptions>
				<longitude>-2.848729299082597</longitude>
				<latitude>5.080755403266282</latitude>
				<altitude>0</altitude>
				<heading>0.2372540421674613</heading>
				<tilt>30.00492166414386</tilt>
				<range>1095.767900459169</range>
				<gx:altitudeMode>relativeToSeaFloor</gx:altitudeMode>
			</LookAt>
			<styleUrl>#m_ylw-pushpin</styleUrl>
			<Point>
				<gx:drawOrder>1</gx:drawOrder>
				<coordinates>-2.848909211407396,5.081118431009234,0</coordinates>
			</Point>
		</Placemark>
		<Placemark>
			<name>cocoa42</name>
			<LookAt>
				<gx:TimeStamp><when>2017-05-30T13:47:00.992088317Z</when>
</gx:TimeStamp>
				<gx:ViewerOptions>
					<gx:option name="historicalimagery"></gx:option>
					<gx:option name="sunlight"></gx:option>
					<gx:option enabled="0" name="streetview"></gx:option>
				</gx:ViewerOptions>
				<longitude>-2.848857014388249</longitude>
				<latitude>5.080929556947461</latitude>
				<altitude>0</altitude>
				<heading>0.237242738399972</heading>
				<tilt>30.00545294088843</tilt>
				<range>1214.045744413595</range>
				<gx:altitudeMode>relativeToSeaFloor</gx:altitudeMode>
			</LookAt>
			<styleUrl>#m_ylw-pushpin</styleUrl>
			<Point>
				<gx:drawOrder>1</gx:drawOrder>
				<coordinates>-2.850323971049723,5.078727918505947,0</coordinates>
			</Point>
		</Placemark>
		<Placemark>
			<name>cocoa43</name>
			<LookAt>
				<gx:TimeStamp><when>2017-05-30T13:47:00.992088317Z</when>
</gx:TimeStamp>
				<gx:ViewerOptions>
					<gx:option name="historicalimagery"></gx:option>
					<gx:option name="sunlight"></gx:option>
					<gx:option enabled="0" name="streetview"></gx:option>
				</gx:ViewerOptions>
				<longitude>-2.848338841129737</longitude>
				<latitude>5.078248541270069</latitude>
				<altitude>0</altitude>
				<heading>0.2372887397154411</heading>
				<tilt>30.00635839402402</tilt>
				<range>1415.623030222122</range>
				<gx:altitudeMode>relativeToSeaFloor</gx:altitudeMode>
			</LookAt>
			<styleUrl>#m_ylw-pushpin</styleUrl>
			<Point>
				<gx:drawOrder>1</gx:drawOrder>
				<coordinates>-2.852693586107137,5.07651894549537,0</coordinates>
			</Point>
		</Placemark>
		<Placemark>
			<name>cocoa44</name>
			<LookAt>
				<gx:TimeStamp><when>2017-05-30T13:47:00.992088317Z</when>
</gx:TimeStamp>
				<gx:ViewerOptions>
					<gx:option name="historicalimagery"></gx:option>
					<gx:option name="sunlight"></gx:option>
					<gx:option enabled="0" name="streetview"></gx:option>
				</gx:ViewerOptions>
				<longitude>-2.848338841129737</longitude>
				<latitude>5.078248541270069</latitude>
				<altitude>0</altitude>
				<heading>0.2372887397154411</heading>
				<tilt>30.00635839402402</tilt>
				<range>1415.623030222122</range>
				<gx:altitudeMode>relativeToSeaFloor</gx:altitudeMode>
			</LookAt>
			<styleUrl>#m_ylw-pushpin</styleUrl>
			<Point>
				<gx:drawOrder>1</gx:drawOrder>
				<coordinates>-2.852936594464863,5.075245029515574,0</coordinates>
			</Point>
		</Placemark>
		<Placemark>
			<name>cocoa45</name>
			<LookAt>
				<gx:TimeStamp><when>2017-05-30T13:47:00.992088317Z</when>
</gx:TimeStamp>
				<gx:ViewerOptions>
					<gx:option name="historicalimagery"></gx:option>
					<gx:option name="sunlight"></gx:option>
					<gx:option enabled="0" name="streetview"></gx:option>
				</gx:ViewerOptions>
				<longitude>-2.83983410226591</longitude>
				<latitude>5.078928412874931</latitude>
				<altitude>0</altitude>
				<heading>0.2380416222083854</heading>
				<tilt>30.00511087267658</tilt>
				<range>1137.872133978933</range>
				<gx:altitudeMode>relativeToSeaFloor</gx:altitudeMode>
			</LookAt>
			<styleUrl>#m_ylw-pushpin</styleUrl>
			<Point>
				<gx:drawOrder>1</gx:drawOrder>
				<coordinates>-2.837975855454874,5.077858150791675,0</coordinates>
			</Point>
		</Placemark>
		<Placemark>
			<name>cocoa46</name>
			<LookAt>
				<gx:TimeStamp><when>2017-05-30T13:47:00.992088317Z</when>
</gx:TimeStamp>
				<gx:ViewerOptions>
					<gx:option name="historicalimagery"></gx:option>
					<gx:option name="sunlight"></gx:option>
					<gx:option enabled="0" name="streetview"></gx:option>
				</gx:ViewerOptions>
				<longitude>-2.840156142348321</longitude>
				<latitude>5.078412940511903</latitude>
				<altitude>0</altitude>
				<heading>0.2380130944884825</heading>
				<tilt>30.00511172315968</tilt>
				<range>1138.061359437902</range>
				<gx:altitudeMode>relativeToSeaFloor</gx:altitudeMode>
			</LookAt>
			<styleUrl>#m_ylw-pushpin</styleUrl>
			<Point>
				<gx:drawOrder>1</gx:drawOrder>
				<coordinates>-2.840597536611401,5.082382846975261,0</coordinates>
			</Point>
		</Placemark>
		<Placemark>
			<name>cocoa47</name>
			<LookAt>
				<gx:TimeStamp><when>2017-05-30T13:47:00.992088317Z</when>
</gx:TimeStamp>
				<gx:ViewerOptions>
					<gx:option name="historicalimagery"></gx:option>
					<gx:option name="sunlight"></gx:option>
					<gx:option enabled="0" name="streetview"></gx:option>
				</gx:ViewerOptions>
				<longitude>-2.840156142348321</longitude>
				<latitude>5.078412940511903</latitude>
				<altitude>0</altitude>
				<heading>0.2380130944884825</heading>
				<tilt>30.00511172315968</tilt>
				<range>1138.061359437902</range>
				<gx:altitudeMode>relativeToSeaFloor</gx:altitudeMode>
			</LookAt>
			<styleUrl>#m_ylw-pushpin</styleUrl>
			<Point>
				<gx:drawOrder>1</gx:drawOrder>
				<coordinates>-2.840186309074408,5.077047860670543,0</coordinates>
			</Point>
		</Placemark>
		<Placemark>
			<name>cocoa48</name>
			<LookAt>
				<gx:TimeStamp><when>2017-05-30T13:47:00.992088317Z</when>
</gx:TimeStamp>
				<gx:ViewerOptions>
					<gx:option name="historicalimagery"></gx:option>
					<gx:option name="sunlight"></gx:option>
					<gx:option enabled="0" name="streetview"></gx:option>
				</gx:ViewerOptions>
				<longitude>-2.837666205093152</longitude>
				<latitude>5.077205849873472</latitude>
				<altitude>0</altitude>
				<heading>0.2382336083224662</heading>
				<tilt>30.00607840112805</tilt>
				<range>1353.268750923982</range>
				<gx:altitudeMode>relativeToSeaFloor</gx:altitudeMode>
			</LookAt>
			<styleUrl>#m_ylw-pushpin</styleUrl>
			<Point>
				<gx:drawOrder>1</gx:drawOrder>
				<coordinates>-2.836868996286753,5.074233675198781,0</coordinates>
			</Point>
		</Placemark>
		<Placemark>
			<name>cocoa49</name>
			<LookAt>
				<gx:TimeStamp><when>2017-05-30T13:47:00.992088317Z</when>
</gx:TimeStamp>
				<gx:ViewerOptions>
					<gx:option name="historicalimagery"></gx:option>
					<gx:option name="sunlight"></gx:option>
					<gx:option enabled="0" name="streetview"></gx:option>
				</gx:ViewerOptions>
				<longitude>-2.837666205093152</longitude>
				<latitude>5.077205849873472</latitude>
				<altitude>0</altitude>
				<heading>0.2382336083224662</heading>
				<tilt>30.00607840112805</tilt>
				<range>1353.268750923982</range>
				<gx:altitudeMode>relativeToSeaFloor</gx:altitudeMode>
			</LookAt>
			<styleUrl>#m_ylw-pushpin</styleUrl>
			<Point>
				<gx:drawOrder>1</gx:drawOrder>
				<coordinates>-2.834114378831247,5.074885553175617,0</coordinates>
			</Point>
		</Placemark>
		<Placemark>
			<name>cocoa50</name>
			<LookAt>
				<gx:TimeStamp><when>2017-05-30T13:47:00.992088317Z</when>
</gx:TimeStamp>
				<gx:ViewerOptions>
					<gx:option name="historicalimagery"></gx:option>
					<gx:option name="sunlight"></gx:option>
					<gx:option enabled="0" name="streetview"></gx:option>
				</gx:ViewerOptions>
				<longitude>-2.8364048181075</longitude>
				<latitude>5.071995072139684</latitude>
				<altitude>0</altitude>
				<heading>0.2383451275204564</heading>
				<tilt>30.0092513098874</tilt>
				<range>2059.685056828596</range>
				<gx:altitudeMode>relativeToSeaFloor</gx:altitudeMode>
			</LookAt>
			<styleUrl>#m_ylw-pushpin</styleUrl>
			<Point>
				<gx:drawOrder>1</gx:drawOrder>
				<coordinates>-2.832172709422751,5.067816077236626,0</coordinates>
			</Point>
		</Placemark>
		<Placemark>
			<name>cocoa51</name>
			<LookAt>
				<gx:TimeStamp><when>2017-05-30T13:47:00.992088317Z</when>
</gx:TimeStamp>
				<gx:ViewerOptions>
					<gx:option name="historicalimagery"></gx:option>
					<gx:option name="sunlight"></gx:option>
					<gx:option enabled="0" name="streetview"></gx:option>
				</gx:ViewerOptions>
				<longitude>-2.837547172601289</longitude>
				<latitude>5.07134299251365</latitude>
				<altitude>0</altitude>
				<heading>0.2382667824457016</heading>
				<tilt>30.00949754849686</tilt>
				<range>2114.55720368451</range>
				<gx:altitudeMode>relativeToSeaFloor</gx:altitudeMode>
			</LookAt>
			<styleUrl>#m_ylw-pushpin</styleUrl>
			<Point>
				<gx:drawOrder>1</gx:drawOrder>
				<coordinates>-2.838275745256546,5.066409728234142,0</coordinates>
			</Point>
		</Placemark>
		<Placemark>
			<name>cocoa52</name>
			<LookAt>
				<gx:TimeStamp><when>2017-05-30T13:47:00.992088317Z</when>
</gx:TimeStamp>
				<gx:ViewerOptions>
					<gx:option name="historicalimagery"></gx:option>
					<gx:option name="sunlight"></gx:option>
					<gx:option enabled="0" name="streetview"></gx:option>
				</gx:ViewerOptions>
				<longitude>-2.83323397183623</longitude>
				<latitude>5.068449920830509</latitude>
				<altitude>0</altitude>
				<heading>0.2386470576582244</heading>
				<tilt>30.01084935144451</tilt>
				<range>2415.514769320974</range>
				<gx:altitudeMode>relativeToSeaFloor</gx:altitudeMode>
			</LookAt>
			<styleUrl>#m_ylw-pushpin</styleUrl>
			<Point>
				<gx:drawOrder>1</gx:drawOrder>
				<coordinates>-2.828976241698562,5.063515869253644,0</coordinates>
			</Point>
		</Placemark>
		<Placemark>
			<name>cocoa53</name>
			<LookAt>
				<gx:TimeStamp><when>2017-05-30T13:47:00.992088317Z</when>
</gx:TimeStamp>
				<gx:ViewerOptions>
					<gx:option name="historicalimagery"></gx:option>
					<gx:option name="sunlight"></gx:option>
					<gx:option enabled="0" name="streetview"></gx:option>
				</gx:ViewerOptions>
				<longitude>-2.815752272977258</longitude>
				<latitude>5.051752386573281</latitude>
				<altitude>0</altitude>
				<heading>0.2401884184694361</heading>
				<tilt>30.00705122229636</tilt>
				<range>1569.882053613048</range>
				<gx:altitudeMode>relativeToSeaFloor</gx:altitudeMode>
			</LookAt>
			<styleUrl>#m_ylw-pushpin</styleUrl>
			<Point>
				<gx:drawOrder>1</gx:drawOrder>
				<coordinates>-2.812136747877688,5.051348628561117,0</coordinates>
			</Point>
		</Placemark>
		<Placemark>
			<name>cocoa54</name>
			<LookAt>
				<gx:TimeStamp><when>2017-05-30T13:47:00.992088317Z</when>
</gx:TimeStamp>
				<gx:ViewerOptions>
					<gx:option name="historicalimagery"></gx:option>
					<gx:option name="sunlight"></gx:option>
					<gx:option enabled="0" name="streetview"></gx:option>
				</gx:ViewerOptions>
				<longitude>-2.815752272977258</longitude>
				<latitude>5.051752386573281</latitude>
				<altitude>0</altitude>
				<heading>0.2401884184694361</heading>
				<tilt>30.00705122229636</tilt>
				<range>1569.882053613048</range>
				<gx:altitudeMode>relativeToSeaFloor</gx:altitudeMode>
			</LookAt>
			<styleUrl>#m_ylw-pushpin</styleUrl>
			<Point>
				<gx:drawOrder>1</gx:drawOrder>
				<coordinates>-2.814388227606682,5.049759492163424,0</coordinates>
			</Point>
		</Placemark>
		<Placemark>
			<name>cocoa55</name>
			<LookAt>
				<gx:TimeStamp><when>2017-05-30T13:47:00.992088317Z</when>
</gx:TimeStamp>
				<gx:ViewerOptions>
					<gx:option name="historicalimagery"></gx:option>
					<gx:option name="sunlight"></gx:option>
					<gx:option enabled="0" name="streetview"></gx:option>
				</gx:ViewerOptions>
				<longitude>-2.815752272977258</longitude>
				<latitude>5.051752386573281</latitude>
				<altitude>0</altitude>
				<heading>0.2401884184694361</heading>
				<tilt>30.00705122229636</tilt>
				<range>1569.882053613048</range>
				<gx:altitudeMode>relativeToSeaFloor</gx:altitudeMode>
			</LookAt>
			<styleUrl>#m_ylw-pushpin</styleUrl>
			<Point>
				<gx:drawOrder>1</gx:drawOrder>
				<coordinates>-2.821083423482048,5.052823551222875,0</coordinates>
			</Point>
		</Placemark>
		<Placemark>
			<name>cocoa56</name>
			<LookAt>
				<gx:TimeStamp><when>2017-05-30T13:47:00.992088317Z</when>
</gx:TimeStamp>
				<gx:ViewerOptions>
					<gx:option name="historicalimagery"></gx:option>
					<gx:option name="sunlight"></gx:option>
					<gx:option enabled="0" name="streetview"></gx:option>
				</gx:ViewerOptions>
				<longitude>-2.815752272977258</longitude>
				<latitude>5.051752386573281</latitude>
				<altitude>0</altitude>
				<heading>0.2401884184694361</heading>
				<tilt>30.00705122229636</tilt>
				<range>1569.882053613048</range>
				<gx:altitudeMode>relativeToSeaFloor</gx:altitudeMode>
			</LookAt>
			<styleUrl>#m_ylw-pushpin</styleUrl>
			<Point>
				<gx:drawOrder>1</gx:drawOrder>
				<coordinates>-2.822287940195739,5.055104726025901,0</coordinates>
			</Point>
		</Placemark>
		<Placemark>
			<name>cocoa57</name>
			<LookAt>
				<gx:TimeStamp><when>2017-05-30T13:47:00.992088317Z</when>
</gx:TimeStamp>
				<gx:ViewerOptions>
					<gx:option name="historicalimagery"></gx:option>
					<gx:option name="sunlight"></gx:option>
					<gx:option enabled="0" name="streetview"></gx:option>
				</gx:ViewerOptions>
				<longitude>-2.817281961342053</longitude>
				<latitude>5.053269237405719</latitude>
				<altitude>0</altitude>
				<heading>0.2386648767093918</heading>
				<tilt>28.83491531683235</tilt>
				<range>1360.969791131806</range>
				<gx:altitudeMode>relativeToSeaFloor</gx:altitudeMode>
			</LookAt>
			<styleUrl>#m_ylw-pushpin</styleUrl>
			<Point>
				<gx:drawOrder>1</gx:drawOrder>
				<coordinates>-2.820724609310034,5.0501474503648,0</coordinates>
			</Point>
		</Placemark>
		<Placemark>
			<name>cocoa58</name>
			<LookAt>
				<gx:TimeStamp><when>2017-05-30T13:47:00.992088317Z</when>
</gx:TimeStamp>
				<gx:ViewerOptions>
					<gx:option name="historicalimagery"></gx:option>
					<gx:option name="sunlight"></gx:option>
					<gx:option enabled="0" name="streetview"></gx:option>
				</gx:ViewerOptions>
				<longitude>-2.817810198287399</longitude>
				<latitude>5.052966906137113</latitude>
				<altitude>0</altitude>
				<heading>0.2386034378288159</heading>
				<tilt>28.83574274413667</tilt>
				<range>1497.77641690297</range>
				<gx:altitudeMode>relativeToSeaFloor</gx:altitudeMode>
			</LookAt>
			<styleUrl>#m_ylw-pushpin</styleUrl>
			<Point>
				<gx:drawOrder>1</gx:drawOrder>
				<coordinates>-2.81947572980802,5.058557361650442,0</coordinates>
			</Point>
		</Placemark>
		<Placemark>
			<name>cocoa59</name>
			<LookAt>
				<gx:TimeStamp><when>2017-05-30T13:47:00.992088317Z</when>
</gx:TimeStamp>
				<gx:ViewerOptions>
					<gx:option name="historicalimagery"></gx:option>
					<gx:option name="sunlight"></gx:option>
					<gx:option enabled="0" name="streetview"></gx:option>
				</gx:ViewerOptions>
				<longitude>-2.817810198287399</longitude>
				<latitude>5.052966906137113</latitude>
				<altitude>0</altitude>
				<heading>0.2386034378288159</heading>
				<tilt>28.83574274413667</tilt>
				<range>1497.77641690297</range>
				<gx:altitudeMode>relativeToSeaFloor</gx:altitudeMode>
			</LookAt>
			<styleUrl>#m_ylw-pushpin</styleUrl>
			<Point>
				<gx:drawOrder>1</gx:drawOrder>
				<coordinates>-2.817628537331941,5.049781637317937,0</coordinates>
			</Point>
		</Placemark>
		<Placemark>
			<name>cocoa60</name>
			<LookAt>
				<gx:TimeStamp><when>2017-05-30T13:47:00.992088317Z</when>
</gx:TimeStamp>
				<gx:ViewerOptions>
					<gx:option name="historicalimagery"></gx:option>
					<gx:option name="sunlight"></gx:option>
					<gx:option enabled="0" name="streetview"></gx:option>
				</gx:ViewerOptions>
				<longitude>-2.817810198287399</longitude>
				<latitude>5.052966906137113</latitude>
				<altitude>0</altitude>
				<heading>0.2386034378288159</heading>
				<tilt>28.83574274413667</tilt>
				<range>1497.77641690297</range>
				<gx:altitudeMode>relativeToSeaFloor</gx:altitudeMode>
			</LookAt>
			<styleUrl>#m_ylw-pushpin</styleUrl>
			<Point>
				<gx:drawOrder>1</gx:drawOrder>
				<coordinates>-2.814753054477166,5.051413361091928,0</coordinates>
			</Point>
		</Placemark>
		<Placemark>
			<name>cocoa61</name>
			<LookAt>
				<gx:TimeStamp><when>2017-05-30T13:47:00.992088317Z</when>
</gx:TimeStamp>
				<gx:ViewerOptions>
					<gx:option name="historicalimagery"></gx:option>
					<gx:option name="sunlight"></gx:option>
					<gx:option enabled="0" name="streetview"></gx:option>
				</gx:ViewerOptions>
				<longitude>-2.817810198287399</longitude>
				<latitude>5.052966906137113</latitude>
				<altitude>0</altitude>
				<heading>0.2386034378288159</heading>
				<tilt>28.83574274413667</tilt>
				<range>1497.77641690297</range>
				<gx:altitudeMode>relativeToSeaFloor</gx:altitudeMode>
			</LookAt>
			<styleUrl>#m_ylw-pushpin</styleUrl>
			<Point>
				<gx:drawOrder>1</gx:drawOrder>
				<coordinates>-2.815568857528159,5.057819345522513,0</coordinates>
			</Point>
		</Placemark>
		<Placemark>
			<name>cocoa62</name>
			<LookAt>
				<gx:TimeStamp><when>2017-05-30T13:47:00.992088317Z</when>
</gx:TimeStamp>
				<gx:ViewerOptions>
					<gx:option name="historicalimagery"></gx:option>
					<gx:option name="sunlight"></gx:option>
					<gx:option enabled="0" name="streetview"></gx:option>
				</gx:ViewerOptions>
				<longitude>-2.817810198287399</longitude>
				<latitude>5.052966906137113</latitude>
				<altitude>0</altitude>
				<heading>0.2386034378288159</heading>
				<tilt>28.83574274413667</tilt>
				<range>1497.77641690297</range>
				<gx:altitudeMode>relativeToSeaFloor</gx:altitudeMode>
			</LookAt>
			<styleUrl>#m_ylw-pushpin</styleUrl>
			<Point>
				<gx:drawOrder>1</gx:drawOrder>
				<coordinates>-2.814735153883249,5.054872212496264,0</coordinates>
			</Point>
		</Placemark>
		<Placemark>
			<name>cocoa63</name>
			<LookAt>
				<gx:TimeStamp><when>2017-05-30T13:47:00.992088317Z</when>
</gx:TimeStamp>
				<gx:ViewerOptions>
					<gx:option name="historicalimagery"></gx:option>
					<gx:option name="sunlight"></gx:option>
					<gx:option enabled="0" name="streetview"></gx:option>
				</gx:ViewerOptions>
				<longitude>-2.817810198287399</longitude>
				<latitude>5.052966906137113</latitude>
				<altitude>0</altitude>
				<heading>0.2386034378288159</heading>
				<tilt>28.83574274413667</tilt>
				<range>1497.77641690297</range>
				<gx:altitudeMode>relativeToSeaFloor</gx:altitudeMode>
			</LookAt>
			<styleUrl>#m_ylw-pushpin</styleUrl>
			<Point>
				<gx:drawOrder>1</gx:drawOrder>
				<coordinates>-2.81171573501008,5.055571356611139,0</coordinates>
			</Point>
		</Placemark>
		<Placemark>
			<name>cocoa64</name>
			<LookAt>
				<gx:TimeStamp><when>2017-05-30T13:47:00.992088317Z</when>
</gx:TimeStamp>
				<gx:ViewerOptions>
					<gx:option name="historicalimagery"></gx:option>
					<gx:option name="sunlight"></gx:option>
					<gx:option enabled="0" name="streetview"></gx:option>
				</gx:ViewerOptions>
				<longitude>-2.807396582565931</longitude>
				<latitude>5.051763098300799</latitude>
				<altitude>0</altitude>
				<heading>0.2395202336797195</heading>
				<tilt>28.83571037930897</tilt>
				<range>1490.306373949427</range>
				<gx:altitudeMode>relativeToSeaFloor</gx:altitudeMode>
			</LookAt>
			<styleUrl>#m_ylw-pushpin</styleUrl>
			<Point>
				<gx:drawOrder>1</gx:drawOrder>
				<coordinates>-2.80755917348426,5.049725817070079,0</coordinates>
			</Point>
		</Placemark>
		<Placemark>
			<name>cocoa65</name>
			<LookAt>
				<gx:TimeStamp><when>2017-05-30T13:47:00.992088317Z</when>
</gx:TimeStamp>
				<gx:ViewerOptions>
					<gx:option name="historicalimagery"></gx:option>
					<gx:option name="sunlight"></gx:option>
					<gx:option enabled="0" name="streetview"></gx:option>
				</gx:ViewerOptions>
				<longitude>-2.807396582565931</longitude>
				<latitude>5.051763098300799</latitude>
				<altitude>0</altitude>
				<heading>0.2395202336797195</heading>
				<tilt>28.83571037930897</tilt>
				<range>1490.306373949427</range>
				<gx:altitudeMode>relativeToSeaFloor</gx:altitudeMode>
			</LookAt>
			<styleUrl>#m_ylw-pushpin</styleUrl>
			<Point>
				<gx:drawOrder>1</gx:drawOrder>
				<coordinates>-2.810976070052826,5.047347950758399,0</coordinates>
			</Point>
		</Placemark>
		<Placemark>
			<name>cocoa66</name>
			<LookAt>
				<gx:TimeStamp><when>2017-05-30T13:47:00.992088317Z</when>
</gx:TimeStamp>
				<gx:ViewerOptions>
					<gx:option name="historicalimagery"></gx:option>
					<gx:option name="sunlight"></gx:option>
					<gx:option enabled="0" name="streetview"></gx:option>
				</gx:ViewerOptions>
				<longitude>-2.79037435048891</longitude>
				<latitude>5.065527552594933</latitude>
				<altitude>0</altitude>
				<heading>0.2425884616049004</heading>
				<tilt>30.00816090319947</tilt>
				<range>1817.018252833561</range>
				<gx:altitudeMode>relativeToSeaFloor</gx:altitudeMode>
			</LookAt>
			<styleUrl>#m_ylw-pushpin</styleUrl>
			<Point>
				<gx:drawOrder>1</gx:drawOrder>
				<coordinates>-2.789754099585252,5.065573719321002,0</coordinates>
			</Point>
		</Placemark>
		<Placemark>
			<name>cocoa67</name>
			<LookAt>
				<gx:TimeStamp><when>2017-05-30T13:47:00.992088317Z</when>
</gx:TimeStamp>
				<gx:ViewerOptions>
					<gx:option name="historicalimagery"></gx:option>
					<gx:option name="sunlight"></gx:option>
					<gx:option enabled="0" name="streetview"></gx:option>
				</gx:ViewerOptions>
				<longitude>-2.79037435048891</longitude>
				<latitude>5.065527552594933</latitude>
				<altitude>0</altitude>
				<heading>0.2425884616049004</heading>
				<tilt>30.00816090319947</tilt>
				<range>1817.018252833561</range>
				<gx:altitudeMode>relativeToSeaFloor</gx:altitudeMode>
			</LookAt>
			<styleUrl>#m_ylw-pushpin</styleUrl>
			<Point>
				<gx:drawOrder>1</gx:drawOrder>
				<coordinates>-2.783023689394422,5.067801788895014,0</coordinates>
			</Point>
		</Placemark>
		<Placemark>
			<name>cocoa68</name>
			<LookAt>
				<gx:TimeStamp><when>2017-05-30T13:47:00.992088317Z</when>
</gx:TimeStamp>
				<gx:ViewerOptions>
					<gx:option name="historicalimagery"></gx:option>
					<gx:option name="sunlight"></gx:option>
					<gx:option enabled="0" name="streetview"></gx:option>
				</gx:ViewerOptions>
				<longitude>-2.79122683487773</longitude>
				<latitude>5.064242885038238</latitude>
				<altitude>0</altitude>
				<heading>0.2425132572832985</heading>
				<tilt>30.00825689639858</tilt>
				<range>1838.385149410087</range>
				<gx:altitudeMode>relativeToSeaFloor</gx:altitudeMode>
			</LookAt>
			<styleUrl>#m_ylw-pushpin</styleUrl>
			<Point>
				<gx:drawOrder>1</gx:drawOrder>
				<coordinates>-2.792049638788775,5.061714515842181,0</coordinates>
			</Point>
		</Placemark>
		<Placemark>
			<name>cocoa69</name>
			<LookAt>
				<gx:TimeStamp><when>2017-05-30T13:47:00.992088317Z</when>
</gx:TimeStamp>
				<gx:ViewerOptions>
					<gx:option name="historicalimagery"></gx:option>
					<gx:option name="sunlight"></gx:option>
					<gx:option enabled="0" name="streetview"></gx:option>
				</gx:ViewerOptions>
				<longitude>-2.791405554488261</longitude>
				<latitude>5.063844860359841</latitude>
				<altitude>0</altitude>
				<heading>0.2424974866694922</heading>
				<tilt>30.00827184053671</tilt>
				<range>1841.711314775041</range>
				<gx:altitudeMode>relativeToSeaFloor</gx:altitudeMode>
			</LookAt>
			<styleUrl>#m_ylw-pushpin</styleUrl>
			<Point>
				<gx:drawOrder>1</gx:drawOrder>
				<coordinates>-2.792103492761426,5.059384497644663,0</coordinates>
			</Point>
		</Placemark>
		<Placemark>
			<name>cocoa72</name>
			<LookAt>
				<gx:TimeStamp><when>2017-05-30T13:47:00.992088317Z</when>
</gx:TimeStamp>
				<gx:ViewerOptions>
					<gx:option name="historicalimagery"></gx:option>
					<gx:option name="sunlight"></gx:option>
					<gx:option enabled="0" name="streetview"></gx:option>
				</gx:ViewerOptions>
				<longitude>-2.798925425091873</longitude>
				<latitude>5.057733827168397</latitude>
				<altitude>0</altitude>
				<heading>0.2418355337522045</heading>
				<tilt>30.00422976071553</tilt>
				<range>941.7147492515652</range>
				<gx:altitudeMode>relativeToSeaFloor</gx:altitudeMode>
			</LookAt>
			<styleUrl>#m_ylw-pushpin</styleUrl>
			<Point>
				<gx:drawOrder>1</gx:drawOrder>
				<coordinates>-2.800554438829176,5.057884384643436,0</coordinates>
			</Point>
		</Placemark>
		<Placemark>
			<name>cocoa73</name>
			<LookAt>
				<gx:TimeStamp><when>2017-05-30T13:47:00.992088317Z</when>
</gx:TimeStamp>
				<gx:ViewerOptions>
					<gx:option name="historicalimagery"></gx:option>
					<gx:option name="sunlight"></gx:option>
					<gx:option enabled="0" name="streetview"></gx:option>
				</gx:ViewerOptions>
				<longitude>-2.798925425091873</longitude>
				<latitude>5.057733827168397</latitude>
				<altitude>0</altitude>
				<heading>0.2418355337522045</heading>
				<tilt>30.00422976071553</tilt>
				<range>941.7147492515652</range>
				<gx:altitudeMode>relativeToSeaFloor</gx:altitudeMode>
			</LookAt>
			<styleUrl>#m_ylw-pushpin</styleUrl>
			<Point>
				<gx:drawOrder>1</gx:drawOrder>
				<coordinates>-2.802171085953336,5.057861075543305,0</coordinates>
			</Point>
		</Placemark>
		<Placemark>
			<name>cocoa73</name>
			<LookAt>
				<gx:TimeStamp><when>2017-05-30T13:47:00.992088317Z</when>
</gx:TimeStamp>
				<gx:ViewerOptions>
					<gx:option name="historicalimagery"></gx:option>
					<gx:option name="sunlight"></gx:option>
					<gx:option enabled="0" name="streetview"></gx:option>
				</gx:ViewerOptions>
				<longitude>-2.798925425091873</longitude>
				<latitude>5.057733827168397</latitude>
				<altitude>0</altitude>
				<heading>0.2418355337522045</heading>
				<tilt>30.00422976071553</tilt>
				<range>941.7147492515652</range>
				<gx:altitudeMode>relativeToSeaFloor</gx:altitudeMode>
			</LookAt>
			<styleUrl>#m_ylw-pushpin</styleUrl>
			<Point>
				<gx:drawOrder>1</gx:drawOrder>
				<coordinates>-2.797383314158932,5.056752506353069,0</coordinates>
			</Point>
		</Placemark>
		<Placemark>
			<name>cocoa74</name>
			<LookAt>
				<gx:TimeStamp><when>2017-05-30T13:47:00.992088317Z</when>
</gx:TimeStamp>
				<gx:ViewerOptions>
					<gx:option name="historicalimagery"></gx:option>
					<gx:option name="sunlight"></gx:option>
					<gx:option enabled="0" name="streetview"></gx:option>
				</gx:ViewerOptions>
				<longitude>-2.795437840817597</longitude>
				<latitude>5.057097371193323</latitude>
				<altitude>0</altitude>
				<heading>0.2421431326859876</heading>
				<tilt>30.00576205394528</tilt>
				<range>1282.864466597286</range>
				<gx:altitudeMode>relativeToSeaFloor</gx:altitudeMode>
			</LookAt>
			<styleUrl>#m_ylw-pushpin</styleUrl>
			<Point>
				<gx:drawOrder>1</gx:drawOrder>
				<coordinates>-2.793333208184057,5.057128448673236,0</coordinates>
			</Point>
		</Placemark>
		<Placemark>
			<name>cocoa75</name>
			<LookAt>
				<gx:TimeStamp><when>2017-05-30T13:47:00.992088317Z</when>
</gx:TimeStamp>
				<gx:ViewerOptions>
					<gx:option name="historicalimagery"></gx:option>
					<gx:option name="sunlight"></gx:option>
					<gx:option enabled="0" name="streetview"></gx:option>
				</gx:ViewerOptions>
				<longitude>-2.795437840817597</longitude>
				<latitude>5.057097371193323</latitude>
				<altitude>0</altitude>
				<heading>0.2421431326859876</heading>
				<tilt>30.00576205394528</tilt>
				<range>1282.864466597286</range>
				<gx:altitudeMode>relativeToSeaFloor</gx:altitudeMode>
			</LookAt>
			<styleUrl>#m_ylw-pushpin</styleUrl>
			<Point>
				<gx:drawOrder>1</gx:drawOrder>
				<coordinates>-2.796928258347609,5.054065886461086,0</coordinates>
			</Point>
		</Placemark>
		<Placemark>
			<name>cocoa76</name>
			<LookAt>
				<gx:TimeStamp><when>2017-05-30T13:47:00.992088317Z</when>
</gx:TimeStamp>
				<gx:ViewerOptions>
					<gx:option name="historicalimagery"></gx:option>
					<gx:option name="sunlight"></gx:option>
					<gx:option enabled="0" name="streetview"></gx:option>
				</gx:ViewerOptions>
				<longitude>-2.796534714375689</longitude>
				<latitude>5.055688241387428</latitude>
				<altitude>0</altitude>
				<heading>0.2420463786194688</heading>
				<tilt>30.007403986765</tilt>
				<range>1648.424249843068</range>
				<gx:altitudeMode>relativeToSeaFloor</gx:altitudeMode>
			</LookAt>
			<styleUrl>#m_ylw-pushpin</styleUrl>
			<Point>
				<gx:drawOrder>1</gx:drawOrder>
				<coordinates>-2.801972038320929,5.050880079912974,0</coordinates>
			</Point>
		</Placemark>
		<Placemark>
			<name>cocoa77</name>
			<LookAt>
				<gx:TimeStamp><when>2017-05-30T13:47:00.992088317Z</when>
</gx:TimeStamp>
				<gx:ViewerOptions>
					<gx:option name="historicalimagery"></gx:option>
					<gx:option name="sunlight"></gx:option>
					<gx:option enabled="0" name="streetview"></gx:option>
				</gx:ViewerOptions>
				<longitude>-2.793916194047041</longitude>
				<latitude>5.050805619239449</latitude>
				<altitude>0</altitude>
				<heading>0.2378943484433611</heading>
				<tilt>27.43344280041471</tilt>
				<range>552.8957052321634</range>
				<gx:altitudeMode>relativeToSeaFloor</gx:altitudeMode>
			</LookAt>
			<styleUrl>#m_ylw-pushpin</styleUrl>
			<Point>
				<gx:drawOrder>1</gx:drawOrder>
				<coordinates>-2.793525535967446,5.049789742112238,0</coordinates>
			</Point>
		</Placemark>
		<Placemark>
			<name>cocoa78</name>
			<LookAt>
				<gx:TimeStamp><when>2017-05-30T13:47:00.992088317Z</when>
</gx:TimeStamp>
				<gx:ViewerOptions>
					<gx:option name="historicalimagery"></gx:option>
					<gx:option name="sunlight"></gx:option>
					<gx:option enabled="0" name="streetview"></gx:option>
				</gx:ViewerOptions>
				<longitude>-2.793916194047041</longitude>
				<latitude>5.050805619239449</latitude>
				<altitude>0</altitude>
				<heading>0.2378943484433611</heading>
				<tilt>27.43344280041471</tilt>
				<range>552.8957052321634</range>
				<gx:altitudeMode>relativeToSeaFloor</gx:altitudeMode>
			</LookAt>
			<styleUrl>#m_ylw-pushpin</styleUrl>
			<Point>
				<gx:drawOrder>1</gx:drawOrder>
				<coordinates>-2.792659998577326,5.049389791479304,0</coordinates>
			</Point>
		</Placemark>
		<Placemark>
			<name>cocoa79</name>
			<LookAt>
				<gx:TimeStamp><when>2017-05-30T13:47:00.992088317Z</when>
</gx:TimeStamp>
				<gx:ViewerOptions>
					<gx:option name="historicalimagery"></gx:option>
					<gx:option name="sunlight"></gx:option>
					<gx:option enabled="0" name="streetview"></gx:option>
				</gx:ViewerOptions>
				<longitude>-2.793916194047041</longitude>
				<latitude>5.050805619239449</latitude>
				<altitude>0</altitude>
				<heading>0.2378943484433611</heading>
				<tilt>27.43344280041471</tilt>
				<range>552.8957052321634</range>
				<gx:altitudeMode>relativeToSeaFloor</gx:altitudeMode>
			</LookAt>
			<styleUrl>#m_ylw-pushpin</styleUrl>
			<Point>
				<gx:drawOrder>1</gx:drawOrder>
				<coordinates>-2.796066878195593,5.052117360151607,0</coordinates>
			</Point>
		</Placemark>
		<Placemark>
			<name>cocoa80</name>
			<LookAt>
				<gx:TimeStamp><when>2017-05-30T13:47:00.992088317Z</when>
</gx:TimeStamp>
				<gx:ViewerOptions>
					<gx:option name="historicalimagery"></gx:option>
					<gx:option name="sunlight"></gx:option>
					<gx:option enabled="0" name="streetview"></gx:option>
				</gx:ViewerOptions>
				<longitude>-2.788687609787418</longitude>
				<latitude>5.049151633501919</latitude>
				<altitude>0</altitude>
				<heading>0.2423534411707972</heading>
				<tilt>29.7946396518463</tilt>
				<range>1293.409059089825</range>
				<gx:altitudeMode>relativeToSeaFloor</gx:altitudeMode>
			</LookAt>
			<styleUrl>#m_ylw-pushpin</styleUrl>
			<Point>
				<gx:drawOrder>1</gx:drawOrder>
				<coordinates>-2.787941595149213,5.047667705132967,0</coordinates>
			</Point>
		</Placemark>
		<Placemark>
			<name>cocoa81</name>
			<LookAt>
				<gx:TimeStamp><when>2017-05-30T13:47:00.992088317Z</when>
</gx:TimeStamp>
				<gx:ViewerOptions>
					<gx:option name="historicalimagery"></gx:option>
					<gx:option name="sunlight"></gx:option>
					<gx:option enabled="0" name="streetview"></gx:option>
				</gx:ViewerOptions>
				<longitude>-2.788687609787418</longitude>
				<latitude>5.049151633501919</latitude>
				<altitude>0</altitude>
				<heading>0.2423534411707972</heading>
				<tilt>29.7946396518463</tilt>
				<range>1293.409059089825</range>
				<gx:altitudeMode>relativeToSeaFloor</gx:altitudeMode>
			</LookAt>
			<styleUrl>#m_ylw-pushpin</styleUrl>
			<Point>
				<gx:drawOrder>1</gx:drawOrder>
				<coordinates>-2.791435362371343,5.04593278488445,0</coordinates>
			</Point>
		</Placemark>
		<Placemark>
			<name>cocoa82</name>
			<LookAt>
				<gx:TimeStamp><when>2017-05-30T13:47:00.992088317Z</when>
</gx:TimeStamp>
				<gx:ViewerOptions>
					<gx:option name="historicalimagery"></gx:option>
					<gx:option name="sunlight"></gx:option>
					<gx:option enabled="0" name="streetview"></gx:option>
				</gx:ViewerOptions>
				<longitude>-2.782807342547565</longitude>
				<latitude>5.045007941361348</latitude>
				<altitude>0</altitude>
				<heading>0.2428707655840473</heading>
				<tilt>29.79544572558334</tilt>
				<range>1474.014952283678</range>
				<gx:altitudeMode>relativeToSeaFloor</gx:altitudeMode>
			</LookAt>
			<styleUrl>#m_ylw-pushpin</styleUrl>
			<Point>
				<gx:drawOrder>1</gx:drawOrder>
				<coordinates>-2.788584649989771,5.043133094558035,0</coordinates>
			</Point>
		</Placemark>
		<Placemark>
			<name>cocoa83</name>
			<LookAt>
				<gx:TimeStamp><when>2017-05-30T13:47:00.992088317Z</when>
</gx:TimeStamp>
				<gx:ViewerOptions>
					<gx:option name="historicalimagery"></gx:option>
					<gx:option name="sunlight"></gx:option>
					<gx:option enabled="0" name="streetview"></gx:option>
				</gx:ViewerOptions>
				<longitude>-2.782807342547565</longitude>
				<latitude>5.045007941361348</latitude>
				<altitude>0</altitude>
				<heading>0.2428707655840473</heading>
				<tilt>29.79544572558334</tilt>
				<range>1474.014952283678</range>
				<gx:altitudeMode>relativeToSeaFloor</gx:altitudeMode>
			</LookAt>
			<styleUrl>#m_ylw-pushpin</styleUrl>
			<Point>
				<gx:drawOrder>1</gx:drawOrder>
				<coordinates>-2.783715585472034,5.04868955648172,0</coordinates>
			</Point>
		</Placemark>
		<Placemark>
			<name>cocoa84</name>
			<LookAt>
				<gx:TimeStamp><when>2017-05-30T13:47:00.992088317Z</when>
</gx:TimeStamp>
				<gx:ViewerOptions>
					<gx:option name="historicalimagery"></gx:option>
					<gx:option name="sunlight"></gx:option>
					<gx:option enabled="0" name="streetview"></gx:option>
				</gx:ViewerOptions>
				<longitude>-2.782807342547565</longitude>
				<latitude>5.045007941361348</latitude>
				<altitude>0</altitude>
				<heading>0.2428707655840473</heading>
				<tilt>29.79544572558334</tilt>
				<range>1474.014952283678</range>
				<gx:altitudeMode>relativeToSeaFloor</gx:altitudeMode>
			</LookAt>
			<styleUrl>#m_ylw-pushpin</styleUrl>
			<Point>
				<gx:drawOrder>1</gx:drawOrder>
				<coordinates>-2.786939581791867,5.043327386059205,0</coordinates>
			</Point>
		</Placemark>
		<Placemark>
			<name>cocoa85</name>
			<LookAt>
				<gx:TimeStamp><when>2017-05-30T13:47:00.992088317Z</when>
</gx:TimeStamp>
				<gx:ViewerOptions>
					<gx:option name="historicalimagery"></gx:option>
					<gx:option name="sunlight"></gx:option>
					<gx:option enabled="0" name="streetview"></gx:option>
				</gx:ViewerOptions>
				<longitude>-2.778383182185475</longitude>
				<latitude>5.045690162161065</latitude>
				<altitude>0</altitude>
				<heading>0.2432598342448576</heading>
				<tilt>29.79844650628291</tilt>
				<range>2146.396416614199</range>
				<gx:altitudeMode>relativeToSeaFloor</gx:altitudeMode>
			</LookAt>
			<styleUrl>#m_ylw-pushpin</styleUrl>
			<Point>
				<gx:drawOrder>1</gx:drawOrder>
				<coordinates>-2.783701509009608,5.04732393346685,0</coordinates>
			</Point>
		</Placemark>
		<Placemark>
			<name>cocoa86</name>
			<LookAt>
				<gx:TimeStamp><when>2017-05-30T13:47:00.992088317Z</when>
</gx:TimeStamp>
				<gx:ViewerOptions>
					<gx:option name="historicalimagery"></gx:option>
					<gx:option name="sunlight"></gx:option>
					<gx:option enabled="0" name="streetview"></gx:option>
				</gx:ViewerOptions>
				<longitude>-2.780213555611012</longitude>
				<latitude>5.040014918298426</latitude>
				<altitude>0</altitude>
				<heading>0.2433424259816137</heading>
				<tilt>29.94932967717464</tilt>
				<range>1801.938369228356</range>
				<gx:altitudeMode>relativeToSeaFloor</gx:altitudeMode>
			</LookAt>
			<styleUrl>#m_ylw-pushpin</styleUrl>
			<Point>
				<gx:drawOrder>1</gx:drawOrder>
				<coordinates>-2.784971726712508,5.038138478504628,0</coordinates>
			</Point>
		</Placemark>
		<Placemark>
			<name>cocoa87</name>
			<LookAt>
				<gx:TimeStamp><when>2017-05-30T13:47:00.992088317Z</when>
</gx:TimeStamp>
				<gx:ViewerOptions>
					<gx:option name="historicalimagery"></gx:option>
					<gx:option name="sunlight"></gx:option>
					<gx:option enabled="0" name="streetview"></gx:option>
				</gx:ViewerOptions>
				<longitude>-2.780198073643554</longitude>
				<latitude>5.035912203835039</latitude>
				<altitude>0</altitude>
				<heading>0.2413034372688603</heading>
				<tilt>28.75647212644981</tilt>
				<range>675.5875161640707</range>
				<gx:altitudeMode>relativeToSeaFloor</gx:altitudeMode>
			</LookAt>
			<styleUrl>#m_ylw-pushpin</styleUrl>
			<Point>
				<gx:drawOrder>1</gx:drawOrder>
				<coordinates>-2.781860547258796,5.035747849197014,0</coordinates>
			</Point>
		</Placemark>
		<Placemark>
			<name>cocoa88</name>
			<LookAt>
				<gx:TimeStamp><when>2017-05-30T13:47:00.992088317Z</when>
</gx:TimeStamp>
				<gx:ViewerOptions>
					<gx:option name="historicalimagery"></gx:option>
					<gx:option name="sunlight"></gx:option>
					<gx:option enabled="0" name="streetview"></gx:option>
				</gx:ViewerOptions>
				<longitude>-2.785829626203636</longitude>
				<latitude>5.030487463385152</latitude>
				<altitude>0</altitude>
				<heading>0.2429714713964809</heading>
				<tilt>30.00461554797817</tilt>
				<range>1027.712095561991</range>
				<gx:altitudeMode>relativeToSeaFloor</gx:altitudeMode>
			</LookAt>
			<styleUrl>#m_ylw-pushpin</styleUrl>
			<Point>
				<gx:drawOrder>1</gx:drawOrder>
				<coordinates>-2.785829626203635,5.030487463385152,0</coordinates>
			</Point>
		</Placemark>
		<Placemark>
			<name>cocoa89</name>
			<LookAt>
				<gx:TimeStamp><when>2017-05-30T13:47:00.992088317Z</when>
</gx:TimeStamp>
				<gx:ViewerOptions>
					<gx:option name="historicalimagery"></gx:option>
					<gx:option name="sunlight"></gx:option>
					<gx:option enabled="0" name="streetview"></gx:option>
				</gx:ViewerOptions>
				<longitude>-2.785829626203636</longitude>
				<latitude>5.030487463385152</latitude>
				<altitude>0</altitude>
				<heading>0.2429714713964809</heading>
				<tilt>30.00461554797817</tilt>
				<range>1027.712095561991</range>
				<gx:altitudeMode>relativeToSeaFloor</gx:altitudeMode>
			</LookAt>
			<styleUrl>#m_ylw-pushpin</styleUrl>
			<Point>
				<gx:drawOrder>1</gx:drawOrder>
				<coordinates>-2.788237468231388,5.030260021603389,0</coordinates>
			</Point>
		</Placemark>
		<Placemark>
			<name>cocoa90</name>
			<LookAt>
				<gx:TimeStamp><when>2017-05-30T13:47:00.992088317Z</when>
</gx:TimeStamp>
				<gx:ViewerOptions>
					<gx:option name="historicalimagery"></gx:option>
					<gx:option name="sunlight"></gx:option>
					<gx:option enabled="0" name="streetview"></gx:option>
				</gx:ViewerOptions>
				<longitude>-2.785829626203636</longitude>
				<latitude>5.030487463385152</latitude>
				<altitude>0</altitude>
				<heading>0.2429714713964809</heading>
				<tilt>30.00461554797817</tilt>
				<range>1027.712095561991</range>
				<gx:altitudeMode>relativeToSeaFloor</gx:altitudeMode>
			</LookAt>
			<styleUrl>#m_ylw-pushpin</styleUrl>
			<Point>
				<gx:drawOrder>1</gx:drawOrder>
				<coordinates>-2.787847553159688,5.028877299537015,0</coordinates>
			</Point>
		</Placemark>
		<Placemark>
			<name>cocoa91</name>
			<LookAt>
				<gx:TimeStamp><when>2017-05-30T13:47:00.992088317Z</when>
</gx:TimeStamp>
				<gx:ViewerOptions>
					<gx:option name="historicalimagery"></gx:option>
					<gx:option name="sunlight"></gx:option>
					<gx:option enabled="0" name="streetview"></gx:option>
				</gx:ViewerOptions>
				<longitude>-2.785644258986699</longitude>
				<latitude>5.030484301040462</latitude>
				<altitude>0</altitude>
				<heading>0.2427705050891769</heading>
				<tilt>29.87592911364662</tilt>
				<range>949.6229157479351</range>
				<gx:altitudeMode>relativeToSeaFloor</gx:altitudeMode>
			</LookAt>
			<styleUrl>#m_ylw-pushpin</styleUrl>
			<Point>
				<gx:drawOrder>1</gx:drawOrder>
				<coordinates>-2.785676340204501,5.032621286831917,0</coordinates>
			</Point>
		</Placemark>
		<Placemark>
			<name>cocoa92</name>
			<LookAt>
				<gx:TimeStamp><when>2017-05-30T13:47:00.992088317Z</when>
</gx:TimeStamp>
				<gx:ViewerOptions>
					<gx:option name="historicalimagery"></gx:option>
					<gx:option name="sunlight"></gx:option>
					<gx:option enabled="0" name="streetview"></gx:option>
				</gx:ViewerOptions>
				<longitude>-2.785644258986699</longitude>
				<latitude>5.030484301040462</latitude>
				<altitude>0</altitude>
				<heading>0.2427705050891769</heading>
				<tilt>29.87592911364662</tilt>
				<range>949.6229157479351</range>
				<gx:altitudeMode>relativeToSeaFloor</gx:altitudeMode>
			</LookAt>
			<styleUrl>#m_ylw-pushpin</styleUrl>
			<Point>
				<gx:drawOrder>1</gx:drawOrder>
				<coordinates>-2.784779225763478,5.028014919535589,0</coordinates>
			</Point>
		</Placemark>
		<Placemark>
			<name>cocoa93</name>
			<LookAt>
				<gx:TimeStamp><when>2017-05-30T13:47:00.992088317Z</when>
</gx:TimeStamp>
				<gx:ViewerOptions>
					<gx:option name="historicalimagery"></gx:option>
					<gx:option name="sunlight"></gx:option>
					<gx:option enabled="0" name="streetview"></gx:option>
				</gx:ViewerOptions>
				<longitude>-2.785644258986699</longitude>
				<latitude>5.030484301040462</latitude>
				<altitude>0</altitude>
				<heading>0.2427705050891769</heading>
				<tilt>29.87592911364662</tilt>
				<range>949.6229157479351</range>
				<gx:altitudeMode>relativeToSeaFloor</gx:altitudeMode>
			</LookAt>
			<styleUrl>#m_ylw-pushpin</styleUrl>
			<Point>
				<gx:drawOrder>1</gx:drawOrder>
				<coordinates>-2.782492324558821,5.02844082164327,0</coordinates>
			</Point>
		</Placemark>
		<Placemark>
			<name>cocoa94</name>
			<LookAt>
				<gx:TimeStamp><when>2017-05-30T13:47:00.992088317Z</when>
</gx:TimeStamp>
				<gx:ViewerOptions>
					<gx:option name="historicalimagery"></gx:option>
					<gx:option name="sunlight"></gx:option>
					<gx:option enabled="0" name="streetview"></gx:option>
				</gx:ViewerOptions>
				<longitude>-2.785644258986699</longitude>
				<latitude>5.030484301040462</latitude>
				<altitude>0</altitude>
				<heading>0.2427705050891769</heading>
				<tilt>29.87592911364662</tilt>
				<range>949.6229157479351</range>
				<gx:altitudeMode>relativeToSeaFloor</gx:altitudeMode>
			</LookAt>
			<styleUrl>#m_ylw-pushpin</styleUrl>
			<Point>
				<gx:drawOrder>1</gx:drawOrder>
				<coordinates>-2.78840204216432,5.031418337881156,0</coordinates>
			</Point>
		</Placemark>
		<Placemark>
			<name>cocoa95</name>
			<LookAt>
				<gx:TimeStamp><when>2017-05-30T13:47:00.992088317Z</when>
</gx:TimeStamp>
				<gx:ViewerOptions>
					<gx:option name="historicalimagery"></gx:option>
					<gx:option name="sunlight"></gx:option>
					<gx:option enabled="0" name="streetview"></gx:option>
				</gx:ViewerOptions>
				<longitude>-2.785644258986699</longitude>
				<latitude>5.030484301040462</latitude>
				<altitude>0</altitude>
				<heading>0.2427705050891769</heading>
				<tilt>29.87592911364662</tilt>
				<range>949.6229157479351</range>
				<gx:altitudeMode>relativeToSeaFloor</gx:altitudeMode>
			</LookAt>
			<styleUrl>#m_ylw-pushpin</styleUrl>
			<Point>
				<gx:drawOrder>1</gx:drawOrder>
				<coordinates>-2.786552947971187,5.028573155058094,0</coordinates>
			</Point>
		</Placemark>
		<Placemark>
			<name>cocoa96</name>
			<LookAt>
				<gx:TimeStamp><when>2017-05-30T13:47:00.992088317Z</when>
</gx:TimeStamp>
				<gx:ViewerOptions>
					<gx:option name="historicalimagery"></gx:option>
					<gx:option name="sunlight"></gx:option>
					<gx:option enabled="0" name="streetview"></gx:option>
				</gx:ViewerOptions>
				<longitude>-2.785644258986699</longitude>
				<latitude>5.030484301040462</latitude>
				<altitude>0</altitude>
				<heading>0.2427705050891769</heading>
				<tilt>29.87592911364662</tilt>
				<range>949.6229157479351</range>
				<gx:altitudeMode>relativeToSeaFloor</gx:altitudeMode>
			</LookAt>
			<styleUrl>#m_ylw-pushpin</styleUrl>
			<Point>
				<gx:drawOrder>1</gx:drawOrder>
				<coordinates>-2.783365940094533,5.029560193959796,0</coordinates>
			</Point>
		</Placemark>
		<Placemark>
			<name>cocoa97</name>
			<LookAt>
				<gx:TimeStamp><when>2017-05-30T13:47:00.992088317Z</when>
</gx:TimeStamp>
				<gx:ViewerOptions>
					<gx:option name="historicalimagery"></gx:option>
					<gx:option name="sunlight"></gx:option>
					<gx:option enabled="0" name="streetview"></gx:option>
				</gx:ViewerOptions>
				<longitude>-2.788569289095934</longitude>
				<latitude>5.032859474128785</latitude>
				<altitude>0</altitude>
				<heading>0.2427273348245763</heading>
				<tilt>30.00292983838978</tilt>
				<range>652.337882378182</range>
				<gx:altitudeMode>relativeToSeaFloor</gx:altitudeMode>
			</LookAt>
			<styleUrl>#m_ylw-pushpin</styleUrl>
			<Point>
				<gx:drawOrder>1</gx:drawOrder>
				<coordinates>-2.790016423388572,5.034617098749601,0</coordinates>
			</Point>
		</Placemark>
		<Placemark>
			<name>cocoa98</name>
			<LookAt>
				<gx:TimeStamp><when>2017-05-30T13:47:00.992088317Z</when>
</gx:TimeStamp>
				<gx:ViewerOptions>
					<gx:option name="historicalimagery"></gx:option>
					<gx:option name="sunlight"></gx:option>
					<gx:option enabled="0" name="streetview"></gx:option>
				</gx:ViewerOptions>
				<longitude>-2.788569289095934</longitude>
				<latitude>5.032859474128785</latitude>
				<altitude>0</altitude>
				<heading>0.2427273348245763</heading>
				<tilt>30.00292983838978</tilt>
				<range>652.337882378182</range>
				<gx:altitudeMode>relativeToSeaFloor</gx:altitudeMode>
			</LookAt>
			<styleUrl>#m_ylw-pushpin</styleUrl>
			<Point>
				<gx:drawOrder>1</gx:drawOrder>
				<coordinates>-2.791483101832097,5.032951691677955,0</coordinates>
			</Point>
		</Placemark>
		<Placemark>
			<name>cocoa99</name>
			<LookAt>
				<gx:TimeStamp><when>2017-05-30T13:47:00.992088317Z</when>
</gx:TimeStamp>
				<gx:ViewerOptions>
					<gx:option name="historicalimagery"></gx:option>
					<gx:option name="sunlight"></gx:option>
					<gx:option enabled="0" name="streetview"></gx:option>
				</gx:ViewerOptions>
				<longitude>-2.788857745553563</longitude>
				<latitude>5.032437405707962</latitude>
				<altitude>0</altitude>
				<heading>0.2427010514372997</heading>
				<tilt>30.00433687707028</tilt>
				<range>965.8066847741593</range>
				<gx:altitudeMode>relativeToSeaFloor</gx:altitudeMode>
			</LookAt>
			<styleUrl>#m_ylw-pushpin</styleUrl>
			<Point>
				<gx:drawOrder>1</gx:drawOrder>
				<coordinates>-2.791480644981564,5.034784243113487,0</coordinates>
			</Point>
		</Placemark>
		<Placemark>
			<name>cocoa100</name>
			<LookAt>
				<gx:TimeStamp><when>2017-05-30T13:47:00.992088317Z</when>
</gx:TimeStamp>
				<gx:ViewerOptions>
					<gx:option name="historicalimagery"></gx:option>
					<gx:option name="sunlight"></gx:option>
					<gx:option enabled="0" name="streetview"></gx:option>
				</gx:ViewerOptions>
				<longitude>-2.792400011643494</longitude>
				<latitude>5.036236837667734</latitude>
				<altitude>0</altitude>
				<heading>0.2423902076331995</heading>
				<tilt>30.00433911172093</tilt>
				<range>966.3042303263323</range>
				<gx:altitudeMode>relativeToSeaFloor</gx:altitudeMode>
			</LookAt>
			<styleUrl>#m_ylw-pushpin</styleUrl>
			<Point>
				<gx:drawOrder>1</gx:drawOrder>
				<coordinates>-2.794331364653175,5.039291256720536,0</coordinates>
			</Point>
		</Placemark>
		<Placemark>
			<name>cocoa101</name>
			<LookAt>
				<gx:TimeStamp><when>2017-05-30T13:47:00.992088317Z</when>
</gx:TimeStamp>
				<gx:ViewerOptions>
					<gx:option name="historicalimagery"></gx:option>
					<gx:option name="sunlight"></gx:option>
					<gx:option enabled="0" name="streetview"></gx:option>
				</gx:ViewerOptions>
				<longitude>-2.792310104420249</longitude>
				<latitude>5.036091539691736</latitude>
				<altitude>0</altitude>
				<heading>0.2423459776559253</heading>
				<tilt>29.97174831158971</tilt>
				<range>789.4078001912661</range>
				<gx:altitudeMode>relativeToSeaFloor</gx:altitudeMode>
			</LookAt>
			<styleUrl>#m_ylw-pushpin</styleUrl>
			<Point>
				<gx:drawOrder>1</gx:drawOrder>
				<coordinates>-2.791321025517219,5.037005607551828,0</coordinates>
			</Point>
		</Placemark>
		<Placemark>
			<name>cocoa102</name>
			<LookAt>
				<gx:TimeStamp><when>2017-07-22T09:42:39.687423706Z</when>
</gx:TimeStamp>
				<gx:ViewerOptions>
					<gx:option name="historicalimagery"></gx:option>
					<gx:option name="sunlight"></gx:option>
					<gx:option enabled="0" name="streetview"></gx:option>
				</gx:ViewerOptions>
				<longitude>-1.729660890699333</longitude>
				<latitude>6.200745695484489</latitude>
				<altitude>0</altitude>
				<heading>0.2536390931559372</heading>
				<tilt>18.45305926483568</tilt>
				<range>1301.129595772023</range>
				<gx:altitudeMode>relativeToSeaFloor</gx:altitudeMode>
			</LookAt>
			<styleUrl>#m_ylw-pushpin</styleUrl>
			<Point>
				<gx:drawOrder>1</gx:drawOrder>
				<coordinates>-1.734141175840237,6.199546837649177,0</coordinates>
			</Point>
		</Placemark>
		<Placemark>
			<name>cocoa103</name>
			<LookAt>
				<gx:TimeStamp><when>2017-07-22T09:42:39.687423706Z</when>
</gx:TimeStamp>
				<gx:ViewerOptions>
					<gx:option name="historicalimagery"></gx:option>
					<gx:option name="sunlight"></gx:option>
					<gx:option enabled="0" name="streetview"></gx:option>
				</gx:ViewerOptions>
				<longitude>-1.729660890699333</longitude>
				<latitude>6.200745695484489</latitude>
				<altitude>0</altitude>
				<heading>0.2536390931559372</heading>
				<tilt>18.45305926483568</tilt>
				<range>1301.129595772023</range>
				<gx:altitudeMode>relativeToSeaFloor</gx:altitudeMode>
			</LookAt>
			<styleUrl>#m_ylw-pushpin</styleUrl>
			<Point>
				<gx:drawOrder>1</gx:drawOrder>
				<coordinates>-1.733312377495673,6.198134033586774,0</coordinates>
			</Point>
		</Placemark>
		<Placemark>
			<name>cocoa104</name>
			<LookAt>
				<gx:TimeStamp><when>2017-07-22T09:42:39.687423706Z</when>
</gx:TimeStamp>
				<gx:ViewerOptions>
					<gx:option name="historicalimagery"></gx:option>
					<gx:option name="sunlight"></gx:option>
					<gx:option enabled="0" name="streetview"></gx:option>
				</gx:ViewerOptions>
				<longitude>-1.729660890699333</longitude>
				<latitude>6.200745695484489</latitude>
				<altitude>0</altitude>
				<heading>0.2536390931559372</heading>
				<tilt>18.45305926483568</tilt>
				<range>1301.129595772023</range>
				<gx:altitudeMode>relativeToSeaFloor</gx:altitudeMode>
			</LookAt>
			<styleUrl>#m_ylw-pushpin</styleUrl>
			<Point>
				<gx:drawOrder>1</gx:drawOrder>
				<coordinates>-1.735866352653422,6.204214656954679,0</coordinates>
			</Point>
		</Placemark>
		<Placemark>
			<name>cocoa105</name>
			<LookAt>
				<gx:TimeStamp><when>2017-07-22T09:42:39.687423706Z</when>
</gx:TimeStamp>
				<gx:ViewerOptions>
					<gx:option name="historicalimagery"></gx:option>
					<gx:option name="sunlight"></gx:option>
					<gx:option enabled="0" name="streetview"></gx:option>
				</gx:ViewerOptions>
				<longitude>-1.734302717730162</longitude>
				<latitude>6.200204807316486</latitude>
				<altitude>0</altitude>
				<heading>0.2513249870144196</heading>
				<tilt>18.79973301047641</tilt>
				<range>1323.103817535096</range>
				<gx:altitudeMode>relativeToSeaFloor</gx:altitudeMode>
			</LookAt>
			<styleUrl>#m_ylw-pushpin</styleUrl>
			<Point>
				<gx:drawOrder>1</gx:drawOrder>
				<coordinates>-1.738441042528264,6.198073450564599,0</coordinates>
			</Point>
		</Placemark>
		<Placemark>
			<name>cocoa106</name>
			<LookAt>
				<gx:TimeStamp><when>2017-07-22T09:42:39.687423706Z</when>
</gx:TimeStamp>
				<gx:ViewerOptions>
					<gx:option name="historicalimagery"></gx:option>
					<gx:option name="sunlight"></gx:option>
					<gx:option enabled="0" name="streetview"></gx:option>
				</gx:ViewerOptions>
				<longitude>-1.736369710729353</longitude>
				<latitude>6.200318257516504</latitude>
				<altitude>0</altitude>
				<heading>0.2481638245672426</heading>
				<tilt>19.40176764186954</tilt>
				<range>719.7087228113037</range>
				<gx:altitudeMode>relativeToSeaFloor</gx:altitudeMode>
			</LookAt>
			<styleUrl>#m_ylw-pushpin</styleUrl>
			<Point>
				<gx:drawOrder>1</gx:drawOrder>
				<coordinates>-1.739724029134169,6.202015570235037,0</coordinates>
			</Point>
		</Placemark>
		<Placemark>
			<name>cocoa107</name>
			<LookAt>
				<gx:TimeStamp><when>2017-07-22T09:42:39.687423706Z</when>
</gx:TimeStamp>
				<gx:ViewerOptions>
					<gx:option name="historicalimagery"></gx:option>
					<gx:option name="sunlight"></gx:option>
					<gx:option enabled="0" name="streetview"></gx:option>
				</gx:ViewerOptions>
				<longitude>-1.736369710729353</longitude>
				<latitude>6.200318257516504</latitude>
				<altitude>0</altitude>
				<heading>0.2481638245672426</heading>
				<tilt>19.40176764186954</tilt>
				<range>719.7087228113037</range>
				<gx:altitudeMode>relativeToSeaFloor</gx:altitudeMode>
			</LookAt>
			<styleUrl>#m_ylw-pushpin</styleUrl>
			<Point>
				<gx:drawOrder>1</gx:drawOrder>
				<coordinates>-1.735679174955331,6.201147129180446,0</coordinates>
			</Point>
		</Placemark>
		<Placemark>
			<name>cocoa108</name>
			<LookAt>
				<gx:TimeStamp><when>2017-07-22T09:42:39.687423706Z</when>
</gx:TimeStamp>
				<gx:ViewerOptions>
					<gx:option name="historicalimagery"></gx:option>
					<gx:option name="sunlight"></gx:option>
					<gx:option enabled="0" name="streetview"></gx:option>
				</gx:ViewerOptions>
				<longitude>-1.730967168559813</longitude>
				<latitude>6.203029748750861</latitude>
				<altitude>0</altitude>
				<heading>0.2258761916979373</heading>
				<tilt>25.7090802894012</tilt>
				<range>1586.390861428841</range>
				<gx:altitudeMode>relativeToSeaFloor</gx:altitudeMode>
			</LookAt>
			<styleUrl>#m_ylw-pushpin</styleUrl>
			<Point>
				<gx:drawOrder>1</gx:drawOrder>
				<coordinates>-1.73126555027258,6.202871342282246,0</coordinates>
			</Point>
		</Placemark>
		<Placemark>
			<name>cocoa109</name>
			<LookAt>
				<gx:TimeStamp><when>2017-07-22T09:42:39.687423706Z</when>
</gx:TimeStamp>
				<gx:ViewerOptions>
					<gx:option name="historicalimagery"></gx:option>
					<gx:option name="sunlight"></gx:option>
					<gx:option enabled="0" name="streetview"></gx:option>
				</gx:ViewerOptions>
				<longitude>-1.734485572187278</longitude>
				<latitude>6.211667235431809</latitude>
				<altitude>0</altitude>
				<heading>0.2272532173813617</heading>
				<tilt>25.05806519198246</tilt>
				<range>924.1668688528367</range>
				<gx:altitudeMode>relativeToSeaFloor</gx:altitudeMode>
			</LookAt>
			<styleUrl>#m_ylw-pushpin</styleUrl>
			<Point>
				<gx:drawOrder>1</gx:drawOrder>
				<coordinates>-1.734177663510402,6.213653928532241,0</coordinates>
			</Point>
		</Placemark>
		<Placemark>
			<name>cocoa129</name>
			<LookAt>
				<gx:TimeStamp><when>2017-07-22T09:42:39.687423706Z</when>
</gx:TimeStamp>
				<gx:ViewerOptions>
					<gx:option name="historicalimagery"></gx:option>
					<gx:option name="sunlight"></gx:option>
					<gx:option enabled="0" name="streetview"></gx:option>
				</gx:ViewerOptions>
				<longitude>-1.691854843401532</longitude>
				<latitude>6.236226680629896</latitude>
				<altitude>0</altitude>
				<heading>0.2224709087929873</heading>
				<tilt>28.81111212344763</tilt>
				<range>649.3025207259765</range>
				<gx:altitudeMode>relativeToSeaFloor</gx:altitudeMode>
			</LookAt>
			<styleUrl>#m_ylw-pushpin</styleUrl>
			<Point>
				<gx:drawOrder>1</gx:drawOrder>
				<coordinates>-1.691603142917677,6.237773482854449,0</coordinates>
			</Point>
		</Placemark>
		<Placemark>
			<name>cocoa110</name>
			<LookAt>
				<gx:TimeStamp><when>2017-07-22T09:42:39.687423706Z</when>
</gx:TimeStamp>
				<gx:ViewerOptions>
					<gx:option name="historicalimagery"></gx:option>
					<gx:option name="sunlight"></gx:option>
					<gx:option enabled="0" name="streetview"></gx:option>
				</gx:ViewerOptions>
				<longitude>-1.731610177864774</longitude>
				<latitude>6.211471823014601</latitude>
				<altitude>0</altitude>
				<heading>0.2275642860297538</heading>
				<tilt>25.05805169634589</tilt>
				<range>920.6196407598743</range>
				<gx:altitudeMode>relativeToSeaFloor</gx:altitudeMode>
			</LookAt>
			<styleUrl>#m_ylw-pushpin</styleUrl>
			<Point>
				<gx:drawOrder>1</gx:drawOrder>
				<coordinates>-1.733654944586637,6.209478801222725,0</coordinates>
			</Point>
		</Placemark>
		<Placemark>
			<name>cocoa111</name>
			<LookAt>
				<gx:TimeStamp><when>2017-07-22T09:42:39.687423706Z</when>
</gx:TimeStamp>
				<gx:ViewerOptions>
					<gx:option name="historicalimagery"></gx:option>
					<gx:option name="sunlight"></gx:option>
					<gx:option enabled="0" name="streetview"></gx:option>
				</gx:ViewerOptions>
				<longitude>-1.728501368753393</longitude>
				<latitude>6.210988645593568</latitude>
				<altitude>0</altitude>
				<heading>0.2279006000657539</heading>
				<tilt>25.05802996516387</tilt>
				<range>914.9077814636451</range>
				<gx:altitudeMode>relativeToSeaFloor</gx:altitudeMode>
			</LookAt>
			<styleUrl>#m_ylw-pushpin</styleUrl>
			<Point>
				<gx:drawOrder>1</gx:drawOrder>
				<coordinates>-1.729319582231574,6.210035893342035,0</coordinates>
			</Point>
		</Placemark>
		<Placemark>
			<name>cocoa112</name>
			<LookAt>
				<gx:TimeStamp><when>2017-07-22T09:42:39.687423706Z</when>
</gx:TimeStamp>
				<gx:ViewerOptions>
					<gx:option name="historicalimagery"></gx:option>
					<gx:option name="sunlight"></gx:option>
					<gx:option enabled="0" name="streetview"></gx:option>
				</gx:ViewerOptions>
				<longitude>-1.72626043056498</longitude>
				<latitude>6.210782539859735</latitude>
				<altitude>0</altitude>
				<heading>0.2281427740921214</heading>
				<tilt>25.06162413374719</tilt>
				<range>1818.29548750587</range>
				<gx:altitudeMode>relativeToSeaFloor</gx:altitudeMode>
			</LookAt>
			<styleUrl>#m_ylw-pushpin</styleUrl>
			<Point>
				<gx:drawOrder>1</gx:drawOrder>
				<coordinates>-1.724208953225815,6.21619521453449,0</coordinates>
			</Point>
		</Placemark>
		<Placemark>
			<name>cocoa113</name>
			<LookAt>
				<gx:TimeStamp><when>2017-07-22T09:42:39.687423706Z</when>
</gx:TimeStamp>
				<gx:ViewerOptions>
					<gx:option name="historicalimagery"></gx:option>
					<gx:option name="sunlight"></gx:option>
					<gx:option enabled="0" name="streetview"></gx:option>
				</gx:ViewerOptions>
				<longitude>-1.701624274469761</longitude>
				<latitude>6.17735055604543</latitude>
				<altitude>0</altitude>
				<heading>0.2484216340016508</heading>
				<tilt>20.93346803841198</tilt>
				<range>1224.46937485185</range>
				<gx:altitudeMode>relativeToSeaFloor</gx:altitudeMode>
			</LookAt>
			<styleUrl>#m_ylw-pushpin</styleUrl>
			<Point>
				<gx:drawOrder>1</gx:drawOrder>
				<coordinates>-1.702223814430228,6.174968737541553,0</coordinates>
			</Point>
		</Placemark>
		<Placemark>
			<name>cocoa114</name>
			<LookAt>
				<gx:TimeStamp><when>2017-07-22T09:42:39.687423706Z</when>
</gx:TimeStamp>
				<gx:ViewerOptions>
					<gx:option name="historicalimagery"></gx:option>
					<gx:option name="sunlight"></gx:option>
					<gx:option enabled="0" name="streetview"></gx:option>
				</gx:ViewerOptions>
				<longitude>-1.701624274469761</longitude>
				<latitude>6.17735055604543</latitude>
				<altitude>0</altitude>
				<heading>0.2484216340016508</heading>
				<tilt>20.93346803841198</tilt>
				<range>1224.46937485185</range>
				<gx:altitudeMode>relativeToSeaFloor</gx:altitudeMode>
			</LookAt>
			<styleUrl>#m_ylw-pushpin</styleUrl>
			<Point>
				<gx:drawOrder>1</gx:drawOrder>
				<coordinates>-1.705955317364324,6.175860278581282,0</coordinates>
			</Point>
		</Placemark>
		<Placemark>
			<name>cocoa115</name>
			<LookAt>
				<gx:TimeStamp><when>2017-07-22T09:42:39.687423706Z</when>
</gx:TimeStamp>
				<gx:ViewerOptions>
					<gx:option name="historicalimagery"></gx:option>
					<gx:option name="sunlight"></gx:option>
					<gx:option enabled="0" name="streetview"></gx:option>
				</gx:ViewerOptions>
				<longitude>-1.699288466596709</longitude>
				<latitude>6.180488399381392</latitude>
				<altitude>0</altitude>
				<heading>0.2486727728701473</heading>
				<tilt>20.9412548829654</tilt>
				<range>3651.16450472169</range>
				<gx:altitudeMode>relativeToSeaFloor</gx:altitudeMode>
			</LookAt>
			<styleUrl>#m_ylw-pushpin</styleUrl>
			<Point>
				<gx:drawOrder>1</gx:drawOrder>
				<coordinates>-1.711928114366589,6.173148241493932,0</coordinates>
			</Point>
		</Placemark>
		<Placemark>
			<name>cocoa116</name>
			<LookAt>
				<gx:TimeStamp><when>2017-07-22T09:42:39.687423706Z</when>
</gx:TimeStamp>
				<gx:ViewerOptions>
					<gx:option name="historicalimagery"></gx:option>
					<gx:option name="sunlight"></gx:option>
					<gx:option enabled="0" name="streetview"></gx:option>
				</gx:ViewerOptions>
				<longitude>-1.715367197177149</longitude>
				<latitude>6.177085617972155</latitude>
				<altitude>0</altitude>
				<heading>0.2307878548051542</heading>
				<tilt>24.92499972166578</tilt>
				<range>1210.138187592757</range>
				<gx:altitudeMode>relativeToSeaFloor</gx:altitudeMode>
			</LookAt>
			<styleUrl>#m_ylw-pushpin</styleUrl>
			<Point>
				<gx:drawOrder>1</gx:drawOrder>
				<coordinates>-1.717018371106653,6.178511494728724,0</coordinates>
			</Point>
		</Placemark>
		<Placemark>
			<name>cocoa117</name>
			<LookAt>
				<gx:TimeStamp><when>2017-07-22T09:42:39.687423706Z</when>
</gx:TimeStamp>
				<gx:ViewerOptions>
					<gx:option name="historicalimagery"></gx:option>
					<gx:option name="sunlight"></gx:option>
					<gx:option enabled="0" name="streetview"></gx:option>
				</gx:ViewerOptions>
				<longitude>-1.715261100360617</longitude>
				<latitude>6.176827978721957</latitude>
				<altitude>0</altitude>
				<heading>0.2266318296518509</heading>
				<tilt>26.26733848636282</tilt>
				<range>1315.89214531657</range>
				<gx:altitudeMode>relativeToSeaFloor</gx:altitudeMode>
			</LookAt>
			<styleUrl>#m_ylw-pushpin</styleUrl>
			<Point>
				<gx:drawOrder>1</gx:drawOrder>
				<coordinates>-1.714009437805405,6.174999238425536,0</coordinates>
			</Point>
		</Placemark>
		<Placemark>
			<name>cocoa118</name>
			<LookAt>
				<gx:TimeStamp><when>2017-07-22T09:42:39.687423706Z</when>
</gx:TimeStamp>
				<gx:ViewerOptions>
					<gx:option name="historicalimagery"></gx:option>
					<gx:option name="sunlight"></gx:option>
					<gx:option enabled="0" name="streetview"></gx:option>
				</gx:ViewerOptions>
				<longitude>-1.709684486970918</longitude>
				<latitude>6.229256013283991</latitude>
				<altitude>0</altitude>
				<heading>0.2846885123441295</heading>
				<tilt>14.03879731131694</tilt>
				<range>2323.143854654742</range>
				<gx:altitudeMode>relativeToSeaFloor</gx:altitudeMode>
			</LookAt>
			<styleUrl>#m_ylw-pushpin</styleUrl>
			<Point>
				<gx:drawOrder>1</gx:drawOrder>
				<coordinates>-1.713961266951719,6.224874802828993,0</coordinates>
			</Point>
		</Placemark>
		<Placemark>
			<name>cocoa119</name>
			<LookAt>
				<gx:TimeStamp><when>2017-07-22T09:42:39.687423706Z</when>
</gx:TimeStamp>
				<gx:ViewerOptions>
					<gx:option name="historicalimagery"></gx:option>
					<gx:option name="sunlight"></gx:option>
					<gx:option enabled="0" name="streetview"></gx:option>
				</gx:ViewerOptions>
				<longitude>-1.709684486970918</longitude>
				<latitude>6.229256013283991</latitude>
				<altitude>0</altitude>
				<heading>0.2846885123441295</heading>
				<tilt>14.03879731131694</tilt>
				<range>2323.143854654742</range>
				<gx:altitudeMode>relativeToSeaFloor</gx:altitudeMode>
			</LookAt>
			<styleUrl>#m_ylw-pushpin</styleUrl>
			<Point>
				<gx:drawOrder>1</gx:drawOrder>
				<coordinates>-1.707942857049157,6.225088333162539,0</coordinates>
			</Point>
		</Placemark>
		<Placemark>
			<name>cocoa120</name>
			<LookAt>
				<gx:TimeStamp><when>2017-07-22T09:42:39.687423706Z</when>
</gx:TimeStamp>
				<gx:ViewerOptions>
					<gx:option name="historicalimagery"></gx:option>
					<gx:option name="sunlight"></gx:option>
					<gx:option enabled="0" name="streetview"></gx:option>
				</gx:ViewerOptions>
				<longitude>-1.709684486970918</longitude>
				<latitude>6.229256013283991</latitude>
				<altitude>0</altitude>
				<heading>0.2846885123441295</heading>
				<tilt>14.03879731131694</tilt>
				<range>2323.143854654742</range>
				<gx:altitudeMode>relativeToSeaFloor</gx:altitudeMode>
			</LookAt>
			<styleUrl>#m_ylw-pushpin</styleUrl>
			<Point>
				<gx:drawOrder>1</gx:drawOrder>
				<coordinates>-1.709850374072014,6.225775116905051,0</coordinates>
			</Point>
		</Placemark>
		<Placemark>
			<name>cocoa121</name>
			<LookAt>
				<gx:TimeStamp><when>2017-07-22T09:42:39.687423706Z</when>
</gx:TimeStamp>
				<gx:ViewerOptions>
					<gx:option name="historicalimagery"></gx:option>
					<gx:option name="sunlight"></gx:option>
					<gx:option enabled="0" name="streetview"></gx:option>
				</gx:ViewerOptions>
				<longitude>-1.709684486970918</longitude>
				<latitude>6.229256013283991</latitude>
				<altitude>0</altitude>
				<heading>0.2846885123441295</heading>
				<tilt>14.03879731131694</tilt>
				<range>2323.143854654742</range>
				<gx:altitudeMode>relativeToSeaFloor</gx:altitudeMode>
			</LookAt>
			<styleUrl>#m_ylw-pushpin</styleUrl>
			<Point>
				<gx:drawOrder>1</gx:drawOrder>
				<coordinates>-1.711377641758173,6.226692195321442,0</coordinates>
			</Point>
		</Placemark>
		<Placemark>
			<name>cocoa122</name>
			<LookAt>
				<gx:TimeStamp><when>2017-07-22T09:42:39.687423706Z</when>
</gx:TimeStamp>
				<gx:ViewerOptions>
					<gx:option name="historicalimagery"></gx:option>
					<gx:option name="sunlight"></gx:option>
					<gx:option enabled="0" name="streetview"></gx:option>
				</gx:ViewerOptions>
				<longitude>-1.709331989125366</longitude>
				<latitude>6.22692257474711</latitude>
				<altitude>0</altitude>
				<heading>0.2385314918794421</heading>
				<tilt>22.43674313792918</tilt>
				<range>1240.337229275079</range>
				<gx:altitudeMode>relativeToSeaFloor</gx:altitudeMode>
			</LookAt>
			<styleUrl>#m_ylw-pushpin</styleUrl>
			<Point>
				<gx:drawOrder>1</gx:drawOrder>
				<coordinates>-1.713065906383512,6.228605783988688,0</coordinates>
			</Point>
		</Placemark>
		<Placemark>
			<name>cocoa123</name>
			<LookAt>
				<gx:TimeStamp><when>2017-07-22T09:42:39.687423706Z</when>
</gx:TimeStamp>
				<gx:ViewerOptions>
					<gx:option name="historicalimagery"></gx:option>
					<gx:option name="sunlight"></gx:option>
					<gx:option enabled="0" name="streetview"></gx:option>
				</gx:ViewerOptions>
				<longitude>-1.709989310286947</longitude>
				<latitude>6.226500824931581</latitude>
				<altitude>0</altitude>
				<heading>0.2384641045982089</heading>
				<tilt>22.43932347718113</tilt>
				<range>2222.817437006453</range>
				<gx:altitudeMode>relativeToSeaFloor</gx:altitudeMode>
			</LookAt>
			<styleUrl>#m_ylw-pushpin</styleUrl>
			<Point>
				<gx:drawOrder>1</gx:drawOrder>
				<coordinates>-1.70849892935368,6.221649739874445,0</coordinates>
			</Point>
		</Placemark>
		<Placemark>
			<name>cocoa124</name>
			<LookAt>
				<gx:TimeStamp><when>2017-07-22T09:42:39.687423706Z</when>
</gx:TimeStamp>
				<gx:ViewerOptions>
					<gx:option name="historicalimagery"></gx:option>
					<gx:option name="sunlight"></gx:option>
					<gx:option enabled="0" name="streetview"></gx:option>
				</gx:ViewerOptions>
				<longitude>-1.708633428056305</longitude>
				<latitude>6.231603209764597</latitude>
				<altitude>0</altitude>
				<heading>0.2346569175553038</heading>
				<tilt>23.61439619621287</tilt>
				<range>1136.435894786051</range>
				<gx:altitudeMode>relativeToSeaFloor</gx:altitudeMode>
			</LookAt>
			<styleUrl>#m_ylw-pushpin</styleUrl>
			<Point>
				<gx:drawOrder>1</gx:drawOrder>
				<coordinates>-1.708796915107272,6.232187730639863,0</coordinates>
			</Point>
		</Placemark>
		<Placemark>
			<name>cocoa125</name>
			<LookAt>
				<gx:TimeStamp><when>2017-07-22T09:42:39.687423706Z</when>
</gx:TimeStamp>
				<gx:ViewerOptions>
					<gx:option name="historicalimagery"></gx:option>
					<gx:option name="sunlight"></gx:option>
					<gx:option enabled="0" name="streetview"></gx:option>
				</gx:ViewerOptions>
				<longitude>-1.709195535404073</longitude>
				<latitude>6.232431643288915</latitude>
				<altitude>0</altitude>
				<heading>0.2309223102150422</heading>
				<tilt>24.80690432845008</tilt>
				<range>2119.725456854781</range>
				<gx:altitudeMode>relativeToSeaFloor</gx:altitudeMode>
			</LookAt>
			<styleUrl>#m_ylw-pushpin</styleUrl>
			<Point>
				<gx:drawOrder>1</gx:drawOrder>
				<coordinates>-1.706184691564078,6.237965481331043,0</coordinates>
			</Point>
		</Placemark>
		<Placemark>
			<name>cocoa137</name>
			<LookAt>
				<gx:TimeStamp><when>2017-07-22T09:42:39.687423706Z</when>
</gx:TimeStamp>
				<gx:ViewerOptions>
					<gx:option name="historicalimagery"></gx:option>
					<gx:option name="sunlight"></gx:option>
					<gx:option enabled="0" name="streetview"></gx:option>
				</gx:ViewerOptions>
				<longitude>-1.682408105361353</longitude>
				<latitude>6.248975575393692</latitude>
				<altitude>0</altitude>
				<heading>0.2367585818920936</heading>
				<tilt>23.63705128671514</tilt>
				<range>1699.010346189913</range>
				<gx:altitudeMode>relativeToSeaFloor</gx:altitudeMode>
			</LookAt>
			<styleUrl>#m_ylw-pushpin</styleUrl>
			<Point>
				<gx:drawOrder>1</gx:drawOrder>
				<coordinates>-1.689531803298252,6.24891337427669,0</coordinates>
			</Point>
		</Placemark>
		<Placemark>
			<name>cocoa133</name>
			<LookAt>
				<gx:TimeStamp><when>2017-07-22T09:42:39.687423706Z</when>
</gx:TimeStamp>
				<gx:ViewerOptions>
					<gx:option name="historicalimagery"></gx:option>
					<gx:option name="sunlight"></gx:option>
					<gx:option enabled="0" name="streetview"></gx:option>
				</gx:ViewerOptions>
				<longitude>-1.680782212382671</longitude>
				<latitude>6.240822554470885</latitude>
				<altitude>0</altitude>
				<heading>0.2225268652315783</heading>
				<tilt>29.34035220343631</tilt>
				<range>1776.708792165255</range>
				<gx:altitudeMode>relativeToSeaFloor</gx:altitudeMode>
			</LookAt>
			<styleUrl>#m_ylw-pushpin</styleUrl>
			<Point>
				<gx:drawOrder>1</gx:drawOrder>
				<coordinates>-1.67632805710519,6.243755303735078,0</coordinates>
			</Point>
		</Placemark>
		<Placemark>
			<name>cocoa132</name>
			<LookAt>
				<gx:TimeStamp><when>2017-07-22T09:42:39.687423706Z</when>
</gx:TimeStamp>
				<gx:ViewerOptions>
					<gx:option name="historicalimagery"></gx:option>
					<gx:option name="sunlight"></gx:option>
					<gx:option enabled="0" name="streetview"></gx:option>
				</gx:ViewerOptions>
				<longitude>-1.680782212382671</longitude>
				<latitude>6.240822554470885</latitude>
				<altitude>0</altitude>
				<heading>0.2225268652315783</heading>
				<tilt>29.34035220343631</tilt>
				<range>1776.708792165255</range>
				<gx:altitudeMode>relativeToSeaFloor</gx:altitudeMode>
			</LookAt>
			<styleUrl>#m_ylw-pushpin</styleUrl>
			<Point>
				<gx:drawOrder>1</gx:drawOrder>
				<coordinates>-1.682758461887683,6.244398098661077,0</coordinates>
			</Point>
		</Placemark>
		<Placemark>
			<name>cocoa131</name>
			<LookAt>
				<gx:TimeStamp><when>2017-07-22T09:42:39.687423706Z</when>
</gx:TimeStamp>
				<gx:ViewerOptions>
					<gx:option name="historicalimagery"></gx:option>
					<gx:option name="sunlight"></gx:option>
					<gx:option enabled="0" name="streetview"></gx:option>
				</gx:ViewerOptions>
				<longitude>-1.690841442620871</longitude>
				<latitude>6.237347512518067</latitude>
				<altitude>0</altitude>
				<heading>0.2214338267705156</heading>
				<tilt>29.33746301458512</tilt>
				<range>1112.034069638751</range>
				<gx:altitudeMode>relativeToSeaFloor</gx:altitudeMode>
			</LookAt>
			<styleUrl>#m_ylw-pushpin</styleUrl>
			<Point>
				<gx:drawOrder>1</gx:drawOrder>
				<coordinates>-1.690715965468362,6.240670461496241,0</coordinates>
			</Point>
		</Placemark>
		<Placemark>
			<name>cocoa126</name>
			<LookAt>
				<gx:TimeStamp><when>2017-07-22T09:42:39.687423706Z</when>
</gx:TimeStamp>
				<gx:ViewerOptions>
					<gx:option name="historicalimagery"></gx:option>
					<gx:option name="sunlight"></gx:option>
					<gx:option enabled="0" name="streetview"></gx:option>
				</gx:ViewerOptions>
				<longitude>-1.698018023086736</longitude>
				<latitude>6.234268564778032</latitude>
				<altitude>0</altitude>
				<heading>0.2197243226574759</heading>
				<tilt>29.77189425244462</tilt>
				<range>892.8119410226514</range>
				<gx:altitudeMode>relativeToSeaFloor</gx:altitudeMode>
			</LookAt>
			<styleUrl>#m_ylw-pushpin</styleUrl>
			<Point>
				<gx:drawOrder>1</gx:drawOrder>
				<coordinates>-1.698777926589728,6.234087277987148,0</coordinates>
			</Point>
		</Placemark>
		<Placemark>
			<name>cocoa127</name>
			<LookAt>
				<gx:TimeStamp><when>2017-07-22T09:42:39.687423706Z</when>
</gx:TimeStamp>
				<gx:ViewerOptions>
					<gx:option name="historicalimagery"></gx:option>
					<gx:option name="sunlight"></gx:option>
					<gx:option enabled="0" name="streetview"></gx:option>
				</gx:ViewerOptions>
				<longitude>-1.698152309726454</longitude>
				<latitude>6.234990245648465</latitude>
				<altitude>0</altitude>
				<heading>0.2201804472216019</heading>
				<tilt>29.55200744666497</tilt>
				<range>1168.311737763246</range>
				<gx:altitudeMode>relativeToSeaFloor</gx:altitudeMode>
			</LookAt>
			<styleUrl>#m_ylw-pushpin</styleUrl>
			<Point>
				<gx:drawOrder>1</gx:drawOrder>
				<coordinates>-1.696673433822826,6.234697037039558,0</coordinates>
			</Point>
		</Placemark>
		<Placemark>
			<name>cocoa128</name>
			<LookAt>
				<gx:TimeStamp><when>2017-07-22T09:42:39.687423706Z</when>
</gx:TimeStamp>
				<gx:ViewerOptions>
					<gx:option name="historicalimagery"></gx:option>
					<gx:option name="sunlight"></gx:option>
					<gx:option enabled="0" name="streetview"></gx:option>
				</gx:ViewerOptions>
				<longitude>-1.691854843401532</longitude>
				<latitude>6.236226680629896</latitude>
				<altitude>0</altitude>
				<heading>0.2224709087929873</heading>
				<tilt>28.81111212344763</tilt>
				<range>649.3025207259765</range>
				<gx:altitudeMode>relativeToSeaFloor</gx:altitudeMode>
			</LookAt>
			<styleUrl>#m_ylw-pushpin</styleUrl>
			<Point>
				<gx:drawOrder>1</gx:drawOrder>
				<coordinates>-1.692980134316522,6.236512313400108,0</coordinates>
			</Point>
		</Placemark>
		<Placemark>
			<name>cocoa130</name>
			<LookAt>
				<gx:TimeStamp><when>2017-07-22T09:42:39.687423706Z</when>
</gx:TimeStamp>
				<gx:ViewerOptions>
					<gx:option name="historicalimagery"></gx:option>
					<gx:option name="sunlight"></gx:option>
					<gx:option enabled="0" name="streetview"></gx:option>
				</gx:ViewerOptions>
				<longitude>-1.695646522919334</longitude>
				<latitude>6.231455980791379</latitude>
				<altitude>0</altitude>
				<heading>0.2220611469182413</heading>
				<tilt>28.81058554196023</tilt>
				<range>768.0107858437523</range>
				<gx:altitudeMode>relativeToSeaFloor</gx:altitudeMode>
			</LookAt>
			<styleUrl>#m_ylw-pushpin</styleUrl>
			<Point>
				<gx:drawOrder>1</gx:drawOrder>
				<coordinates>-1.697354743927819,6.231895516077461,0</coordinates>
			</Point>
		</Placemark>
		<Placemark>
			<name>cocoa135</name>
			<LookAt>
				<gx:TimeStamp><when>2017-07-22T09:42:39.687423706Z</when>
</gx:TimeStamp>
				<gx:ViewerOptions>
					<gx:option name="historicalimagery"></gx:option>
					<gx:option name="sunlight"></gx:option>
					<gx:option enabled="0" name="streetview"></gx:option>
				</gx:ViewerOptions>
				<longitude>-1.681659073741184</longitude>
				<latitude>6.247494135423524</latitude>
				<altitude>0</altitude>
				<heading>0.236840092154807</heading>
				<tilt>23.63313534630583</tilt>
				<range>611.477315029962</range>
				<gx:altitudeMode>relativeToSeaFloor</gx:altitudeMode>
			</LookAt>
			<styleUrl>#m_ylw-pushpin</styleUrl>
			<Point>
				<gx:drawOrder>1</gx:drawOrder>
				<coordinates>-1.683355998113573,6.246569632718137,0</coordinates>
			</Point>
		</Placemark>
		<Placemark>
			<name>cocoa134</name>
			<LookAt>
				<gx:TimeStamp><when>2017-07-22T09:42:39.687423706Z</when>
</gx:TimeStamp>
				<gx:ViewerOptions>
					<gx:option name="historicalimagery"></gx:option>
					<gx:option name="sunlight"></gx:option>
					<gx:option enabled="0" name="streetview"></gx:option>
				</gx:ViewerOptions>
				<longitude>-1.680782212382671</longitude>
				<latitude>6.240822554470885</latitude>
				<altitude>0</altitude>
				<heading>0.2225268652315783</heading>
				<tilt>29.34035220343631</tilt>
				<range>1776.708792165255</range>
				<gx:altitudeMode>relativeToSeaFloor</gx:altitudeMode>
			</LookAt>
			<styleUrl>#m_ylw-pushpin</styleUrl>
			<Point>
				<gx:drawOrder>1</gx:drawOrder>
				<coordinates>-1.687902605426901,6.246438809280887,0</coordinates>
			</Point>
		</Placemark>
		<Placemark>
			<name>cocoa136</name>
			<LookAt>
				<gx:TimeStamp><when>2017-07-22T09:42:39.687423706Z</when>
</gx:TimeStamp>
				<gx:ViewerOptions>
					<gx:option name="historicalimagery"></gx:option>
					<gx:option name="sunlight"></gx:option>
					<gx:option enabled="0" name="streetview"></gx:option>
				</gx:ViewerOptions>
				<longitude>-1.681659073741184</longitude>
				<latitude>6.247494135423524</latitude>
				<altitude>0</altitude>
				<heading>0.236840092154807</heading>
				<tilt>23.63313534630583</tilt>
				<range>611.477315029962</range>
				<gx:altitudeMode>relativeToSeaFloor</gx:altitudeMode>
			</LookAt>
			<styleUrl>#m_ylw-pushpin</styleUrl>
			<Point>
				<gx:drawOrder>1</gx:drawOrder>
				<coordinates>-1.683712536848309,6.247285133589832,0</coordinates>
			</Point>
		</Placemark>
		<Placemark>
			<name>150</name>
			<LookAt>
				<gx:TimeStamp><when>2017-07-22T09:42:39.687423706Z</when>
</gx:TimeStamp>
				<gx:ViewerOptions>
					<gx:option name="historicalimagery"></gx:option>
					<gx:option name="sunlight"></gx:option>
					<gx:option enabled="0" name="streetview"></gx:option>
				</gx:ViewerOptions>
				<longitude>-2.4740008657279</longitude>
				<latitude>5.399354480059238</latitude>
				<altitude>0</altitude>
				<heading>0.09412100163514055</heading>
				<tilt>30.00283588210113</tilt>
				<range>631.6204252484746</range>
				<gx:altitudeMode>relativeToSeaFloor</gx:altitudeMode>
			</LookAt>
			<styleUrl>#m_ylw-pushpin</styleUrl>
			<Point>
				<gx:drawOrder>1</gx:drawOrder>
				<coordinates>-2.475698439448514,5.398753718047066,0</coordinates>
			</Point>
		</Placemark>
		<Placemark>
			<name>149</name>
			<LookAt>
				<gx:TimeStamp><when>2017-07-22T09:42:39.687423706Z</when>
</gx:TimeStamp>
				<gx:ViewerOptions>
					<gx:option name="historicalimagery"></gx:option>
					<gx:option name="sunlight"></gx:option>
					<gx:option enabled="0" name="streetview"></gx:option>
				</gx:ViewerOptions>
				<longitude>-2.483327672850423</longitude>
				<latitude>5.387762411470414</latitude>
				<altitude>0</altitude>
				<heading>0.182497357012095</heading>
				<tilt>14.68195425449038</tilt>
				<range>601.9345712421371</range>
				<gx:altitudeMode>relativeToSeaFloor</gx:altitudeMode>
			</LookAt>
			<styleUrl>#m_ylw-pushpin</styleUrl>
			<Point>
				<gx:drawOrder>1</gx:drawOrder>
				<coordinates>-2.482906028191675,5.3878354741679,0</coordinates>
			</Point>
		</Placemark>
		<Placemark>
			<name>cocoa142</name>
			<LookAt>
				<gx:TimeStamp><when>2017-07-22T09:42:39.687423706Z</when>
</gx:TimeStamp>
				<gx:ViewerOptions>
					<gx:option name="historicalimagery"></gx:option>
					<gx:option name="sunlight"></gx:option>
					<gx:option enabled="0" name="streetview"></gx:option>
				</gx:ViewerOptions>
				<longitude>-1.655366787012693</longitude>
				<latitude>6.239510011772315</latitude>
				<altitude>0</altitude>
				<heading>0.2273598835862993</heading>
				<tilt>28.23529728639044</tilt>
				<range>474.0772563454166</range>
				<gx:altitudeMode>relativeToSeaFloor</gx:altitudeMode>
			</LookAt>
			<styleUrl>#m_ylw-pushpin</styleUrl>
			<Point>
				<gx:drawOrder>1</gx:drawOrder>
				<coordinates>-1.656002726336344,6.238779083052951,0</coordinates>
			</Point>
		</Placemark>
		<Placemark>
			<name>cocoa139</name>
			<LookAt>
				<gx:TimeStamp><when>2017-07-22T09:42:39.687423706Z</when>
</gx:TimeStamp>
				<gx:ViewerOptions>
					<gx:option name="historicalimagery"></gx:option>
					<gx:option name="sunlight"></gx:option>
					<gx:option enabled="0" name="streetview"></gx:option>
				</gx:ViewerOptions>
				<longitude>-1.677474767635481</longitude>
				<latitude>6.242165792900013</latitude>
				<altitude>0</altitude>
				<heading>0.2369493054508076</heading>
				<tilt>23.75410529189964</tilt>
				<range>1616.44441046714</range>
				<gx:altitudeMode>relativeToSeaFloor</gx:altitudeMode>
			</LookAt>
			<styleUrl>#m_ylw-pushpin</styleUrl>
			<Point>
				<gx:drawOrder>1</gx:drawOrder>
				<coordinates>-1.677945153144145,6.241407714661935,0</coordinates>
			</Point>
		</Placemark>
		<Placemark>
			<name>cocoa138</name>
			<LookAt>
				<gx:TimeStamp><when>2017-07-22T09:42:39.687423706Z</when>
</gx:TimeStamp>
				<gx:ViewerOptions>
					<gx:option name="historicalimagery"></gx:option>
					<gx:option name="sunlight"></gx:option>
					<gx:option enabled="0" name="streetview"></gx:option>
				</gx:ViewerOptions>
				<longitude>-1.677474767635481</longitude>
				<latitude>6.242165792900013</latitude>
				<altitude>0</altitude>
				<heading>0.2369493054508076</heading>
				<tilt>23.75410529189964</tilt>
				<range>1616.44441046714</range>
				<gx:altitudeMode>relativeToSeaFloor</gx:altitudeMode>
			</LookAt>
			<styleUrl>#m_ylw-pushpin</styleUrl>
			<Point>
				<gx:drawOrder>1</gx:drawOrder>
				<coordinates>-1.679659404643267,6.242577594745034,0</coordinates>
			</Point>
		</Placemark>
		<Placemark>
			<name>cocoa140</name>
			<LookAt>
				<gx:TimeStamp><when>2017-07-22T09:42:39.687423706Z</when>
</gx:TimeStamp>
				<gx:ViewerOptions>
					<gx:option name="historicalimagery"></gx:option>
					<gx:option name="sunlight"></gx:option>
					<gx:option enabled="0" name="streetview"></gx:option>
				</gx:ViewerOptions>
				<longitude>-1.6517700952546</longitude>
				<latitude>6.24092578613576</latitude>
				<altitude>0</altitude>
				<heading>0.2459397909613271</heading>
				<tilt>22.23872448484922</tilt>
				<range>1166.35784986542</range>
				<gx:altitudeMode>relativeToSeaFloor</gx:altitudeMode>
			</LookAt>
			<styleUrl>#m_ylw-pushpin</styleUrl>
			<Point>
				<gx:drawOrder>1</gx:drawOrder>
				<coordinates>-1.652021366116208,6.240049101682239,0</coordinates>
			</Point>
		</Placemark>
		<Placemark>
			<name>cocoa141</name>
			<LookAt>
				<gx:TimeStamp><when>2017-07-22T09:42:39.687423706Z</when>
</gx:TimeStamp>
				<gx:ViewerOptions>
					<gx:option name="historicalimagery"></gx:option>
					<gx:option name="sunlight"></gx:option>
					<gx:option enabled="0" name="streetview"></gx:option>
				</gx:ViewerOptions>
				<longitude>-1.655565607536787</longitude>
				<latitude>6.241515231599597</latitude>
				<altitude>0</altitude>
				<heading>0.2266021711293735</heading>
				<tilt>28.54919507347723</tilt>
				<range>871.9867275321548</range>
				<gx:altitudeMode>relativeToSeaFloor</gx:altitudeMode>
			</LookAt>
			<styleUrl>#m_ylw-pushpin</styleUrl>
			<Point>
				<gx:drawOrder>1</gx:drawOrder>
				<coordinates>-1.656395223670358,6.24098082934719,0</coordinates>
			</Point>
		</Placemark>
		<Placemark>
			<name>148</name>
			<LookAt>
				<gx:TimeStamp><when>2017-07-22T09:42:39.687423706Z</when>
</gx:TimeStamp>
				<gx:ViewerOptions>
					<gx:option name="historicalimagery"></gx:option>
					<gx:option name="sunlight"></gx:option>
					<gx:option enabled="0" name="streetview"></gx:option>
				</gx:ViewerOptions>
				<longitude>-2.466607831104817</longitude>
				<latitude>5.382323610503061</latitude>
				<altitude>0</altitude>
				<heading>0.131768110850254</heading>
				<tilt>21.46388258441898</tilt>
				<range>458.0900664960224</range>
				<gx:altitudeMode>relativeToSeaFloor</gx:altitudeMode>
			</LookAt>
			<styleUrl>#m_ylw-pushpin</styleUrl>
			<Point>
				<gx:drawOrder>1</gx:drawOrder>
				<coordinates>-2.466686476392519,5.382942157055108,0</coordinates>
			</Point>
		</Placemark>
		<Placemark>
			<name>151</name>
			<LookAt>
				<gx:TimeStamp><when>2017-07-22T09:42:39.687423706Z</when>
</gx:TimeStamp>
				<gx:ViewerOptions>
					<gx:option name="historicalimagery"></gx:option>
					<gx:option name="sunlight"></gx:option>
					<gx:option enabled="0" name="streetview"></gx:option>
				</gx:ViewerOptions>
				<longitude>-2.473994834885145</longitude>
				<latitude>5.399348564073776</latitude>
				<altitude>0</altitude>
				<heading>0.09412156883851602</heading>
				<tilt>30.00283588300659</tilt>
				<range>631.620616268979</range>
				<gx:altitudeMode>relativeToSeaFloor</gx:altitudeMode>
			</LookAt>
			<styleUrl>#m_ylw-pushpin</styleUrl>
			<Point>
				<gx:drawOrder>1</gx:drawOrder>
				<coordinates>-2.47219094618655,5.399611337382956,0</coordinates>
			</Point>
		</Placemark>
		<Placemark>
			<name>154</name>
			<LookAt>
				<gx:TimeStamp><when>2017-07-22T09:42:39.687423706Z</when>
</gx:TimeStamp>
				<gx:ViewerOptions>
					<gx:option name="historicalimagery"></gx:option>
					<gx:option name="sunlight"></gx:option>
					<gx:option enabled="0" name="streetview"></gx:option>
				</gx:ViewerOptions>
				<longitude>-2.479691455228178</longitude>
				<latitude>5.293938643302011</latitude>
				<altitude>0</altitude>
				<heading>0.09130400004400833</heading>
				<tilt>23.94467637313957</tilt>
				<range>678.275029942759</range>
				<gx:altitudeMode>relativeToSeaFloor</gx:altitudeMode>
			</LookAt>
			<styleUrl>#m_ylw-pushpin</styleUrl>
			<Point>
				<gx:drawOrder>1</gx:drawOrder>
				<coordinates>-2.480492078593982,5.293347445023858,0</coordinates>
			</Point>
		</Placemark>
		<Placemark>
			<name>155</name>
			<LookAt>
				<gx:TimeStamp><when>2017-07-22T09:42:39.687423706Z</when>
</gx:TimeStamp>
				<gx:ViewerOptions>
					<gx:option name="historicalimagery"></gx:option>
					<gx:option name="sunlight"></gx:option>
					<gx:option enabled="0" name="streetview"></gx:option>
				</gx:ViewerOptions>
				<longitude>-2.478450051823486</longitude>
				<latitude>5.294375658222677</latitude>
				<altitude>0</altitude>
				<heading>0.09141853026332024</heading>
				<tilt>23.94465513954336</tilt>
				<range>672.4508174942318</range>
				<gx:altitudeMode>relativeToSeaFloor</gx:altitudeMode>
			</LookAt>
			<styleUrl>#m_ylw-pushpin</styleUrl>
			<Point>
				<gx:drawOrder>1</gx:drawOrder>
				<coordinates>-2.47735236674885,5.295106415516352,0</coordinates>
			</Point>
		</Placemark>
		<Placemark>
			<name>156</name>
			<LookAt>
				<gx:TimeStamp><when>2017-07-22T09:42:39.687423706Z</when>
</gx:TimeStamp>
				<gx:ViewerOptions>
					<gx:option name="historicalimagery"></gx:option>
					<gx:option name="sunlight"></gx:option>
					<gx:option enabled="0" name="streetview"></gx:option>
				</gx:ViewerOptions>
				<longitude>-2.480120019954165</longitude>
				<latitude>5.286058848018409</latitude>
				<altitude>0</altitude>
				<heading>0.09126531182579656</heading>
				<tilt>23.94470614056563</tilt>
				<range>686.4398659780472</range>
				<gx:altitudeMode>relativeToSeaFloor</gx:altitudeMode>
			</LookAt>
			<styleUrl>#m_ylw-pushpin</styleUrl>
			<Point>
				<gx:drawOrder>1</gx:drawOrder>
				<coordinates>-2.479028279308478,5.287216797008718,0</coordinates>
			</Point>
		</Placemark>
		<Placemark>
			<name>157</name>
			<LookAt>
				<gx:TimeStamp><when>2017-07-22T09:42:39.687423706Z</when>
</gx:TimeStamp>
				<gx:ViewerOptions>
					<gx:option name="historicalimagery"></gx:option>
					<gx:option name="sunlight"></gx:option>
					<gx:option enabled="0" name="streetview"></gx:option>
				</gx:ViewerOptions>
				<longitude>-2.480120019954165</longitude>
				<latitude>5.286058848018409</latitude>
				<altitude>0</altitude>
				<heading>0.09126531182579656</heading>
				<tilt>23.94470614056563</tilt>
				<range>686.4398659780472</range>
				<gx:altitudeMode>relativeToSeaFloor</gx:altitudeMode>
			</LookAt>
			<styleUrl>#m_ylw-pushpin</styleUrl>
			<Point>
				<gx:drawOrder>1</gx:drawOrder>
				<coordinates>-2.479326373728687,5.285058166909741,0</coordinates>
			</Point>
		</Placemark>
		<Placemark>
			<name>158</name>
			<LookAt>
				<gx:TimeStamp><when>2017-07-22T09:42:39.687423706Z</when>
</gx:TimeStamp>
				<gx:ViewerOptions>
					<gx:option name="historicalimagery"></gx:option>
					<gx:option name="sunlight"></gx:option>
					<gx:option enabled="0" name="streetview"></gx:option>
				</gx:ViewerOptions>
				<longitude>-2.478276649515303</longitude>
				<latitude>5.286302844775559</latitude>
				<altitude>0</altitude>
				<heading>0.09143510428816845</heading>
				<tilt>23.94468409336916</tilt>
				<range>680.3926067241288</range>
				<gx:altitudeMode>relativeToSeaFloor</gx:altitudeMode>
			</LookAt>
			<styleUrl>#m_ylw-pushpin</styleUrl>
			<Point>
				<gx:drawOrder>1</gx:drawOrder>
				<coordinates>-2.478147985062111,5.286225590183872,0</coordinates>
			</Point>
		</Placemark>
		<Placemark>
			<name>159</name>
			<LookAt>
				<gx:TimeStamp><when>2017-07-22T09:42:39.687423706Z</when>
</gx:TimeStamp>
				<gx:ViewerOptions>
					<gx:option name="historicalimagery"></gx:option>
					<gx:option name="sunlight"></gx:option>
					<gx:option enabled="0" name="streetview"></gx:option>
				</gx:ViewerOptions>
				<longitude>-2.475233890007359</longitude>
				<latitude>5.338513757231432</latitude>
				<altitude>0</altitude>
				<heading>0.08848737957352037</heading>
				<tilt>18.28568362805006</tilt>
				<range>1021.940864756974</range>
				<gx:altitudeMode>relativeToSeaFloor</gx:altitudeMode>
			</LookAt>
			<styleUrl>#m_ylw-pushpin</styleUrl>
			<Point>
				<gx:drawOrder>1</gx:drawOrder>
				<coordinates>-2.474255159780915,5.338645747301901,0</coordinates>
			</Point>
		</Placemark>
		<Placemark>
			<name>160</name>
			<LookAt>
				<gx:TimeStamp><when>2017-07-22T09:42:39.687423706Z</when>
</gx:TimeStamp>
				<gx:ViewerOptions>
					<gx:option name="historicalimagery"></gx:option>
					<gx:option name="sunlight"></gx:option>
					<gx:option enabled="0" name="streetview"></gx:option>
				</gx:ViewerOptions>
				<longitude>-2.452301710627698</longitude>
				<latitude>5.31802118968553</latitude>
				<altitude>0</altitude>
				<heading>0.09061961117673538</heading>
				<tilt>18.28565207982355</tilt>
				<range>1010.747456468256</range>
				<gx:altitudeMode>relativeToSeaFloor</gx:altitudeMode>
			</LookAt>
			<styleUrl>#m_ylw-pushpin</styleUrl>
			<Point>
				<gx:drawOrder>1</gx:drawOrder>
				<coordinates>-2.451706260669297,5.31811859976803,0</coordinates>
			</Point>
		</Placemark>
		<Placemark>
			<name>161</name>
			<LookAt>
				<gx:TimeStamp><when>2017-07-22T09:42:39.687423706Z</when>
</gx:TimeStamp>
				<gx:ViewerOptions>
					<gx:option name="historicalimagery"></gx:option>
					<gx:option name="sunlight"></gx:option>
					<gx:option enabled="0" name="streetview"></gx:option>
				</gx:ViewerOptions>
				<longitude>-2.445025445212078</longitude>
				<latitude>5.31324155957364</latitude>
				<altitude>0</altitude>
				<heading>0.09129379093110038</heading>
				<tilt>18.28573433856493</tilt>
				<range>1039.933040182201</range>
				<gx:altitudeMode>relativeToSeaFloor</gx:altitudeMode>
			</LookAt>
			<styleUrl>#m_ylw-pushpin</styleUrl>
			<Point>
				<gx:drawOrder>1</gx:drawOrder>
				<coordinates>-2.443845794987375,5.312833255684649,0</coordinates>
			</Point>
		</Placemark>
		<Placemark>
			<name>162</name>
			<LookAt>
				<gx:TimeStamp><when>2017-07-22T09:42:39.687423706Z</when>
</gx:TimeStamp>
				<gx:ViewerOptions>
					<gx:option name="historicalimagery"></gx:option>
					<gx:option name="sunlight"></gx:option>
					<gx:option enabled="0" name="streetview"></gx:option>
				</gx:ViewerOptions>
				<longitude>-2.445025445212078</longitude>
				<latitude>5.31324155957364</latitude>
				<altitude>0</altitude>
				<heading>0.09129379093110038</heading>
				<tilt>18.28573433856493</tilt>
				<range>1039.933040182201</range>
				<gx:altitudeMode>relativeToSeaFloor</gx:altitudeMode>
			</LookAt>
			<styleUrl>#m_ylw-pushpin</styleUrl>
			<Point>
				<gx:drawOrder>1</gx:drawOrder>
				<coordinates>-2.448180452737213,5.311764485834545,0</coordinates>
			</Point>
		</Placemark>
		<Placemark>
			<name>163</name>
			<LookAt>
				<gx:TimeStamp><when>2017-07-22T09:42:39.687423706Z</when>
</gx:TimeStamp>
				<gx:ViewerOptions>
					<gx:option name="historicalimagery"></gx:option>
					<gx:option name="sunlight"></gx:option>
					<gx:option enabled="0" name="streetview"></gx:option>
				</gx:ViewerOptions>
				<longitude>-2.4663696378585</longitude>
				<latitude>5.343359089896203</latitude>
				<altitude>0</altitude>
				<heading>0.08932034475433606</heading>
				<tilt>18.28770563529037</tilt>
				<range>1739.500135589471</range>
				<gx:altitudeMode>relativeToSeaFloor</gx:altitudeMode>
			</LookAt>
			<styleUrl>#m_ylw-pushpin</styleUrl>
			<Point>
				<gx:drawOrder>1</gx:drawOrder>
				<coordinates>-2.464146559490249,5.344449359571941,0</coordinates>
			</Point>
		</Placemark>
		<Placemark>
			<name>164</name>
			<LookAt>
				<gx:TimeStamp><when>2017-07-22T09:42:39.687423706Z</when>
</gx:TimeStamp>
				<gx:ViewerOptions>
					<gx:option name="historicalimagery"></gx:option>
					<gx:option name="sunlight"></gx:option>
					<gx:option enabled="0" name="streetview"></gx:option>
				</gx:ViewerOptions>
				<longitude>-2.480899598320746</longitude>
				<latitude>5.40025533764024</latitude>
				<altitude>0</altitude>
				<heading>0.08923847866575521</heading>
				<tilt>20.59555533149033</tilt>
				<range>1078.468740701916</range>
				<gx:altitudeMode>relativeToSeaFloor</gx:altitudeMode>
			</LookAt>
			<styleUrl>#m_ylw-pushpin</styleUrl>
			<Point>
				<gx:drawOrder>1</gx:drawOrder>
				<coordinates>-2.479897739907976,5.40229819293762,0</coordinates>
			</Point>
		</Placemark>
		<Placemark>
			<name>165</name>
			<LookAt>
				<gx:TimeStamp><when>2017-07-22T09:42:39.687423706Z</when>
</gx:TimeStamp>
				<gx:ViewerOptions>
					<gx:option name="historicalimagery"></gx:option>
					<gx:option name="sunlight"></gx:option>
					<gx:option enabled="0" name="streetview"></gx:option>
				</gx:ViewerOptions>
				<longitude>-2.480899598320746</longitude>
				<latitude>5.40025533764024</latitude>
				<altitude>0</altitude>
				<heading>0.08923847866575521</heading>
				<tilt>20.59555533149033</tilt>
				<range>1078.468740701916</range>
				<gx:altitudeMode>relativeToSeaFloor</gx:altitudeMode>
			</LookAt>
			<styleUrl>#m_ylw-pushpin</styleUrl>
			<Point>
				<gx:drawOrder>1</gx:drawOrder>
				<coordinates>-2.479586683110036,5.398063065979044,0</coordinates>
			</Point>
		</Placemark>
		<Placemark>
			<name>166</name>
			<LookAt>
				<gx:TimeStamp><when>2017-07-22T09:42:39.687423706Z</when>
</gx:TimeStamp>
				<gx:ViewerOptions>
					<gx:option name="historicalimagery"></gx:option>
					<gx:option name="sunlight"></gx:option>
					<gx:option enabled="0" name="streetview"></gx:option>
				</gx:ViewerOptions>
				<longitude>-2.481163307401908</longitude>
				<latitude>5.404506665211301</latitude>
				<altitude>0</altitude>
				<heading>0.08921347977091715</heading>
				<tilt>20.59557121871685</tilt>
				<range>1083.49642680015</range>
				<gx:altitudeMode>relativeToSeaFloor</gx:altitudeMode>
			</LookAt>
			<styleUrl>#m_ylw-pushpin</styleUrl>
			<Point>
				<gx:drawOrder>1</gx:drawOrder>
				<coordinates>-2.479976182506633,5.406814329852073,0</coordinates>
			</Point>
		</Placemark>
		<Placemark>
			<name>167</name>
			<LookAt>
				<gx:TimeStamp><when>2017-07-22T09:42:39.687423706Z</when>
</gx:TimeStamp>
				<gx:ViewerOptions>
					<gx:option name="historicalimagery"></gx:option>
					<gx:option name="sunlight"></gx:option>
					<gx:option enabled="0" name="streetview"></gx:option>
				</gx:ViewerOptions>
				<longitude>-2.481163307401908</longitude>
				<latitude>5.404506665211301</latitude>
				<altitude>0</altitude>
				<heading>0.08921347977091715</heading>
				<tilt>20.59557121871685</tilt>
				<range>1083.49642680015</range>
				<gx:altitudeMode>relativeToSeaFloor</gx:altitudeMode>
			</LookAt>
			<styleUrl>#m_ylw-pushpin</styleUrl>
			<Point>
				<gx:drawOrder>1</gx:drawOrder>
				<coordinates>-2.479544168879091,5.406380454292859,0</coordinates>
			</Point>
		</Placemark>
		<Placemark>
			<name>cocoa168</name>
			<LookAt>
				<gx:TimeStamp><when>2017-07-22T09:42:39.687423706Z</when>
</gx:TimeStamp>
				<gx:ViewerOptions>
					<gx:option name="historicalimagery"></gx:option>
					<gx:option name="sunlight"></gx:option>
					<gx:option enabled="0" name="streetview"></gx:option>
				</gx:ViewerOptions>
				<longitude>-2.471159342037206</longitude>
				<latitude>5.398021239827327</latitude>
				<altitude>0</altitude>
				<heading>0.09245397065468917</heading>
				<tilt>26.96705523090834</tilt>
				<range>453.6861046340694</range>
				<gx:altitudeMode>relativeToSeaFloor</gx:altitudeMode>
			</LookAt>
			<styleUrl>#m_ylw-pushpin</styleUrl>
			<Point>
				<gx:drawOrder>1</gx:drawOrder>
				<coordinates>-2.470894443858114,5.398204544729542,0</coordinates>
			</Point>
		</Placemark>
		<Placemark>
			<name>cocoa169</name>
			<LookAt>
				<gx:TimeStamp><when>2017-07-22T09:42:39.687423706Z</when>
</gx:TimeStamp>
				<gx:ViewerOptions>
					<gx:option name="historicalimagery"></gx:option>
					<gx:option name="sunlight"></gx:option>
					<gx:option enabled="0" name="streetview"></gx:option>
				</gx:ViewerOptions>
				<longitude>-2.473386119641434</longitude>
				<latitude>5.394754324793946</latitude>
				<altitude>0</altitude>
				<heading>0.09224475230013386</heading>
				<tilt>26.96896988694817</tilt>
				<range>923.7719335486312</range>
				<gx:altitudeMode>relativeToSeaFloor</gx:altitudeMode>
			</LookAt>
			<styleUrl>#m_ylw-pushpin</styleUrl>
			<Point>
				<gx:drawOrder>1</gx:drawOrder>
				<coordinates>-2.472532989306477,5.39329232422923,0</coordinates>
			</Point>
		</Placemark>
		<Placemark>
			<name>cocoa170</name>
			<LookAt>
				<gx:TimeStamp><when>2017-07-22T09:42:39.687423706Z</when>
</gx:TimeStamp>
				<gx:ViewerOptions>
					<gx:option name="historicalimagery"></gx:option>
					<gx:option name="sunlight"></gx:option>
					<gx:option enabled="0" name="streetview"></gx:option>
				</gx:ViewerOptions>
				<longitude>-2.473386119641434</longitude>
				<latitude>5.394754324793946</latitude>
				<altitude>0</altitude>
				<heading>0.09224475230013386</heading>
				<tilt>26.96896988694817</tilt>
				<range>923.7719335486312</range>
				<gx:altitudeMode>relativeToSeaFloor</gx:altitudeMode>
			</LookAt>
			<styleUrl>#m_ylw-pushpin</styleUrl>
			<Point>
				<gx:drawOrder>1</gx:drawOrder>
				<coordinates>-2.475143169482966,5.392984365127052,0</coordinates>
			</Point>
		</Placemark>
		<Placemark>
			<name>cocoa171</name>
			<LookAt>
				<gx:TimeStamp><when>2017-07-22T09:42:39.687423706Z</when>
</gx:TimeStamp>
				<gx:ViewerOptions>
					<gx:option name="historicalimagery"></gx:option>
					<gx:option name="sunlight"></gx:option>
					<gx:option enabled="0" name="streetview"></gx:option>
				</gx:ViewerOptions>
				<longitude>-2.468333960278513</longitude>
				<latitude>5.392714527835202</latitude>
				<altitude>0</altitude>
				<heading>0.09271853905953431</heading>
				<tilt>26.96942457941965</tilt>
				<range>1491.622381939922</range>
				<gx:altitudeMode>relativeToSeaFloor</gx:altitudeMode>
			</LookAt>
			<styleUrl>#m_ylw-pushpin</styleUrl>
			<Point>
				<gx:drawOrder>1</gx:drawOrder>
				<coordinates>-2.470686007068096,5.391512363013473,0</coordinates>
			</Point>
		</Placemark>
		<Placemark>
			<name>cocoa172</name>
			<LookAt>
				<gx:TimeStamp><when>2017-07-22T09:42:39.687423706Z</when>
</gx:TimeStamp>
				<gx:ViewerOptions>
					<gx:option name="historicalimagery"></gx:option>
					<gx:option name="sunlight"></gx:option>
					<gx:option enabled="0" name="streetview"></gx:option>
				</gx:ViewerOptions>
				<longitude>-2.468281008547253</longitude>
				<latitude>5.390255750672971</latitude>
				<altitude>0</altitude>
				<heading>0.09272348721037574</heading>
				<tilt>26.97027568899179</tilt>
				<range>1700.580477847867</range>
				<gx:altitudeMode>relativeToSeaFloor</gx:altitudeMode>
			</LookAt>
			<styleUrl>#m_ylw-pushpin</styleUrl>
			<Point>
				<gx:drawOrder>1</gx:drawOrder>
				<coordinates>-2.470516823881336,5.388792742541211,0</coordinates>
			</Point>
		</Placemark>
		<Placemark>
			<name>cocoa173</name>
			<LookAt>
				<gx:TimeStamp><when>2017-07-22T09:42:39.687423706Z</when>
</gx:TimeStamp>
				<gx:ViewerOptions>
					<gx:option name="historicalimagery"></gx:option>
					<gx:option name="sunlight"></gx:option>
					<gx:option enabled="0" name="streetview"></gx:option>
				</gx:ViewerOptions>
				<longitude>-2.467483239185762</longitude>
				<latitude>5.390459446568911</latitude>
				<altitude>0</altitude>
				<heading>0.09279841396822998</heading>
				<tilt>26.97027387345825</tilt>
				<range>1700.134566644566</range>
				<gx:altitudeMode>relativeToSeaFloor</gx:altitudeMode>
			</LookAt>
			<styleUrl>#m_ylw-pushpin</styleUrl>
			<Point>
				<gx:drawOrder>1</gx:drawOrder>
				<coordinates>-2.471245839694952,5.387712821007734,0</coordinates>
			</Point>
		</Placemark>
		<Placemark>
			<name>cocoa174</name>
			<LookAt>
				<gx:TimeStamp><when>2017-07-22T09:42:39.687423706Z</when>
</gx:TimeStamp>
				<gx:ViewerOptions>
					<gx:option name="historicalimagery"></gx:option>
					<gx:option name="sunlight"></gx:option>
					<gx:option enabled="0" name="streetview"></gx:option>
				</gx:ViewerOptions>
				<longitude>-1.943296385412492</longitude>
				<latitude>5.347769612803711</latitude>
				<altitude>0</altitude>
				<heading>0.1711155092668835</heading>
				<tilt>30.85427170135158</tilt>
				<range>300.5743316318832</range>
				<gx:altitudeMode>relativeToSeaFloor</gx:altitudeMode>
			</LookAt>
			<styleUrl>#m_ylw-pushpin</styleUrl>
			<Point>
				<gx:drawOrder>1</gx:drawOrder>
				<coordinates>-1.94439575268363,5.347898792257211,0</coordinates>
			</Point>
		</Placemark>
		<Placemark>
			<name>cocoa175</name>
			<LookAt>
				<gx:TimeStamp><when>2017-07-22T09:42:39.687423706Z</when>
</gx:TimeStamp>
				<gx:ViewerOptions>
					<gx:option name="historicalimagery"></gx:option>
					<gx:option name="sunlight"></gx:option>
					<gx:option enabled="0" name="streetview"></gx:option>
				</gx:ViewerOptions>
				<longitude>-1.942279126910048</longitude>
				<latitude>5.348390585906849</latitude>
				<altitude>0</altitude>
				<heading>0.1712100309358678</heading>
				<tilt>30.85756072280434</tilt>
				<range>1014.4639233094</range>
				<gx:altitudeMode>relativeToSeaFloor</gx:altitudeMode>
			</LookAt>
			<styleUrl>#m_ylw-pushpin</styleUrl>
			<Point>
				<gx:drawOrder>1</gx:drawOrder>
				<coordinates>-1.941384079866627,5.346286803433314,0</coordinates>
			</Point>
		</Placemark>
		<Placemark>
			<name>cocoa176</name>
			<LookAt>
				<gx:TimeStamp><when>2017-07-22T09:42:39.687423706Z</when>
</gx:TimeStamp>
				<gx:ViewerOptions>
					<gx:option name="historicalimagery"></gx:option>
					<gx:option name="sunlight"></gx:option>
					<gx:option enabled="0" name="streetview"></gx:option>
				</gx:ViewerOptions>
				<longitude>-1.947464344183969</longitude>
				<latitude>5.34407350046521</latitude>
				<altitude>0</altitude>
				<heading>0.1705611006649486</heading>
				<tilt>30.62331961551796</tilt>
				<range>879.4581165025561</range>
				<gx:altitudeMode>relativeToSeaFloor</gx:altitudeMode>
			</LookAt>
			<styleUrl>#m_ylw-pushpin</styleUrl>
			<Point>
				<gx:drawOrder>1</gx:drawOrder>
				<coordinates>-1.949086692073748,5.343941923020568,0</coordinates>
			</Point>
		</Placemark>
		<Placemark>
			<name>cocoa177</name>
			<LookAt>
				<gx:TimeStamp><when>2017-07-22T09:42:39.687423706Z</when>
</gx:TimeStamp>
				<gx:ViewerOptions>
					<gx:option name="historicalimagery"></gx:option>
					<gx:option name="sunlight"></gx:option>
					<gx:option enabled="0" name="streetview"></gx:option>
				</gx:ViewerOptions>
				<longitude>-1.947464344183969</longitude>
				<latitude>5.34407350046521</latitude>
				<altitude>0</altitude>
				<heading>0.1705611006649486</heading>
				<tilt>30.62331961551796</tilt>
				<range>879.4581165025561</range>
				<gx:altitudeMode>relativeToSeaFloor</gx:altitudeMode>
			</LookAt>
			<styleUrl>#m_ylw-pushpin</styleUrl>
			<Point>
				<gx:drawOrder>1</gx:drawOrder>
				<coordinates>-1.950803852118894,5.346575524463018,0</coordinates>
			</Point>
		</Placemark>
		<Placemark>
			<name>cocoa178</name>
			<LookAt>
				<gx:TimeStamp><when>2017-07-22T09:42:39.687423706Z</when>
</gx:TimeStamp>
				<gx:ViewerOptions>
					<gx:option name="historicalimagery"></gx:option>
					<gx:option name="sunlight"></gx:option>
					<gx:option enabled="0" name="streetview"></gx:option>
				</gx:ViewerOptions>
				<longitude>-1.947464344183969</longitude>
				<latitude>5.34407350046521</latitude>
				<altitude>0</altitude>
				<heading>0.1705611006649486</heading>
				<tilt>30.62331961551796</tilt>
				<range>879.4581165025561</range>
				<gx:altitudeMode>relativeToSeaFloor</gx:altitudeMode>
			</LookAt>
			<styleUrl>#m_ylw-pushpin</styleUrl>
			<Point>
				<gx:drawOrder>1</gx:drawOrder>
				<coordinates>-1.947998376861968,5.346418154726988,0</coordinates>
			</Point>
		</Placemark>
		<Placemark>
			<name>cocoa179</name>
			<LookAt>
				<gx:TimeStamp><when>2017-07-22T09:42:39.687423706Z</when>
</gx:TimeStamp>
				<gx:ViewerOptions>
					<gx:option name="historicalimagery"></gx:option>
					<gx:option name="sunlight"></gx:option>
					<gx:option enabled="0" name="streetview"></gx:option>
				</gx:ViewerOptions>
				<longitude>-1.878468517087759</longitude>
				<latitude>5.494587695552046</latitude>
				<altitude>0</altitude>
				<heading>0.1840980898996582</heading>
				<tilt>30.00134276773377</tilt>
				<range>298.9405204839093</range>
				<gx:altitudeMode>relativeToSeaFloor</gx:altitudeMode>
			</LookAt>
			<styleUrl>#m_ylw-pushpin</styleUrl>
			<Point>
				<gx:drawOrder>1</gx:drawOrder>
				<coordinates>-1.878673551819242,5.494992510554633,0</coordinates>
			</Point>
		</Placemark>
		<Placemark>
			<name>cocoa180</name>
			<LookAt>
				<gx:TimeStamp><when>2017-07-22T09:42:39.687423706Z</when>
</gx:TimeStamp>
				<gx:ViewerOptions>
					<gx:option name="historicalimagery"></gx:option>
					<gx:option name="sunlight"></gx:option>
					<gx:option enabled="0" name="streetview"></gx:option>
				</gx:ViewerOptions>
				<longitude>-1.879262487387266</longitude>
				<latitude>5.494742192915503</latitude>
				<altitude>0</altitude>
				<heading>0.1839390336121959</heading>
				<tilt>26.92938775341248</tilt>
				<range>1132.158093351247</range>
				<gx:altitudeMode>relativeToSeaFloor</gx:altitudeMode>
			</LookAt>
			<styleUrl>#m_ylw-pushpin</styleUrl>
			<Point>
				<gx:drawOrder>1</gx:drawOrder>
				<coordinates>-1.875301239386759,5.49390082151596,0</coordinates>
			</Point>
		</Placemark>
		<Placemark>
			<name>cocoa181</name>
			<LookAt>
				<gx:TimeStamp><when>2017-07-22T09:42:39.687423706Z</when>
</gx:TimeStamp>
				<gx:ViewerOptions>
					<gx:option name="historicalimagery"></gx:option>
					<gx:option name="sunlight"></gx:option>
					<gx:option enabled="0" name="streetview"></gx:option>
				</gx:ViewerOptions>
				<longitude>-1.881110714470814</longitude>
				<latitude>5.494934521044462</latitude>
				<altitude>0</altitude>
				<heading>0.1838339662193886</heading>
				<tilt>30.0027219682857</tilt>
				<range>605.9733952454924</range>
				<gx:altitudeMode>relativeToSeaFloor</gx:altitudeMode>
			</LookAt>
			<styleUrl>#m_ylw-pushpin</styleUrl>
			<Point>
				<gx:drawOrder>1</gx:drawOrder>
				<coordinates>-1.881471306163909,5.495260096665652,0</coordinates>
			</Point>
		</Placemark>
		<Placemark>
			<name>cocoa182</name>
			<LookAt>
				<gx:TimeStamp><when>2017-07-22T09:42:39.687423706Z</when>
</gx:TimeStamp>
				<gx:ViewerOptions>
					<gx:option name="historicalimagery"></gx:option>
					<gx:option name="sunlight"></gx:option>
					<gx:option enabled="0" name="streetview"></gx:option>
				</gx:ViewerOptions>
				<longitude>-1.88369944133004</longitude>
				<latitude>5.492131560166046</latitude>
				<altitude>0</altitude>
				<heading>0.1834570239522584</heading>
				<tilt>26.7585124379873</tilt>
				<range>1026.823813971835</range>
				<gx:altitudeMode>relativeToSeaFloor</gx:altitudeMode>
			</LookAt>
			<styleUrl>#m_ylw-pushpin</styleUrl>
			<Point>
				<gx:drawOrder>1</gx:drawOrder>
				<coordinates>-1.88512223351285,5.490961913817332,0</coordinates>
			</Point>
		</Placemark>
		<Placemark>
			<name>cocoa183</name>
			<LookAt>
				<gx:TimeStamp><when>2017-07-22T09:42:39.687423706Z</when>
</gx:TimeStamp>
				<gx:ViewerOptions>
					<gx:option name="historicalimagery"></gx:option>
					<gx:option name="sunlight"></gx:option>
					<gx:option enabled="0" name="streetview"></gx:option>
				</gx:ViewerOptions>
				<longitude>-1.895716169214287</longitude>
				<latitude>5.46732022128368</latitude>
				<altitude>0</altitude>
				<heading>0.1690239618218999</heading>
				<tilt>26.52607867371818</tilt>
				<range>603.7792392968707</range>
				<gx:altitudeMode>relativeToSeaFloor</gx:altitudeMode>
			</LookAt>
			<styleUrl>#m_ylw-pushpin</styleUrl>
			<Point>
				<gx:drawOrder>1</gx:drawOrder>
				<coordinates>-1.896176723600385,5.466777076698465,0</coordinates>
			</Point>
		</Placemark>
		<Placemark>
			<name>cocoa184</name>
			<LookAt>
				<gx:TimeStamp><when>2017-07-22T09:42:39.687423706Z</when>
</gx:TimeStamp>
				<gx:ViewerOptions>
					<gx:option name="historicalimagery"></gx:option>
					<gx:option name="sunlight"></gx:option>
					<gx:option enabled="0" name="streetview"></gx:option>
				</gx:ViewerOptions>
				<longitude>-1.904733334239337</longitude>
				<latitude>5.467647298654891</latitude>
				<altitude>0</altitude>
				<heading>0.1730993575964628</heading>
				<tilt>29.50245095953469</tilt>
				<range>637.15670683701</range>
				<gx:altitudeMode>relativeToSeaFloor</gx:altitudeMode>
			</LookAt>
			<styleUrl>#m_ylw-pushpin</styleUrl>
			<Point>
				<gx:drawOrder>1</gx:drawOrder>
				<coordinates>-1.905373795242109,5.467220664546932,0</coordinates>
			</Point>
		</Placemark>
		<Placemark>
			<name>cocoa185</name>
			<LookAt>
				<gx:TimeStamp><when>2017-07-22T09:42:39.687423706Z</when>
</gx:TimeStamp>
				<gx:ViewerOptions>
					<gx:option name="historicalimagery"></gx:option>
					<gx:option name="sunlight"></gx:option>
					<gx:option enabled="0" name="streetview"></gx:option>
				</gx:ViewerOptions>
				<longitude>-1.903143323294829</longitude>
				<latitude>5.468573207901284</latitude>
				<altitude>0</altitude>
				<heading>0.1719098896141236</heading>
				<tilt>28.62509614368704</tilt>
				<range>463.6744626777838</range>
				<gx:altitudeMode>relativeToSeaFloor</gx:altitudeMode>
			</LookAt>
			<styleUrl>#m_ylw-pushpin</styleUrl>
			<Point>
				<gx:drawOrder>1</gx:drawOrder>
				<coordinates>-1.90279962881896,5.469360685826112,0</coordinates>
			</Point>
		</Placemark>
		<Placemark>
			<name>cocoa186</name>
			<LookAt>
				<gx:TimeStamp><when>2017-07-22T09:42:39.687423706Z</when>
</gx:TimeStamp>
				<gx:ViewerOptions>
					<gx:option name="historicalimagery"></gx:option>
					<gx:option name="sunlight"></gx:option>
					<gx:option enabled="0" name="streetview"></gx:option>
				</gx:ViewerOptions>
				<longitude>-1.901973704796076</longitude>
				<latitude>5.467986170273647</latitude>
				<altitude>0</altitude>
				<heading>0.1720212212396478</heading>
				<tilt>28.62620950410616</tilt>
				<range>722.4248041839835</range>
				<gx:altitudeMode>relativeToSeaFloor</gx:altitudeMode>
			</LookAt>
			<styleUrl>#m_ylw-pushpin</styleUrl>
			<Point>
				<gx:drawOrder>1</gx:drawOrder>
				<coordinates>-1.900922828207398,5.466850807918863,0</coordinates>
			</Point>
		</Placemark>
		<Placemark>
			<name>cocoa187</name>
			<LookAt>
				<gx:TimeStamp><when>2017-07-30T07:14:08.819160461Z</when>
</gx:TimeStamp>
				<gx:ViewerOptions>
					<gx:option name="historicalimagery"></gx:option>
					<gx:option name="sunlight"></gx:option>
					<gx:option enabled="0" name="streetview"></gx:option>
				</gx:ViewerOptions>
				<longitude>-1.442206047593542</longitude>
				<latitude>6.440180430120917</latitude>
				<altitude>0</altitude>
				<heading>0.23122968741575</heading>
				<tilt>24.08965471034641</tilt>
				<range>493.0444008569843</range>
				<gx:altitudeMode>relativeToSeaFloor</gx:altitudeMode>
			</LookAt>
			<styleUrl>#m_ylw-pushpin</styleUrl>
			<Point>
				<gx:drawOrder>1</gx:drawOrder>
				<coordinates>-1.441739527723866,6.439866974661546,0</coordinates>
			</Point>
		</Placemark>
		<Placemark>
			<name>cocoa188</name>
			<LookAt>
				<gx:TimeStamp><when>2017-07-30T07:14:08.819160461Z</when>
</gx:TimeStamp>
				<gx:ViewerOptions>
					<gx:option name="historicalimagery"></gx:option>
					<gx:option name="sunlight"></gx:option>
					<gx:option enabled="0" name="streetview"></gx:option>
				</gx:ViewerOptions>
				<longitude>-1.4439616464018</longitude>
				<latitude>6.440533570367865</latitude>
				<altitude>0</altitude>
				<heading>0.2310327814457084</heading>
				<tilt>24.08963141707715</tilt>
				<range>486.6912662275244</range>
				<gx:altitudeMode>relativeToSeaFloor</gx:altitudeMode>
			</LookAt>
			<styleUrl>#m_ylw-pushpin</styleUrl>
			<Point>
				<gx:drawOrder>1</gx:drawOrder>
				<coordinates>-1.443939769939478,6.439770637984993,0</coordinates>
			</Point>
		</Placemark>
		<Placemark>
			<name>cocoa189</name>
			<LookAt>
				<gx:TimeStamp><when>2017-07-30T07:14:08.819160461Z</when>
</gx:TimeStamp>
				<gx:ViewerOptions>
					<gx:option name="historicalimagery"></gx:option>
					<gx:option name="sunlight"></gx:option>
					<gx:option enabled="0" name="streetview"></gx:option>
				</gx:ViewerOptions>
				<longitude>-1.444762974327625</longitude>
				<latitude>6.441287648903363</latitude>
				<altitude>0</altitude>
				<heading>0.2309429015651348</heading>
				<tilt>24.08965149419866</tilt>
				<range>492.1671995287219</range>
				<gx:altitudeMode>relativeToSeaFloor</gx:altitudeMode>
			</LookAt>
			<styleUrl>#m_ylw-pushpin</styleUrl>
			<Point>
				<gx:drawOrder>1</gx:drawOrder>
				<coordinates>-1.444745990107694,6.440917770520647,0</coordinates>
			</Point>
		</Placemark>
		<Placemark>
			<name>cocoa190</name>
			<LookAt>
				<gx:TimeStamp><when>2017-07-30T07:14:08.819160461Z</when>
</gx:TimeStamp>
				<gx:ViewerOptions>
					<gx:option name="historicalimagery"></gx:option>
					<gx:option name="sunlight"></gx:option>
					<gx:option enabled="0" name="streetview"></gx:option>
				</gx:ViewerOptions>
				<longitude>-1.444762974327625</longitude>
				<latitude>6.441287648903363</latitude>
				<altitude>0</altitude>
				<heading>0.2309429015651348</heading>
				<tilt>24.08965149419866</tilt>
				<range>492.1671995287219</range>
				<gx:altitudeMode>relativeToSeaFloor</gx:altitudeMode>
			</LookAt>
			<styleUrl>#m_ylw-pushpin</styleUrl>
			<Point>
				<gx:drawOrder>1</gx:drawOrder>
				<coordinates>-1.44466002419042,6.442179554713895,0</coordinates>
			</Point>
		</Placemark>
		<Placemark>
			<name>cocoa191</name>
			<LookAt>
				<gx:TimeStamp><when>2017-07-30T07:14:08.819160461Z</when>
</gx:TimeStamp>
				<gx:ViewerOptions>
					<gx:option name="historicalimagery"></gx:option>
					<gx:option name="sunlight"></gx:option>
					<gx:option enabled="0" name="streetview"></gx:option>
				</gx:ViewerOptions>
				<longitude>-1.448488284318492</longitude>
				<latitude>6.443520405022522</latitude>
				<altitude>0</altitude>
				<heading>0.2305237931674042</heading>
				<tilt>24.09035118203358</tilt>
				<range>682.9841224520106</range>
				<gx:altitudeMode>relativeToSeaFloor</gx:altitudeMode>
			</LookAt>
			<styleUrl>#m_ylw-pushpin</styleUrl>
			<Point>
				<gx:drawOrder>1</gx:drawOrder>
				<coordinates>-1.44965372880431,6.444827986019497,0</coordinates>
			</Point>
		</Placemark>
		<Placemark>
			<name>cocoa192</name>
			<LookAt>
				<gx:TimeStamp><when>2017-07-30T07:14:08.819160461Z</when>
</gx:TimeStamp>
				<gx:ViewerOptions>
					<gx:option name="historicalimagery"></gx:option>
					<gx:option name="sunlight"></gx:option>
					<gx:option enabled="0" name="streetview"></gx:option>
				</gx:ViewerOptions>
				<longitude>-1.445881314525642</longitude>
				<latitude>6.44510565818007</latitude>
				<altitude>0</altitude>
				<heading>0.2308163901450128</heading>
				<tilt>24.09033011825003</tilt>
				<range>677.23918485843</range>
				<gx:altitudeMode>relativeToSeaFloor</gx:altitudeMode>
			</LookAt>
			<styleUrl>#m_ylw-pushpin</styleUrl>
			<Point>
				<gx:drawOrder>1</gx:drawOrder>
				<coordinates>-1.445881314525642,6.44510565818007,0</coordinates>
			</Point>
		</Placemark>
		<Placemark>
			<name>cocoa193</name>
			<LookAt>
				<gx:TimeStamp><when>2017-09-22T15:16:52.597846984Z</when>
</gx:TimeStamp>
				<gx:ViewerOptions>
					<gx:option name="historicalimagery"></gx:option>
					<gx:option name="sunlight"></gx:option>
					<gx:option enabled="0" name="streetview"></gx:option>
				</gx:ViewerOptions>
				<longitude>-1.464380475735516</longitude>
				<latitude>6.518688900920003</latitude>
				<altitude>0</altitude>
				<heading>0.2359770825053756</heading>
				<tilt>31.71743116349734</tilt>
				<range>790.2638141787261</range>
				<gx:altitudeMode>relativeToSeaFloor</gx:altitudeMode>
			</LookAt>
			<styleUrl>#m_ylw-pushpin</styleUrl>
			<Point>
				<gx:drawOrder>1</gx:drawOrder>
				<coordinates>-1.466723773647157,6.519451749736034,0</coordinates>
			</Point>
		</Placemark>
		<Placemark>
			<name>cocoa194</name>
			<LookAt>
				<gx:TimeStamp><when>2017-09-22T15:16:52.597846984Z</when>
</gx:TimeStamp>
				<gx:ViewerOptions>
					<gx:option name="historicalimagery"></gx:option>
					<gx:option name="sunlight"></gx:option>
					<gx:option enabled="0" name="streetview"></gx:option>
				</gx:ViewerOptions>
				<longitude>-1.457665234301108</longitude>
				<latitude>6.505563220674173</latitude>
				<altitude>0</altitude>
				<heading>0.2367383521032219</heading>
				<tilt>31.72083683700716</tilt>
				<range>1511.462923128113</range>
				<gx:altitudeMode>relativeToSeaFloor</gx:altitudeMode>
			</LookAt>
			<styleUrl>#m_ylw-pushpin</styleUrl>
			<Point>
				<gx:drawOrder>1</gx:drawOrder>
				<coordinates>-1.462553336774476,6.503362548261519,0</coordinates>
			</Point>
		</Placemark>
		<Placemark>
			<name>cocoa195</name>
			<LookAt>
				<gx:TimeStamp><when>2017-09-22T15:16:52.597846984Z</when>
</gx:TimeStamp>
				<gx:ViewerOptions>
					<gx:option name="historicalimagery"></gx:option>
					<gx:option name="sunlight"></gx:option>
					<gx:option enabled="0" name="streetview"></gx:option>
				</gx:ViewerOptions>
				<longitude>-1.462907599843546</longitude>
				<latitude>6.496436480520574</latitude>
				<altitude>0</altitude>
				<heading>0.2352909722322664</heading>
				<tilt>30.41855036043978</tilt>
				<range>1043.59947453102</range>
				<gx:altitudeMode>relativeToSeaFloor</gx:altitudeMode>
			</LookAt>
			<styleUrl>#m_ylw-pushpin</styleUrl>
			<Point>
				<gx:drawOrder>1</gx:drawOrder>
				<coordinates>-1.46635989677944,6.498056973961835,0</coordinates>
			</Point>
		</Placemark>
		<Placemark>
			<name>cocoa196</name>
			<LookAt>
				<gx:TimeStamp><when>2017-09-22T15:16:52.597846984Z</when>
</gx:TimeStamp>
				<gx:ViewerOptions>
					<gx:option name="historicalimagery"></gx:option>
					<gx:option name="sunlight"></gx:option>
					<gx:option enabled="0" name="streetview"></gx:option>
				</gx:ViewerOptions>
				<longitude>-1.462907599843546</longitude>
				<latitude>6.496436480520574</latitude>
				<altitude>0</altitude>
				<heading>0.2352909722322664</heading>
				<tilt>30.41855036043978</tilt>
				<range>1043.59947453102</range>
				<gx:altitudeMode>relativeToSeaFloor</gx:altitudeMode>
			</LookAt>
			<styleUrl>#m_ylw-pushpin</styleUrl>
			<Point>
				<gx:drawOrder>1</gx:drawOrder>
				<coordinates>-1.462831701840523,6.497174749214463,0</coordinates>
			</Point>
		</Placemark>
		<Placemark>
			<name>cocoa197</name>
			<LookAt>
				<gx:TimeStamp><when>2017-09-22T15:16:52.597846984Z</when>
</gx:TimeStamp>
				<gx:ViewerOptions>
					<gx:option name="historicalimagery"></gx:option>
					<gx:option name="sunlight"></gx:option>
					<gx:option enabled="0" name="streetview"></gx:option>
				</gx:ViewerOptions>
				<longitude>-1.462907599843546</longitude>
				<latitude>6.496436480520574</latitude>
				<altitude>0</altitude>
				<heading>0.2352909722322664</heading>
				<tilt>30.41855036043978</tilt>
				<range>1043.59947453102</range>
				<gx:altitudeMode>relativeToSeaFloor</gx:altitudeMode>
			</LookAt>
			<styleUrl>#m_ylw-pushpin</styleUrl>
			<Point>
				<gx:drawOrder>1</gx:drawOrder>
				<coordinates>-1.466553246226033,6.494590231454372,0</coordinates>
			</Point>
		</Placemark>
		<Placemark>
			<name>cocoa198</name>
			<LookAt>
				<gx:TimeStamp><when>2017-09-22T15:16:52.597846984Z</when>
</gx:TimeStamp>
				<gx:ViewerOptions>
					<gx:option name="historicalimagery"></gx:option>
					<gx:option name="sunlight"></gx:option>
					<gx:option enabled="0" name="streetview"></gx:option>
				</gx:ViewerOptions>
				<longitude>-1.462903295135466</longitude>
				<latitude>6.49403236633781</latitude>
				<altitude>0</altitude>
				<heading>0.235291461655414</heading>
				<tilt>30.41854792530031</tilt>
				<range>1043.06410741676</range>
				<gx:altitudeMode>relativeToSeaFloor</gx:altitudeMode>
			</LookAt>
			<styleUrl>#m_ylw-pushpin</styleUrl>
			<Point>
				<gx:drawOrder>1</gx:drawOrder>
				<coordinates>-1.461149796045027,6.498048459258996,0</coordinates>
			</Point>
		</Placemark>
		<Placemark>
			<name>cocoa199</name>
			<LookAt>
				<gx:TimeStamp><when>2017-09-22T15:16:52.597846984Z</when>
</gx:TimeStamp>
				<gx:ViewerOptions>
					<gx:option name="historicalimagery"></gx:option>
					<gx:option name="sunlight"></gx:option>
					<gx:option enabled="0" name="streetview"></gx:option>
				</gx:ViewerOptions>
				<longitude>-1.462903295135466</longitude>
				<latitude>6.49403236633781</latitude>
				<altitude>0</altitude>
				<heading>0.235291461655414</heading>
				<tilt>30.41854792530031</tilt>
				<range>1043.06410741676</range>
				<gx:altitudeMode>relativeToSeaFloor</gx:altitudeMode>
			</LookAt>
			<styleUrl>#m_ylw-pushpin</styleUrl>
			<Point>
				<gx:drawOrder>1</gx:drawOrder>
				<coordinates>-1.461073821941729,6.494058085445695,0</coordinates>
			</Point>
		</Placemark>
		<Placemark>
			<name>cocoa200</name>
			<LookAt>
				<gx:TimeStamp><when>2017-09-22T15:16:52.597846984Z</when>
</gx:TimeStamp>
				<gx:ViewerOptions>
					<gx:option name="historicalimagery"></gx:option>
					<gx:option name="sunlight"></gx:option>
					<gx:option enabled="0" name="streetview"></gx:option>
				</gx:ViewerOptions>
				<longitude>-1.462903295135466</longitude>
				<latitude>6.49403236633781</latitude>
				<altitude>0</altitude>
				<heading>0.235291461655414</heading>
				<tilt>30.41854792530031</tilt>
				<range>1043.06410741676</range>
				<gx:altitudeMode>relativeToSeaFloor</gx:altitudeMode>
			</LookAt>
			<styleUrl>#m_ylw-pushpin</styleUrl>
			<Point>
				<gx:drawOrder>1</gx:drawOrder>
				<coordinates>-1.459187906553803,6.495151302194517,0</coordinates>
			</Point>
		</Placemark>
		<Placemark>
			<name>cocoa201</name>
			<LookAt>
				<gx:TimeStamp><when>2017-09-22T15:16:52.597846984Z</when>
</gx:TimeStamp>
				<gx:ViewerOptions>
					<gx:option name="historicalimagery"></gx:option>
					<gx:option name="sunlight"></gx:option>
					<gx:option enabled="0" name="streetview"></gx:option>
				</gx:ViewerOptions>
				<longitude>-1.462903295135466</longitude>
				<latitude>6.49403236633781</latitude>
				<altitude>0</altitude>
				<heading>0.235291461655414</heading>
				<tilt>30.41854792530031</tilt>
				<range>1043.06410741676</range>
				<gx:altitudeMode>relativeToSeaFloor</gx:altitudeMode>
			</LookAt>
			<styleUrl>#m_ylw-pushpin</styleUrl>
			<Point>
				<gx:drawOrder>1</gx:drawOrder>
				<coordinates>-1.459329192977253,6.496213816241082,0</coordinates>
			</Point>
		</Placemark>
		<Placemark>
			<name>cocoa202</name>
			<LookAt>
				<gx:TimeStamp><when>2017-09-22T15:16:52.597846984Z</when>
</gx:TimeStamp>
				<gx:ViewerOptions>
					<gx:option name="historicalimagery"></gx:option>
					<gx:option name="sunlight"></gx:option>
					<gx:option enabled="0" name="streetview"></gx:option>
				</gx:ViewerOptions>
				<longitude>-1.458652422462474</longitude>
				<latitude>6.495214116701685</latitude>
				<altitude>0</altitude>
				<heading>0.2357720820570707</heading>
				<tilt>30.4184979471501</tilt>
				<range>1032.075224516604</range>
				<gx:altitudeMode>relativeToSeaFloor</gx:altitudeMode>
			</LookAt>
			<styleUrl>#m_ylw-pushpin</styleUrl>
			<Point>
				<gx:drawOrder>1</gx:drawOrder>
				<coordinates>-1.45695534390567,6.495298383484458,0</coordinates>
			</Point>
		</Placemark>
		<Placemark>
			<name>cocoa203</name>
			<LookAt>
				<gx:TimeStamp><when>2017-09-22T15:16:52.597846984Z</when>
</gx:TimeStamp>
				<gx:ViewerOptions>
					<gx:option name="historicalimagery"></gx:option>
					<gx:option name="sunlight"></gx:option>
					<gx:option enabled="0" name="streetview"></gx:option>
				</gx:ViewerOptions>
				<longitude>-1.458652422462474</longitude>
				<latitude>6.495214116701685</latitude>
				<altitude>0</altitude>
				<heading>0.2357720820570707</heading>
				<tilt>30.4184979471501</tilt>
				<range>1032.075224516604</range>
				<gx:altitudeMode>relativeToSeaFloor</gx:altitudeMode>
			</LookAt>
			<styleUrl>#m_ylw-pushpin</styleUrl>
			<Point>
				<gx:drawOrder>1</gx:drawOrder>
				<coordinates>-1.458729726171458,6.49938219769022,0</coordinates>
			</Point>
		</Placemark>
		<Placemark>
			<name>cocoa204</name>
			<LookAt>
				<gx:TimeStamp><when>2017-09-22T15:16:52.597846984Z</when>
</gx:TimeStamp>
				<gx:ViewerOptions>
					<gx:option name="historicalimagery"></gx:option>
					<gx:option name="sunlight"></gx:option>
					<gx:option enabled="0" name="streetview"></gx:option>
				</gx:ViewerOptions>
				<longitude>-1.458652422462474</longitude>
				<latitude>6.495214116701685</latitude>
				<altitude>0</altitude>
				<heading>0.2357720820570707</heading>
				<tilt>30.4184979471501</tilt>
				<range>1032.075224516604</range>
				<gx:altitudeMode>relativeToSeaFloor</gx:altitudeMode>
			</LookAt>
			<styleUrl>#m_ylw-pushpin</styleUrl>
			<Point>
				<gx:drawOrder>1</gx:drawOrder>
				<coordinates>-1.461815983411738,6.496195627221502,0</coordinates>
			</Point>
		</Placemark>
		<Placemark>
			<name>cocoa205</name>
			<LookAt>
				<gx:TimeStamp><when>2017-09-22T15:16:52.597846984Z</when>
</gx:TimeStamp>
				<gx:ViewerOptions>
					<gx:option name="historicalimagery"></gx:option>
					<gx:option name="sunlight"></gx:option>
					<gx:option enabled="0" name="streetview"></gx:option>
				</gx:ViewerOptions>
				<longitude>-1.451649214433356</longitude>
				<latitude>6.464549945330231</latitude>
				<altitude>0</altitude>
				<heading>0.236197933230263</heading>
				<tilt>29.93776579474903</tilt>
				<range>1381.95241647007</range>
				<gx:altitudeMode>relativeToSeaFloor</gx:altitudeMode>
			</LookAt>
			<styleUrl>#m_ylw-pushpin</styleUrl>
			<Point>
				<gx:drawOrder>1</gx:drawOrder>
				<coordinates>-1.451420775842542,6.465612376411712,0</coordinates>
			</Point>
		</Placemark>
		<Placemark>
			<name>cocoa206</name>
			<LookAt>
				<gx:TimeStamp><when>2017-09-22T15:16:52.597846984Z</when>
</gx:TimeStamp>
				<gx:ViewerOptions>
					<gx:option name="historicalimagery"></gx:option>
					<gx:option name="sunlight"></gx:option>
					<gx:option enabled="0" name="streetview"></gx:option>
				</gx:ViewerOptions>
				<longitude>-1.451649214433356</longitude>
				<latitude>6.464549945330231</latitude>
				<altitude>0</altitude>
				<heading>0.236197933230263</heading>
				<tilt>29.93776579474903</tilt>
				<range>1381.95241647007</range>
				<gx:altitudeMode>relativeToSeaFloor</gx:altitudeMode>
			</LookAt>
			<styleUrl>#m_ylw-pushpin</styleUrl>
			<Point>
				<gx:drawOrder>1</gx:drawOrder>
				<coordinates>-1.45440548446172,6.469302895272037,0</coordinates>
			</Point>
		</Placemark>
		<Placemark>
			<name>cocoa207</name>
			<LookAt>
				<gx:TimeStamp><when>2017-09-22T15:16:52.597846984Z</when>
</gx:TimeStamp>
				<gx:ViewerOptions>
					<gx:option name="historicalimagery"></gx:option>
					<gx:option name="sunlight"></gx:option>
					<gx:option enabled="0" name="streetview"></gx:option>
				</gx:ViewerOptions>
				<longitude>-1.450136388733424</longitude>
				<latitude>6.46774903283903</latitude>
				<altitude>0</altitude>
				<heading>0.2364188757950396</heading>
				<tilt>30.0017143806714</tilt>
				<range>381.6953265691236</range>
				<gx:altitudeMode>relativeToSeaFloor</gx:altitudeMode>
			</LookAt>
			<styleUrl>#m_ylw-pushpin</styleUrl>
			<Point>
				<gx:drawOrder>1</gx:drawOrder>
				<coordinates>-1.450172106990066,6.467844761727011,0</coordinates>
			</Point>
		</Placemark>
		<Placemark>
			<name>cocoa208</name>
			<LookAt>
				<gx:TimeStamp><when>2017-09-22T15:16:52.597846984Z</when>
</gx:TimeStamp>
				<gx:ViewerOptions>
					<gx:option name="historicalimagery"></gx:option>
					<gx:option name="sunlight"></gx:option>
					<gx:option enabled="0" name="streetview"></gx:option>
				</gx:ViewerOptions>
				<longitude>-1.450136388733424</longitude>
				<latitude>6.46774903283903</latitude>
				<altitude>0</altitude>
				<heading>0.2364188757950396</heading>
				<tilt>30.0017143806714</tilt>
				<range>381.6953265691236</range>
				<gx:altitudeMode>relativeToSeaFloor</gx:altitudeMode>
			</LookAt>
			<styleUrl>#m_ylw-pushpin</styleUrl>
			<Point>
				<gx:drawOrder>1</gx:drawOrder>
				<coordinates>-1.45187597156245,6.468714263328237,0</coordinates>
			</Point>
		</Placemark>
		<Placemark>
			<name>cocoa209</name>
			<LookAt>
				<gx:TimeStamp><when>2017-09-22T15:16:52.597846984Z</when>
</gx:TimeStamp>
				<gx:ViewerOptions>
					<gx:option name="historicalimagery"></gx:option>
					<gx:option name="sunlight"></gx:option>
					<gx:option enabled="0" name="streetview"></gx:option>
				</gx:ViewerOptions>
				<longitude>-1.445103570049161</longitude>
				<latitude>6.46770081062143</latitude>
				<altitude>0</altitude>
				<heading>0.2400237640655276</heading>
				<tilt>34.35045565942183</tilt>
				<range>1420.928476324234</range>
				<gx:altitudeMode>relativeToSeaFloor</gx:altitudeMode>
			</LookAt>
			<styleUrl>#m_ylw-pushpin</styleUrl>
			<Point>
				<gx:drawOrder>1</gx:drawOrder>
				<coordinates>-1.446485618852301,6.466229054815727,0</coordinates>
			</Point>
		</Placemark>
		<Placemark>
			<name>cocoa210</name>
			<LookAt>
				<gx:TimeStamp><when>2017-09-22T15:16:52.597846984Z</when>
</gx:TimeStamp>
				<gx:ViewerOptions>
					<gx:option name="historicalimagery"></gx:option>
					<gx:option name="sunlight"></gx:option>
					<gx:option enabled="0" name="streetview"></gx:option>
				</gx:ViewerOptions>
				<longitude>-1.447008520512593</longitude>
				<latitude>6.557504952011195</latitude>
				<altitude>0</altitude>
				<heading>0.2468178739582628</heading>
				<tilt>43.0000737707785</tilt>
				<range>1681.840605507158</range>
				<gx:altitudeMode>relativeToSeaFloor</gx:altitudeMode>
			</LookAt>
			<styleUrl>#m_ylw-pushpin</styleUrl>
			<Point>
				<gx:drawOrder>1</gx:drawOrder>
				<coordinates>-1.448583299448196,6.557812157177993,0</coordinates>
			</Point>
		</Placemark>
		<Placemark>
			<name>cocoa211</name>
			<LookAt>
				<gx:TimeStamp><when>2017-09-22T15:16:52.597846984Z</when>
</gx:TimeStamp>
				<gx:ViewerOptions>
					<gx:option name="historicalimagery"></gx:option>
					<gx:option name="sunlight"></gx:option>
					<gx:option enabled="0" name="streetview"></gx:option>
				</gx:ViewerOptions>
				<longitude>-1.448014435057893</longitude>
				<latitude>6.570841620660176</latitude>
				<altitude>0</altitude>
				<heading>0.2468962717312879</heading>
				<tilt>38.43075232095373</tilt>
				<range>1810.853798295518</range>
				<gx:altitudeMode>relativeToSeaFloor</gx:altitudeMode>
			</LookAt>
			<styleUrl>#m_ylw-pushpin</styleUrl>
			<Point>
				<gx:drawOrder>1</gx:drawOrder>
				<coordinates>-1.452272718020636,6.568179778815648,0</coordinates>
			</Point>
		</Placemark>
		<Placemark>
			<name>cocoa212</name>
			<LookAt>
				<gx:TimeStamp><when>2017-09-22T15:16:52.597846984Z</when>
</gx:TimeStamp>
				<gx:ViewerOptions>
					<gx:option name="historicalimagery"></gx:option>
					<gx:option name="sunlight"></gx:option>
					<gx:option enabled="0" name="streetview"></gx:option>
				</gx:ViewerOptions>
				<longitude>-1.448258381484042</longitude>
				<latitude>6.571080352576856</latitude>
				<altitude>0</altitude>
				<heading>0.2468683503815831</heading>
				<tilt>38.43076141661558</tilt>
				<range>1812.483104833136</range>
				<gx:altitudeMode>relativeToSeaFloor</gx:altitudeMode>
			</LookAt>
			<styleUrl>#m_ylw-pushpin</styleUrl>
			<Point>
				<gx:drawOrder>1</gx:drawOrder>
				<coordinates>-1.44858886559442,6.573343266431682,0</coordinates>
			</Point>
		</Placemark>
		<Placemark>
			<name>cocoa213</name>
			<LookAt>
				<gx:TimeStamp><when>2017-09-22T15:16:52.597846984Z</when>
</gx:TimeStamp>
				<gx:ViewerOptions>
					<gx:option name="historicalimagery"></gx:option>
					<gx:option name="sunlight"></gx:option>
					<gx:option enabled="0" name="streetview"></gx:option>
				</gx:ViewerOptions>
				<longitude>-1.448258381484042</longitude>
				<latitude>6.571080352576856</latitude>
				<altitude>0</altitude>
				<heading>0.2468683503815831</heading>
				<tilt>38.43076141661558</tilt>
				<range>1812.483104833136</range>
				<gx:altitudeMode>relativeToSeaFloor</gx:altitudeMode>
			</LookAt>
			<styleUrl>#m_ylw-pushpin</styleUrl>
			<Point>
				<gx:drawOrder>1</gx:drawOrder>
				<coordinates>-1.448462166393569,6.567612588425074,0</coordinates>
			</Point>
		</Placemark>
		<Placemark>
			<name>cocoa214</name>
			<LookAt>
				<gx:TimeStamp><when>2017-09-22T15:16:52.597846984Z</when>
</gx:TimeStamp>
				<gx:ViewerOptions>
					<gx:option name="historicalimagery"></gx:option>
					<gx:option name="sunlight"></gx:option>
					<gx:option enabled="0" name="streetview"></gx:option>
				</gx:ViewerOptions>
				<longitude>-1.448258381484042</longitude>
				<latitude>6.571080352576856</latitude>
				<altitude>0</altitude>
				<heading>0.2468683503815831</heading>
				<tilt>38.43076141661558</tilt>
				<range>1812.483104833136</range>
				<gx:altitudeMode>relativeToSeaFloor</gx:altitudeMode>
			</LookAt>
			<styleUrl>#m_ylw-pushpin</styleUrl>
			<Point>
				<gx:drawOrder>1</gx:drawOrder>
				<coordinates>-1.450347233765638,6.570148071910135,0</coordinates>
			</Point>
		</Placemark>
		<Placemark>
			<name>cocoa214</name>
			<LookAt>
				<gx:TimeStamp><when>2017-09-22T15:16:52.597846984Z</when>
</gx:TimeStamp>
				<gx:ViewerOptions>
					<gx:option name="historicalimagery"></gx:option>
					<gx:option name="sunlight"></gx:option>
					<gx:option enabled="0" name="streetview"></gx:option>
				</gx:ViewerOptions>
				<longitude>-1.444247526674495</longitude>
				<latitude>6.568352528463</latitude>
				<altitude>0</altitude>
				<heading>0.2473273756739895</heading>
				<tilt>38.43062327250621</tilt>
				<range>1787.741516508631</range>
				<gx:altitudeMode>relativeToSeaFloor</gx:altitudeMode>
			</LookAt>
			<styleUrl>#m_ylw-pushpin</styleUrl>
			<Point>
				<gx:drawOrder>1</gx:drawOrder>
				<coordinates>-1.446270219544451,6.566000218873508,0</coordinates>
			</Point>
		</Placemark>
		<Placemark>
			<name>cocoa215</name>
			<LookAt>
				<gx:TimeStamp><when>2017-09-22T15:16:52.597846984Z</when>
</gx:TimeStamp>
				<gx:ViewerOptions>
					<gx:option name="historicalimagery"></gx:option>
					<gx:option name="sunlight"></gx:option>
					<gx:option enabled="0" name="streetview"></gx:option>
				</gx:ViewerOptions>
				<longitude>-1.447595094092351</longitude>
				<latitude>6.570676356166131</latitude>
				<altitude>0</altitude>
				<heading>0.2470014329035965</heading>
				<tilt>37.74452671422084</tilt>
				<range>1019.815579342496</range>
				<gx:altitudeMode>relativeToSeaFloor</gx:altitudeMode>
			</LookAt>
			<styleUrl>#m_ylw-pushpin</styleUrl>
			<Point>
				<gx:drawOrder>1</gx:drawOrder>
				<coordinates>-1.448630799269672,6.569324452551334,0</coordinates>
			</Point>
		</Placemark>
		<Placemark>
			<name>cocoa216</name>
			<LookAt>
				<gx:TimeStamp><when>2017-09-22T15:16:52.597846984Z</when>
</gx:TimeStamp>
				<gx:ViewerOptions>
					<gx:option name="historicalimagery"></gx:option>
					<gx:option name="sunlight"></gx:option>
					<gx:option enabled="0" name="streetview"></gx:option>
				</gx:ViewerOptions>
				<longitude>-1.449977700669205</longitude>
				<latitude>6.568965968619938</latitude>
				<altitude>0</altitude>
				<heading>0.2467288748461493</heading>
				<tilt>37.74452550398345</tilt>
				<range>1019.595516857662</range>
				<gx:altitudeMode>relativeToSeaFloor</gx:altitudeMode>
			</LookAt>
			<styleUrl>#m_ylw-pushpin</styleUrl>
			<Point>
				<gx:drawOrder>1</gx:drawOrder>
				<coordinates>-1.451071631948077,6.568590639561669,0</coordinates>
			</Point>
		</Placemark>
		<Placemark>
			<name>cocoa217</name>
			<LookAt>
				<gx:TimeStamp><when>2017-09-22T15:16:52.597846984Z</when>
</gx:TimeStamp>
				<gx:ViewerOptions>
					<gx:option name="historicalimagery"></gx:option>
					<gx:option name="sunlight"></gx:option>
					<gx:option enabled="0" name="streetview"></gx:option>
				</gx:ViewerOptions>
				<longitude>-1.452178580940315</longitude>
				<latitude>6.57040009757325</latitude>
				<altitude>0</altitude>
				<heading>0.2464770538965959</heading>
				<tilt>37.74448475243129</tilt>
				<range>1012.1844405798</range>
				<gx:altitudeMode>relativeToSeaFloor</gx:altitudeMode>
			</LookAt>
			<styleUrl>#m_ylw-pushpin</styleUrl>
			<Point>
				<gx:drawOrder>1</gx:drawOrder>
				<coordinates>-1.452281608743324,6.570249506364089,0</coordinates>
			</Point>
		</Placemark>
		<Placemark>
			<name>cocoa218</name>
			<LookAt>
				<gx:TimeStamp><when>2017-09-22T15:16:52.597846984Z</when>
</gx:TimeStamp>
				<gx:ViewerOptions>
					<gx:option name="historicalimagery"></gx:option>
					<gx:option name="sunlight"></gx:option>
					<gx:option enabled="0" name="streetview"></gx:option>
				</gx:ViewerOptions>
				<longitude>-1.45728140074344</longitude>
				<latitude>6.576799134596248</latitude>
				<altitude>0</altitude>
				<heading>0.2458929701195264</heading>
				<tilt>37.74770069972416</tilt>
				<range>1597.106970820754</range>
				<gx:altitudeMode>relativeToSeaFloor</gx:altitudeMode>
			</LookAt>
			<styleUrl>#m_ylw-pushpin</styleUrl>
			<Point>
				<gx:drawOrder>1</gx:drawOrder>
				<coordinates>-1.45756300925477,6.57761087991747,0</coordinates>
			</Point>
		</Placemark>
		<Placemark>
			<name>cocoa219</name>
			<LookAt>
				<gx:TimeStamp><when>2017-09-22T15:16:52.597846984Z</when>
</gx:TimeStamp>
				<gx:ViewerOptions>
					<gx:option name="historicalimagery"></gx:option>
					<gx:option name="sunlight"></gx:option>
					<gx:option enabled="0" name="streetview"></gx:option>
				</gx:ViewerOptions>
				<longitude>-1.45728140074344</longitude>
				<latitude>6.576799134596248</latitude>
				<altitude>0</altitude>
				<heading>0.2458929701195264</heading>
				<tilt>37.74770069972416</tilt>
				<range>1597.106970820754</range>
				<gx:altitudeMode>relativeToSeaFloor</gx:altitudeMode>
			</LookAt>
			<styleUrl>#m_ylw-pushpin</styleUrl>
			<Point>
				<gx:drawOrder>1</gx:drawOrder>
				<coordinates>-1.462282951552534,6.575395256446008,0</coordinates>
			</Point>
		</Placemark>
		<Placemark>
			<name>cocoa220</name>
			<LookAt>
				<gx:TimeStamp><when>2017-09-22T15:16:52.597846984Z</when>
</gx:TimeStamp>
				<gx:ViewerOptions>
					<gx:option name="historicalimagery"></gx:option>
					<gx:option name="sunlight"></gx:option>
					<gx:option enabled="0" name="streetview"></gx:option>
				</gx:ViewerOptions>
				<longitude>-1.457312934801884</longitude>
				<latitude>6.578069689909118</latitude>
				<altitude>0</altitude>
				<heading>0.245892920158286</heading>
				<tilt>37.27541284833375</tilt>
				<range>999.1241328486884</range>
				<gx:altitudeMode>relativeToSeaFloor</gx:altitudeMode>
			</LookAt>
			<styleUrl>#m_ylw-pushpin</styleUrl>
			<Point>
				<gx:drawOrder>1</gx:drawOrder>
				<coordinates>-1.458181183983666,6.576131634497934,0</coordinates>
			</Point>
		</Placemark>
		<Placemark>
			<name>cocoa221</name>
			<LookAt>
				<gx:TimeStamp><when>2017-09-22T15:16:52.597846984Z</when>
</gx:TimeStamp>
				<gx:ViewerOptions>
					<gx:option name="historicalimagery"></gx:option>
					<gx:option name="sunlight"></gx:option>
					<gx:option enabled="0" name="streetview"></gx:option>
				</gx:ViewerOptions>
				<longitude>-1.457213205960309</longitude>
				<latitude>6.580953568848466</latitude>
				<altitude>0</altitude>
				<heading>0.2459043616805957</heading>
				<tilt>37.27543771196681</tilt>
				<range>1003.694197341686</range>
				<gx:altitudeMode>relativeToSeaFloor</gx:altitudeMode>
			</LookAt>
			<styleUrl>#m_ylw-pushpin</styleUrl>
			<Point>
				<gx:drawOrder>1</gx:drawOrder>
				<coordinates>-1.457915593818965,6.582218317168924,0</coordinates>
			</Point>
		</Placemark>
		<Placemark>
			<name>cocoa222</name>
			<LookAt>
				<gx:TimeStamp><when>2017-09-22T15:16:52.597846984Z</when>
</gx:TimeStamp>
				<gx:ViewerOptions>
					<gx:option name="historicalimagery"></gx:option>
					<gx:option name="sunlight"></gx:option>
					<gx:option enabled="0" name="streetview"></gx:option>
				</gx:ViewerOptions>
				<longitude>-1.458552468790135</longitude>
				<latitude>6.584615229041383</latitude>
				<altitude>0</altitude>
				<heading>0.2457508391080351</heading>
				<tilt>37.27671904888953</tilt>
				<range>1239.256330025064</range>
				<gx:altitudeMode>relativeToSeaFloor</gx:altitudeMode>
			</LookAt>
			<styleUrl>#m_ylw-pushpin</styleUrl>
			<Point>
				<gx:drawOrder>1</gx:drawOrder>
				<coordinates>-1.459956208276695,6.584517475086382,0</coordinates>
			</Point>
		</Placemark>
		<Placemark>
			<name>cocoa223</name>
			<LookAt>
				<gx:TimeStamp><when>2017-09-22T15:16:52.597846984Z</when>
</gx:TimeStamp>
				<gx:ViewerOptions>
					<gx:option name="historicalimagery"></gx:option>
					<gx:option name="sunlight"></gx:option>
					<gx:option enabled="0" name="streetview"></gx:option>
				</gx:ViewerOptions>
				<longitude>-1.45529555587944</longitude>
				<latitude>6.586230371725406</latitude>
				<altitude>0</altitude>
				<heading>0.2461243593443144</heading>
				<tilt>37.27673041783142</tilt>
				<range>1241.346106790694</range>
				<gx:altitudeMode>relativeToSeaFloor</gx:altitudeMode>
			</LookAt>
			<styleUrl>#m_ylw-pushpin</styleUrl>
			<Point>
				<gx:drawOrder>1</gx:drawOrder>
				<coordinates>-1.45825370008427,6.5858064247193,0</coordinates>
			</Point>
		</Placemark>
		<Placemark>
			<name>cocoa224</name>
			<LookAt>
				<gx:TimeStamp><when>2017-09-22T15:16:52.597846984Z</when>
</gx:TimeStamp>
				<gx:ViewerOptions>
					<gx:option name="historicalimagery"></gx:option>
					<gx:option name="sunlight"></gx:option>
					<gx:option enabled="0" name="streetview"></gx:option>
				</gx:ViewerOptions>
				<longitude>-1.454030358885279</longitude>
				<latitude>6.586728845841161</latitude>
				<altitude>0</altitude>
				<heading>0.2462694816623323</heading>
				<tilt>37.27671252723643</tilt>
				<range>1238.057660023748</range>
				<gx:altitudeMode>relativeToSeaFloor</gx:altitudeMode>
			</LookAt>
			<styleUrl>#m_ylw-pushpin</styleUrl>
			<Point>
				<gx:drawOrder>1</gx:drawOrder>
				<coordinates>-1.4561935832954,6.583486072212057,0</coordinates>
			</Point>
		</Placemark>
		<Placemark>
			<name>cocoa225</name>
			<LookAt>
				<gx:TimeStamp><when>2017-09-22T15:16:52.597846984Z</when>
</gx:TimeStamp>
				<gx:ViewerOptions>
					<gx:option name="historicalimagery"></gx:option>
					<gx:option name="sunlight"></gx:option>
					<gx:option enabled="0" name="streetview"></gx:option>
				</gx:ViewerOptions>
				<longitude>-1.445631967616462</longitude>
				<latitude>6.589725473884728</latitude>
				<altitude>0</altitude>
				<heading>0.2469670008564107</heading>
				<tilt>32.185506871647</tilt>
				<range>1261.619968584015</range>
				<gx:altitudeMode>relativeToSeaFloor</gx:altitudeMode>
			</LookAt>
			<styleUrl>#m_ylw-pushpin</styleUrl>
			<Point>
				<gx:drawOrder>1</gx:drawOrder>
				<coordinates>-1.447559756592445,6.592090844956626,0</coordinates>
			</Point>
		</Placemark>
		<Placemark>
			<name>cocoa226</name>
			<LookAt>
				<gx:TimeStamp><when>2017-09-22T15:16:52.597846984Z</when>
</gx:TimeStamp>
				<gx:ViewerOptions>
					<gx:option name="historicalimagery"></gx:option>
					<gx:option name="sunlight"></gx:option>
					<gx:option enabled="0" name="streetview"></gx:option>
				</gx:ViewerOptions>
				<longitude>-1.44522303859083</longitude>
				<latitude>6.590206942012455</latitude>
				<altitude>0</altitude>
				<heading>0.2470135653377147</heading>
				<tilt>32.18681925951442</tilt>
				<range>1535.933358686808</range>
				<gx:altitudeMode>relativeToSeaFloor</gx:altitudeMode>
			</LookAt>
			<styleUrl>#m_ylw-pushpin</styleUrl>
			<Point>
				<gx:drawOrder>1</gx:drawOrder>
				<coordinates>-1.439865820774641,6.591892243501301,0</coordinates>
			</Point>
		</Placemark>
		<Placemark>
			<name>cocoa227</name>
			<LookAt>
				<gx:TimeStamp><when>2017-09-22T15:16:52.597846984Z</when>
</gx:TimeStamp>
				<gx:ViewerOptions>
					<gx:option name="historicalimagery"></gx:option>
					<gx:option name="sunlight"></gx:option>
					<gx:option enabled="0" name="streetview"></gx:option>
				</gx:ViewerOptions>
				<longitude>-1.443626037079907</longitude>
				<latitude>6.581901751757917</latitude>
				<altitude>0</altitude>
				<heading>0.247390779584228</heading>
				<tilt>28.99349176577584</tilt>
				<range>792.3577805732991</range>
				<gx:altitudeMode>relativeToSeaFloor</gx:altitudeMode>
			</LookAt>
			<styleUrl>#m_ylw-pushpin</styleUrl>
			<Point>
				<gx:drawOrder>1</gx:drawOrder>
				<coordinates>-1.444015726218515,6.581529493067757,0</coordinates>
			</Point>
		</Placemark>
		<Placemark>
			<name>cocoa228</name>
			<LookAt>
				<gx:TimeStamp><when>2017-09-22T15:16:52.597846984Z</when>
</gx:TimeStamp>
				<gx:ViewerOptions>
					<gx:option name="historicalimagery"></gx:option>
					<gx:option name="sunlight"></gx:option>
					<gx:option enabled="0" name="streetview"></gx:option>
				</gx:ViewerOptions>
				<longitude>-1.444820336917023</longitude>
				<latitude>6.579333746951104</latitude>
				<altitude>0</altitude>
				<heading>0.2473570811263078</heading>
				<tilt>27.46028123580273</tilt>
				<range>1139.971785339204</range>
				<gx:altitudeMode>relativeToSeaFloor</gx:altitudeMode>
			</LookAt>
			<styleUrl>#m_ylw-pushpin</styleUrl>
			<Point>
				<gx:drawOrder>1</gx:drawOrder>
				<coordinates>-1.442916207580048,6.577564546443991,0</coordinates>
			</Point>
		</Placemark>
		<Placemark>
			<name>cocoa229</name>
			<LookAt>
				<gx:TimeStamp><when>2017-09-22T15:16:52.597846984Z</when>
</gx:TimeStamp>
				<gx:ViewerOptions>
					<gx:option name="historicalimagery"></gx:option>
					<gx:option name="sunlight"></gx:option>
					<gx:option enabled="0" name="streetview"></gx:option>
				</gx:ViewerOptions>
				<longitude>-1.43708580860911</longitude>
				<latitude>6.578938746370237</latitude>
				<altitude>0</altitude>
				<heading>0.2484329509880238</heading>
				<tilt>26.50700356082868</tilt>
				<range>1627.093527474638</range>
				<gx:altitudeMode>relativeToSeaFloor</gx:altitudeMode>
			</LookAt>
			<styleUrl>#m_ylw-pushpin</styleUrl>
			<Point>
				<gx:drawOrder>1</gx:drawOrder>
				<coordinates>-1.435139278805397,6.575646737932375,0</coordinates>
			</Point>
		</Placemark>
		<Placemark>
			<name>cocoa230</name>
			<LookAt>
				<gx:TimeStamp><when>2017-09-22T15:16:52.597846984Z</when>
</gx:TimeStamp>
				<gx:ViewerOptions>
					<gx:option name="historicalimagery"></gx:option>
					<gx:option name="sunlight"></gx:option>
					<gx:option enabled="0" name="streetview"></gx:option>
				</gx:ViewerOptions>
				<longitude>-1.434661940909677</longitude>
				<latitude>6.576358291423413</latitude>
				<altitude>0</altitude>
				<heading>0.2480102582532202</heading>
				<tilt>29.92052821259782</tilt>
				<range>1464.299914367498</range>
				<gx:altitudeMode>relativeToSeaFloor</gx:altitudeMode>
			</LookAt>
			<styleUrl>#m_ylw-pushpin</styleUrl>
			<Point>
				<gx:drawOrder>1</gx:drawOrder>
				<coordinates>-1.434913675209762,6.573859151595496,0</coordinates>
			</Point>
		</Placemark>
		<Placemark>
			<name>cocoa231</name>
			<LookAt>
				<gx:TimeStamp><when>2017-09-22T15:16:52.597846984Z</when>
</gx:TimeStamp>
				<gx:ViewerOptions>
					<gx:option name="historicalimagery"></gx:option>
					<gx:option name="sunlight"></gx:option>
					<gx:option enabled="0" name="streetview"></gx:option>
				</gx:ViewerOptions>
				<longitude>-1.429610052010847</longitude>
				<latitude>6.575318468485468</latitude>
				<altitude>0</altitude>
				<heading>0.2485881171734055</heading>
				<tilt>29.91268855095219</tilt>
				<range>1452.390025057666</range>
				<gx:altitudeMode>relativeToSeaFloor</gx:altitudeMode>
			</LookAt>
			<styleUrl>#m_ylw-pushpin</styleUrl>
			<Point>
				<gx:drawOrder>1</gx:drawOrder>
				<coordinates>-1.430639012371693,6.572060966519531,0</coordinates>
			</Point>
		</Placemark>
		<Placemark>
			<name>cocoa232</name>
			<LookAt>
				<gx:TimeStamp><when>2017-09-22T15:16:52.597846984Z</when>
</gx:TimeStamp>
				<gx:ViewerOptions>
					<gx:option name="historicalimagery"></gx:option>
					<gx:option name="sunlight"></gx:option>
					<gx:option enabled="0" name="streetview"></gx:option>
				</gx:ViewerOptions>
				<longitude>-1.429610052010847</longitude>
				<latitude>6.575318468485468</latitude>
				<altitude>0</altitude>
				<heading>0.2485881171734055</heading>
				<tilt>29.91268855095219</tilt>
				<range>1452.390025057666</range>
				<gx:altitudeMode>relativeToSeaFloor</gx:altitudeMode>
			</LookAt>
			<styleUrl>#m_ylw-pushpin</styleUrl>
			<Point>
				<gx:drawOrder>1</gx:drawOrder>
				<coordinates>-1.425974663969826,6.573836629762466,0</coordinates>
			</Point>
		</Placemark>
		<Placemark>
			<name>cocoa233</name>
			<LookAt>
				<gx:TimeStamp><when>2017-09-22T15:16:52.597846984Z</when>
</gx:TimeStamp>
				<gx:ViewerOptions>
					<gx:option name="historicalimagery"></gx:option>
					<gx:option name="sunlight"></gx:option>
					<gx:option enabled="0" name="streetview"></gx:option>
				</gx:ViewerOptions>
				<longitude>-1.42376325295313</longitude>
				<latitude>6.577795795610191</latitude>
				<altitude>0</altitude>
				<heading>0.24925742438214</heading>
				<tilt>29.91382345572446</tilt>
				<range>1694.664969845031</range>
				<gx:altitudeMode>relativeToSeaFloor</gx:altitudeMode>
			</LookAt>
			<styleUrl>#m_ylw-pushpin</styleUrl>
			<Point>
				<gx:drawOrder>1</gx:drawOrder>
				<coordinates>-1.421492562960935,6.577404819740536,0</coordinates>
			</Point>
		</Placemark>
		<Placemark>
			<name>cocoa234</name>
			<LookAt>
				<gx:TimeStamp><when>2017-09-22T15:16:52.597846984Z</when>
</gx:TimeStamp>
				<gx:ViewerOptions>
					<gx:option name="historicalimagery"></gx:option>
					<gx:option name="sunlight"></gx:option>
					<gx:option enabled="0" name="streetview"></gx:option>
				</gx:ViewerOptions>
				<longitude>-1.415615806481755</longitude>
				<latitude>6.580405305196958</latitude>
				<altitude>0</altitude>
				<heading>0.2501759209144983</heading>
				<tilt>30.0035760650804</tilt>
				<range>796.2356489707832</range>
				<gx:altitudeMode>relativeToSeaFloor</gx:altitudeMode>
			</LookAt>
			<styleUrl>#m_ylw-pushpin</styleUrl>
			<Point>
				<gx:drawOrder>1</gx:drawOrder>
				<coordinates>-1.415533666851267,6.579767730072649,0</coordinates>
			</Point>
		</Placemark>
		<Placemark>
			<name>cocoa235</name>
			<LookAt>
				<gx:TimeStamp><when>2017-09-22T15:16:52.597846984Z</when>
</gx:TimeStamp>
				<gx:ViewerOptions>
					<gx:option name="historicalimagery"></gx:option>
					<gx:option name="sunlight"></gx:option>
					<gx:option enabled="0" name="streetview"></gx:option>
				</gx:ViewerOptions>
				<longitude>-1.415129050318559</longitude>
				<latitude>6.580082091359668</latitude>
				<altitude>0</altitude>
				<heading>0.2502319284528725</heading>
				<tilt>30.00564580061998</tilt>
				<range>1257.015206784839</range>
				<gx:altitudeMode>relativeToSeaFloor</gx:altitudeMode>
			</LookAt>
			<styleUrl>#m_ylw-pushpin</styleUrl>
			<Point>
				<gx:drawOrder>1</gx:drawOrder>
				<coordinates>-1.414696889674848,6.583576118133551,0</coordinates>
			</Point>
		</Placemark>
		<Placemark>
			<name>cocoa236</name>
			<LookAt>
				<gx:TimeStamp><when>2017-09-22T15:16:52.597846984Z</when>
</gx:TimeStamp>
				<gx:ViewerOptions>
					<gx:option name="historicalimagery"></gx:option>
					<gx:option name="sunlight"></gx:option>
					<gx:option enabled="0" name="streetview"></gx:option>
				</gx:ViewerOptions>
				<longitude>-1.410231046694461</longitude>
				<latitude>6.579107393117195</latitude>
				<altitude>0</altitude>
				<heading>0.2507932057290956</heading>
				<tilt>30.00563704187717</tilt>
				<range>1255.065394382852</range>
				<gx:altitudeMode>relativeToSeaFloor</gx:altitudeMode>
			</LookAt>
			<styleUrl>#m_ylw-pushpin</styleUrl>
			<Point>
				<gx:drawOrder>1</gx:drawOrder>
				<coordinates>-1.409116774448769,6.577644767491113,0</coordinates>
			</Point>
		</Placemark>
		<Placemark>
			<name>cocoa237</name>
			<LookAt>
				<gx:TimeStamp><when>2017-09-22T15:16:52.597846984Z</when>
</gx:TimeStamp>
				<gx:ViewerOptions>
					<gx:option name="historicalimagery"></gx:option>
					<gx:option name="sunlight"></gx:option>
					<gx:option enabled="0" name="streetview"></gx:option>
				</gx:ViewerOptions>
				<longitude>-1.410231046694461</longitude>
				<latitude>6.579107393117195</latitude>
				<altitude>0</altitude>
				<heading>0.2507932057290956</heading>
				<tilt>30.00563704187717</tilt>
				<range>1255.065394382852</range>
				<gx:altitudeMode>relativeToSeaFloor</gx:altitudeMode>
			</LookAt>
			<styleUrl>#m_ylw-pushpin</styleUrl>
			<Point>
				<gx:drawOrder>1</gx:drawOrder>
				<coordinates>-1.410022106508758,6.581175595147631,0</coordinates>
			</Point>
		</Placemark>
		<Placemark>
			<name>cocoa238</name>
			<LookAt>
				<gx:TimeStamp><when>2017-09-22T15:16:52.597846984Z</when>
</gx:TimeStamp>
				<gx:ViewerOptions>
					<gx:option name="historicalimagery"></gx:option>
					<gx:option name="sunlight"></gx:option>
					<gx:option enabled="0" name="streetview"></gx:option>
				</gx:ViewerOptions>
				<longitude>-1.409883149122141</longitude>
				<latitude>6.580218896124739</latitude>
				<altitude>0</altitude>
				<heading>0.2508330166789565</heading>
				<tilt>30.01139003203535</tilt>
				<range>2535.952244323861</range>
				<gx:altitudeMode>relativeToSeaFloor</gx:altitudeMode>
			</LookAt>
			<styleUrl>#m_ylw-pushpin</styleUrl>
			<Point>
				<gx:drawOrder>1</gx:drawOrder>
				<coordinates>-1.409375557179693,6.572959286245401,0</coordinates>
			</Point>
		</Placemark>
		<Placemark>
			<name>cocoa239</name>
			<LookAt>
				<gx:TimeStamp><when>2017-09-22T15:16:52.597846984Z</when>
</gx:TimeStamp>
				<gx:ViewerOptions>
					<gx:option name="historicalimagery"></gx:option>
					<gx:option name="sunlight"></gx:option>
					<gx:option enabled="0" name="streetview"></gx:option>
				</gx:ViewerOptions>
				<longitude>-1.409887190594228</longitude>
				<latitude>6.580247254016754</latitude>
				<altitude>0</altitude>
				<heading>0.2508325574260769</heading>
				<tilt>30.01149403270702</tilt>
				<range>2559.099880703492</range>
				<gx:altitudeMode>relativeToSeaFloor</gx:altitudeMode>
			</LookAt>
			<styleUrl>#m_ylw-pushpin</styleUrl>
			<Point>
				<gx:drawOrder>1</gx:drawOrder>
				<coordinates>-1.413622996847484,6.574056627281673,0</coordinates>
			</Point>
		</Placemark>
		<Placemark>
			<name>cocoa240</name>
			<LookAt>
				<gx:TimeStamp><when>2017-09-22T15:16:52.597846984Z</when>
</gx:TimeStamp>
				<gx:ViewerOptions>
					<gx:option name="historicalimagery"></gx:option>
					<gx:option name="sunlight"></gx:option>
					<gx:option enabled="0" name="streetview"></gx:option>
				</gx:ViewerOptions>
				<longitude>-1.417529573830748</longitude>
				<latitude>6.569995854022657</latitude>
				<altitude>0</altitude>
				<heading>0.2499579494614727</heading>
				<tilt>30.00641295400459</tilt>
				<range>1427.808155849526</range>
				<gx:altitudeMode>relativeToSeaFloor</gx:altitudeMode>
			</LookAt>
			<styleUrl>#m_ylw-pushpin</styleUrl>
			<Point>
				<gx:drawOrder>1</gx:drawOrder>
				<coordinates>-1.417677044638503,6.571070868243876,0</coordinates>
			</Point>
		</Placemark>
		<Placemark>
			<name>cocoa241</name>
			<LookAt>
				<gx:TimeStamp><when>2017-09-22T15:16:52.597846984Z</when>
</gx:TimeStamp>
				<gx:ViewerOptions>
					<gx:option name="historicalimagery"></gx:option>
					<gx:option name="sunlight"></gx:option>
					<gx:option enabled="0" name="streetview"></gx:option>
				</gx:ViewerOptions>
				<longitude>-1.417651268757514</longitude>
				<latitude>6.569936433060554</latitude>
				<altitude>0</altitude>
				<heading>0.2499440262150465</heading>
				<tilt>30.00598956483745</tilt>
				<range>1333.538518612523</range>
				<gx:altitudeMode>relativeToSeaFloor</gx:altitudeMode>
			</LookAt>
			<styleUrl>#m_ylw-pushpin</styleUrl>
			<Point>
				<gx:drawOrder>1</gx:drawOrder>
				<coordinates>-1.419198653819888,6.56704819410414,0</coordinates>
			</Point>
		</Placemark>
		<Placemark>
			<name>coco242</name>
			<LookAt>
				<gx:TimeStamp><when>2017-09-22T15:16:52.597846984Z</when>
</gx:TimeStamp>
				<gx:ViewerOptions>
					<gx:option name="historicalimagery"></gx:option>
					<gx:option name="sunlight"></gx:option>
					<gx:option enabled="0" name="streetview"></gx:option>
				</gx:ViewerOptions>
				<longitude>-1.411042200942921</longitude>
				<latitude>6.571276774095722</latitude>
				<altitude>0</altitude>
				<heading>0.2507000872814124</heading>
				<tilt>30.00595713033302</tilt>
				<range>1326.31819979963</range>
				<gx:altitudeMode>relativeToSeaFloor</gx:altitudeMode>
			</LookAt>
			<styleUrl>#m_ylw-pushpin</styleUrl>
			<Point>
				<gx:drawOrder>1</gx:drawOrder>
				<coordinates>-1.41063287212616,6.571403667629389,0</coordinates>
			</Point>
		</Placemark>
		<Placemark>
			<name>cocoa243</name>
			<LookAt>
				<gx:TimeStamp><when>2017-09-22T15:16:52.597846984Z</when>
</gx:TimeStamp>
				<gx:ViewerOptions>
					<gx:option name="historicalimagery"></gx:option>
					<gx:option name="sunlight"></gx:option>
					<gx:option enabled="0" name="streetview"></gx:option>
				</gx:ViewerOptions>
				<longitude>-1.32412190944411</longitude>
				<latitude>6.891822311453999</latitude>
				<altitude>0</altitude>
				<heading>-1.388465324029412</heading>
				<tilt>16.10109197237205</tilt>
				<range>1231.687528001427</range>
				<gx:altitudeMode>relativeToSeaFloor</gx:altitudeMode>
			</LookAt>
			<styleUrl>#m_ylw-pushpin</styleUrl>
			<Point>
				<gx:drawOrder>1</gx:drawOrder>
				<coordinates>-1.325087897573647,6.890771546543972,0</coordinates>
			</Point>
		</Placemark>
		<Placemark>
			<name>cocoa244</name>
			<LookAt>
				<gx:TimeStamp><when>2017-09-22T15:16:52.597846984Z</when>
</gx:TimeStamp>
				<gx:ViewerOptions>
					<gx:option name="historicalimagery"></gx:option>
					<gx:option name="sunlight"></gx:option>
					<gx:option enabled="0" name="streetview"></gx:option>
				</gx:ViewerOptions>
				<longitude>-1.323939343741964</longitude>
				<latitude>6.894184433190119</latitude>
				<altitude>0</altitude>
				<heading>-1.326958729043575</heading>
				<tilt>20.2385179566704</tilt>
				<range>862.6239599361962</range>
				<gx:altitudeMode>relativeToSeaFloor</gx:altitudeMode>
			</LookAt>
			<styleUrl>#m_ylw-pushpin</styleUrl>
			<Point>
				<gx:drawOrder>1</gx:drawOrder>
				<coordinates>-1.325432078584019,6.894530132698331,0</coordinates>
			</Point>
		</Placemark>
		<Placemark>
			<name>cocoa245</name>
			<LookAt>
				<gx:TimeStamp><when>2017-09-22T15:16:52.597846984Z</when>
</gx:TimeStamp>
				<gx:ViewerOptions>
					<gx:option name="historicalimagery"></gx:option>
					<gx:option name="sunlight"></gx:option>
					<gx:option enabled="0" name="streetview"></gx:option>
				</gx:ViewerOptions>
				<longitude>-1.288527898793084</longitude>
				<latitude>6.884036305386363</latitude>
				<altitude>0</altitude>
				<heading>-1.318398947704609</heading>
				<tilt>20.58150250340182</tilt>
				<range>1762.478754928753</range>
				<gx:altitudeMode>relativeToSeaFloor</gx:altitudeMode>
			</LookAt>
			<styleUrl>#m_ylw-pushpin</styleUrl>
			<Point>
				<gx:drawOrder>1</gx:drawOrder>
				<coordinates>-1.290548397887958,6.886022306934118,0</coordinates>
			</Point>
		</Placemark>
		<Placemark>
			<name>cocoa246</name>
			<LookAt>
				<gx:TimeStamp><when>2017-09-22T15:16:52.597846984Z</when>
</gx:TimeStamp>
				<gx:ViewerOptions>
					<gx:option name="historicalimagery"></gx:option>
					<gx:option name="sunlight"></gx:option>
					<gx:option enabled="0" name="streetview"></gx:option>
				</gx:ViewerOptions>
				<longitude>-1.288527898793084</longitude>
				<latitude>6.884036305386363</latitude>
				<altitude>0</altitude>
				<heading>-1.318398947704609</heading>
				<tilt>20.58150250340182</tilt>
				<range>1762.478754928753</range>
				<gx:altitudeMode>relativeToSeaFloor</gx:altitudeMode>
			</LookAt>
			<styleUrl>#m_ylw-pushpin</styleUrl>
			<Point>
				<gx:drawOrder>1</gx:drawOrder>
				<coordinates>-1.29012641220659,6.881816575758947,0</coordinates>
			</Point>
		</Placemark>
		<Placemark>
			<name>cocoa247</name>
			<LookAt>
				<gx:TimeStamp><when>2017-09-22T15:16:52.597846984Z</when>
</gx:TimeStamp>
				<gx:ViewerOptions>
					<gx:option name="historicalimagery"></gx:option>
					<gx:option name="sunlight"></gx:option>
					<gx:option enabled="0" name="streetview"></gx:option>
				</gx:ViewerOptions>
				<longitude>-1.288527898793084</longitude>
				<latitude>6.884036305386363</latitude>
				<altitude>0</altitude>
				<heading>-1.318398947704609</heading>
				<tilt>20.58150250340182</tilt>
				<range>1762.478754928753</range>
				<gx:altitudeMode>relativeToSeaFloor</gx:altitudeMode>
			</LookAt>
			<styleUrl>#m_ylw-pushpin</styleUrl>
			<Point>
				<gx:drawOrder>1</gx:drawOrder>
				<coordinates>-1.292666385900392,6.88350782052478,0</coordinates>
			</Point>
		</Placemark>
		<Placemark>
			<name>cocoa248</name>
			<LookAt>
				<gx:TimeStamp><when>2017-09-22T15:16:52.597846984Z</when>
</gx:TimeStamp>
				<gx:ViewerOptions>
					<gx:option name="historicalimagery"></gx:option>
					<gx:option name="sunlight"></gx:option>
					<gx:option enabled="0" name="streetview"></gx:option>
				</gx:ViewerOptions>
				<longitude>-1.295571042986338</longitude>
				<latitude>6.880777970950393</latitude>
				<altitude>0</altitude>
				<heading>-1.319242865715172</heading>
				<tilt>20.58135210340367</tilt>
				<range>1714.849662558959</range>
				<gx:altitudeMode>relativeToSeaFloor</gx:altitudeMode>
			</LookAt>
			<styleUrl>#m_ylw-pushpin</styleUrl>
			<Point>
				<gx:drawOrder>1</gx:drawOrder>
				<coordinates>-1.300767576408587,6.877794499973596,0</coordinates>
			</Point>
		</Placemark>
		<Placemark>
			<name>cocoa249</name>
			<LookAt>
				<gx:TimeStamp><when>2017-09-22T15:16:52.597846984Z</when>
</gx:TimeStamp>
				<gx:ViewerOptions>
					<gx:option name="historicalimagery"></gx:option>
					<gx:option name="sunlight"></gx:option>
					<gx:option enabled="0" name="streetview"></gx:option>
				</gx:ViewerOptions>
				<longitude>-1.295571042986338</longitude>
				<latitude>6.880777970950393</latitude>
				<altitude>0</altitude>
				<heading>-1.319242865715172</heading>
				<tilt>20.58135210340367</tilt>
				<range>1714.849662558959</range>
				<gx:altitudeMode>relativeToSeaFloor</gx:altitudeMode>
			</LookAt>
			<styleUrl>#m_ylw-pushpin</styleUrl>
			<Point>
				<gx:drawOrder>1</gx:drawOrder>
				<coordinates>-1.300944559094194,6.880997957416114,0</coordinates>
			</Point>
		</Placemark>
		<Placemark>
			<name>cocoa250</name>
			<LookAt>
				<gx:TimeStamp><when>2017-09-22T15:16:52.597846984Z</when>
</gx:TimeStamp>
				<gx:ViewerOptions>
					<gx:option name="historicalimagery"></gx:option>
					<gx:option name="sunlight"></gx:option>
					<gx:option enabled="0" name="streetview"></gx:option>
				</gx:ViewerOptions>
				<longitude>-1.311396213520558</longitude>
				<latitude>6.899795305914392</latitude>
				<altitude>0</altitude>
				<heading>-1.222019111701692</heading>
				<tilt>33.9553391083551</tilt>
				<range>938.2789237043027</range>
				<gx:altitudeMode>relativeToSeaFloor</gx:altitudeMode>
			</LookAt>
			<styleUrl>#m_ylw-pushpin</styleUrl>
			<Point>
				<gx:drawOrder>1</gx:drawOrder>
				<coordinates>-1.312561917357696,6.901782547596314,0</coordinates>
			</Point>
		</Placemark>
		<Placemark>
			<name>cocoa251</name>
			<LookAt>
				<gx:TimeStamp><when>2017-09-22T15:16:52.597846984Z</when>
</gx:TimeStamp>
				<gx:ViewerOptions>
					<gx:option name="historicalimagery"></gx:option>
					<gx:option name="sunlight"></gx:option>
					<gx:option enabled="0" name="streetview"></gx:option>
				</gx:ViewerOptions>
				<longitude>-1.311396213520558</longitude>
				<latitude>6.899795305914392</latitude>
				<altitude>0</altitude>
				<heading>-1.222019111701692</heading>
				<tilt>33.9553391083551</tilt>
				<range>938.2789237043027</range>
				<gx:altitudeMode>relativeToSeaFloor</gx:altitudeMode>
			</LookAt>
			<styleUrl>#m_ylw-pushpin</styleUrl>
			<Point>
				<gx:drawOrder>1</gx:drawOrder>
				<coordinates>-1.313144022080101,6.898094232979427,0</coordinates>
			</Point>
		</Placemark>
		<Placemark>
			<name>cocoa252</name>
			<LookAt>
				<gx:TimeStamp><when>2017-09-22T15:16:52.597846984Z</when>
</gx:TimeStamp>
				<gx:ViewerOptions>
					<gx:option name="historicalimagery"></gx:option>
					<gx:option name="sunlight"></gx:option>
					<gx:option enabled="0" name="streetview"></gx:option>
				</gx:ViewerOptions>
				<longitude>-1.3134485050341</longitude>
				<latitude>6.900690544218645</latitude>
				<altitude>0</altitude>
				<heading>-1.22226566607428</heading>
				<tilt>33.9553033807278</tilt>
				<range>931.1580350107317</range>
				<gx:altitudeMode>relativeToSeaFloor</gx:altitudeMode>
			</LookAt>
			<styleUrl>#m_ylw-pushpin</styleUrl>
			<Point>
				<gx:drawOrder>1</gx:drawOrder>
				<coordinates>-1.316129806789735,6.901504553117397,0</coordinates>
			</Point>
		</Placemark>
		<Placemark>
			<name>cocoa253</name>
			<LookAt>
				<gx:TimeStamp><when>2017-09-22T15:16:52.597846984Z</when>
</gx:TimeStamp>
				<gx:ViewerOptions>
					<gx:option name="historicalimagery"></gx:option>
					<gx:option name="sunlight"></gx:option>
					<gx:option enabled="0" name="streetview"></gx:option>
				</gx:ViewerOptions>
				<longitude>-1.311517512048171</longitude>
				<latitude>6.89984590629314</latitude>
				<altitude>0</altitude>
				<heading>-1.222033688125584</heading>
				<tilt>33.95534621426114</tilt>
				<range>939.6952504959078</range>
				<gx:altitudeMode>relativeToSeaFloor</gx:altitudeMode>
			</LookAt>
			<styleUrl>#m_ylw-pushpin</styleUrl>
			<Point>
				<gx:drawOrder>1</gx:drawOrder>
				<coordinates>-1.311378341738484,6.898900841421902,0</coordinates>
			</Point>
		</Placemark>
		<Placemark>
			<name>cocoa254</name>
			<LookAt>
				<gx:TimeStamp><when>2017-09-22T15:16:52.597846984Z</when>
</gx:TimeStamp>
				<gx:ViewerOptions>
					<gx:option name="historicalimagery"></gx:option>
					<gx:option name="sunlight"></gx:option>
					<gx:option enabled="0" name="streetview"></gx:option>
				</gx:ViewerOptions>
				<longitude>-1.315434035724024</longitude>
				<latitude>6.901065720728417</latitude>
				<altitude>0</altitude>
				<heading>-1.222504171962896</heading>
				<tilt>33.96024432655196</tilt>
				<range>1916.070408240867</range>
				<gx:altitudeMode>relativeToSeaFloor</gx:altitudeMode>
			</LookAt>
			<styleUrl>#m_ylw-pushpin</styleUrl>
			<Point>
				<gx:drawOrder>1</gx:drawOrder>
				<coordinates>-1.318901779716332,6.898984255896712,0</coordinates>
			</Point>
		</Placemark>
		<Placemark>
			<name>cocoa255</name>
			<LookAt>
				<gx:TimeStamp><when>2017-09-22T15:16:52.597846984Z</when>
</gx:TimeStamp>
				<gx:ViewerOptions>
					<gx:option name="historicalimagery"></gx:option>
					<gx:option name="sunlight"></gx:option>
					<gx:option enabled="0" name="streetview"></gx:option>
				</gx:ViewerOptions>
				<longitude>-1.309213701621821</longitude>
				<latitude>6.903816391591703</latitude>
				<altitude>0</altitude>
				<heading>-1.176539816150127</heading>
				<tilt>46.90420800463657</tilt>
				<range>1996.392037502231</range>
				<gx:altitudeMode>relativeToSeaFloor</gx:altitudeMode>
			</LookAt>
			<styleUrl>#m_ylw-pushpin</styleUrl>
			<Point>
				<gx:drawOrder>1</gx:drawOrder>
				<coordinates>-1.305558242632386,6.903395704422675,0</coordinates>
			</Point>
		</Placemark>
		<Placemark>
			<name>cocoa256</name>
			<LookAt>
				<gx:TimeStamp><when>2017-09-22T15:16:52.597846984Z</when>
</gx:TimeStamp>
				<gx:ViewerOptions>
					<gx:option name="historicalimagery"></gx:option>
					<gx:option name="sunlight"></gx:option>
					<gx:option enabled="0" name="streetview"></gx:option>
				</gx:ViewerOptions>
				<longitude>-1.309213701621821</longitude>
				<latitude>6.903816391591703</latitude>
				<altitude>0</altitude>
				<heading>-1.176539816150127</heading>
				<tilt>46.90420800463657</tilt>
				<range>1996.392037502231</range>
				<gx:altitudeMode>relativeToSeaFloor</gx:altitudeMode>
			</LookAt>
			<styleUrl>#m_ylw-pushpin</styleUrl>
			<Point>
				<gx:drawOrder>1</gx:drawOrder>
				<coordinates>-1.306503342284715,6.909218320300436,0</coordinates>
			</Point>
		</Placemark>
		<Placemark>
			<name>cocoa257</name>
			<LookAt>
				<gx:TimeStamp><when>2017-09-22T15:16:52.597846984Z</when>
</gx:TimeStamp>
				<gx:ViewerOptions>
					<gx:option name="historicalimagery"></gx:option>
					<gx:option name="sunlight"></gx:option>
					<gx:option enabled="0" name="streetview"></gx:option>
				</gx:ViewerOptions>
				<longitude>-1.308149945318527</longitude>
				<latitude>6.910657827542134</latitude>
				<altitude>0</altitude>
				<heading>-1.167299556985798</heading>
				<tilt>50.40768440254821</tilt>
				<range>980.323726616806</range>
				<gx:altitudeMode>relativeToSeaFloor</gx:altitudeMode>
			</LookAt>
			<styleUrl>#m_ylw-pushpin</styleUrl>
			<Point>
				<gx:drawOrder>1</gx:drawOrder>
				<coordinates>-1.309921108380012,6.909693914541655,0</coordinates>
			</Point>
		</Placemark>
		<Placemark>
			<name>cocoa258</name>
			<LookAt>
				<gx:TimeStamp><when>2017-04-12T15:10:56.692314147Z</when>
</gx:TimeStamp>
				<gx:ViewerOptions>
					<gx:option name="historicalimagery"></gx:option>
					<gx:option name="sunlight"></gx:option>
					<gx:option enabled="0" name="streetview"></gx:option>
				</gx:ViewerOptions>
				<longitude>-1.333186103757604</longitude>
				<latitude>6.865957073710205</latitude>
				<altitude>0</altitude>
				<heading>0.4222212915652356</heading>
				<tilt>15.91780992686776</tilt>
				<range>1640.864289583023</range>
				<gx:altitudeMode>relativeToSeaFloor</gx:altitudeMode>
			</LookAt>
			<styleUrl>#m_ylw-pushpin</styleUrl>
			<Point>
				<gx:drawOrder>1</gx:drawOrder>
				<coordinates>-1.333522996815695,6.867403857453333,0</coordinates>
			</Point>
		</Placemark>
		<Placemark>
			<name>cocoa259</name>
			<LookAt>
				<gx:TimeStamp><when>2017-04-12T15:10:56.692314147Z</when>
</gx:TimeStamp>
				<gx:ViewerOptions>
					<gx:option name="historicalimagery"></gx:option>
					<gx:option name="sunlight"></gx:option>
					<gx:option enabled="0" name="streetview"></gx:option>
				</gx:ViewerOptions>
				<longitude>-1.333186103757604</longitude>
				<latitude>6.865957073710205</latitude>
				<altitude>0</altitude>
				<heading>0.4222212915652356</heading>
				<tilt>15.91780992686776</tilt>
				<range>1640.864289583023</range>
				<gx:altitudeMode>relativeToSeaFloor</gx:altitudeMode>
			</LookAt>
			<styleUrl>#m_ylw-pushpin</styleUrl>
			<Point>
				<gx:drawOrder>1</gx:drawOrder>
				<coordinates>-1.335427159477143,6.864551861962781,0</coordinates>
			</Point>
		</Placemark>
		<Placemark>
			<name>cocoa260</name>
			<LookAt>
				<gx:TimeStamp><when>2017-04-12T15:10:56.692314147Z</when>
</gx:TimeStamp>
				<gx:ViewerOptions>
					<gx:option name="historicalimagery"></gx:option>
					<gx:option name="sunlight"></gx:option>
					<gx:option enabled="0" name="streetview"></gx:option>
				</gx:ViewerOptions>
				<longitude>-1.333186103757604</longitude>
				<latitude>6.865957073710205</latitude>
				<altitude>0</altitude>
				<heading>0.4222212915652356</heading>
				<tilt>15.91780992686776</tilt>
				<range>1640.864289583023</range>
				<gx:altitudeMode>relativeToSeaFloor</gx:altitudeMode>
			</LookAt>
			<styleUrl>#m_ylw-pushpin</styleUrl>
			<Point>
				<gx:drawOrder>1</gx:drawOrder>
				<coordinates>-1.333186103757604,6.865957073710205,0</coordinates>
			</Point>
		</Placemark>
		<Placemark>
			<name>cocoa261</name>
			<LookAt>
				<gx:TimeStamp><when>2017-04-12T15:10:56.692314147Z</when>
</gx:TimeStamp>
				<gx:ViewerOptions>
					<gx:option name="historicalimagery"></gx:option>
					<gx:option name="sunlight"></gx:option>
					<gx:option enabled="0" name="streetview"></gx:option>
				</gx:ViewerOptions>
				<longitude>-1.333186103757604</longitude>
				<latitude>6.865957073710205</latitude>
				<altitude>0</altitude>
				<heading>0.4222212915652356</heading>
				<tilt>15.91780992686776</tilt>
				<range>1640.864289583023</range>
				<gx:altitudeMode>relativeToSeaFloor</gx:altitudeMode>
			</LookAt>
			<styleUrl>#m_ylw-pushpin</styleUrl>
			<Point>
				<gx:drawOrder>1</gx:drawOrder>
				<coordinates>-1.333316211416471,6.868970684773446,0</coordinates>
			</Point>
		</Placemark>
		<Placemark>
			<name>cocoa262</name>
			<LookAt>
				<gx:TimeStamp><when>2017-04-12T15:10:56.692314147Z</when>
</gx:TimeStamp>
				<gx:ViewerOptions>
					<gx:option name="historicalimagery"></gx:option>
					<gx:option name="sunlight"></gx:option>
					<gx:option enabled="0" name="streetview"></gx:option>
				</gx:ViewerOptions>
				<longitude>-1.333186103757604</longitude>
				<latitude>6.865957073710205</latitude>
				<altitude>0</altitude>
				<heading>0.4222212915652356</heading>
				<tilt>15.91780992686776</tilt>
				<range>1640.864289583023</range>
				<gx:altitudeMode>relativeToSeaFloor</gx:altitudeMode>
			</LookAt>
			<styleUrl>#m_ylw-pushpin</styleUrl>
			<Point>
				<gx:drawOrder>1</gx:drawOrder>
				<coordinates>-1.328187393414653,6.86117189562387,0</coordinates>
			</Point>
		</Placemark>
		<Placemark>
			<name>cocoa263</name>
			<LookAt>
				<gx:TimeStamp><when>2017-04-12T15:10:56.692314147Z</when>
</gx:TimeStamp>
				<gx:ViewerOptions>
					<gx:option name="historicalimagery"></gx:option>
					<gx:option name="sunlight"></gx:option>
					<gx:option enabled="0" name="streetview"></gx:option>
				</gx:ViewerOptions>
				<longitude>-1.333186103757604</longitude>
				<latitude>6.865957073710205</latitude>
				<altitude>0</altitude>
				<heading>0.4222212915652356</heading>
				<tilt>15.91780992686776</tilt>
				<range>1640.864289583023</range>
				<gx:altitudeMode>relativeToSeaFloor</gx:altitudeMode>
			</LookAt>
			<styleUrl>#m_ylw-pushpin</styleUrl>
			<Point>
				<gx:drawOrder>1</gx:drawOrder>
				<coordinates>-1.336009760170082,6.861425692684799,0</coordinates>
			</Point>
		</Placemark>
		<Placemark>
			<name>cocoa264</name>
			<LookAt>
				<gx:TimeStamp><when>2017-04-12T15:10:56.692314147Z</when>
</gx:TimeStamp>
				<gx:ViewerOptions>
					<gx:option name="historicalimagery"></gx:option>
					<gx:option name="sunlight"></gx:option>
					<gx:option enabled="0" name="streetview"></gx:option>
				</gx:ViewerOptions>
				<longitude>-1.332209053548555</longitude>
				<latitude>6.865474664891378</latitude>
				<altitude>0</altitude>
				<heading>0.4447852149471404</heading>
				<tilt>18.22607451892646</tilt>
				<range>1284.426967397656</range>
				<gx:altitudeMode>relativeToSeaFloor</gx:altitudeMode>
			</LookAt>
			<styleUrl>#m_ylw-pushpin</styleUrl>
			<Point>
				<gx:drawOrder>1</gx:drawOrder>
				<coordinates>-1.332982366063089,6.863619058437251,0</coordinates>
			</Point>
		</Placemark>
		<Placemark>
			<name>cocoa265</name>
			<LookAt>
				<gx:TimeStamp><when>2017-04-12T15:10:56.692314147Z</when>
</gx:TimeStamp>
				<gx:ViewerOptions>
					<gx:option name="historicalimagery"></gx:option>
					<gx:option name="sunlight"></gx:option>
					<gx:option enabled="0" name="streetview"></gx:option>
				</gx:ViewerOptions>
				<longitude>-1.332209053548555</longitude>
				<latitude>6.865474664891378</latitude>
				<altitude>0</altitude>
				<heading>0.4447852149471404</heading>
				<tilt>18.22607451892646</tilt>
				<range>1284.426967397656</range>
				<gx:altitudeMode>relativeToSeaFloor</gx:altitudeMode>
			</LookAt>
			<styleUrl>#m_ylw-pushpin</styleUrl>
			<Point>
				<gx:drawOrder>1</gx:drawOrder>
				<coordinates>-1.330690215939613,6.86333496913949,0</coordinates>
			</Point>
		</Placemark>
		<Placemark>
			<name>cocoa266</name>
			<LookAt>
				<gx:TimeStamp><when>2017-04-12T15:10:56.692314147Z</when>
</gx:TimeStamp>
				<gx:ViewerOptions>
					<gx:option name="historicalimagery"></gx:option>
					<gx:option name="sunlight"></gx:option>
					<gx:option enabled="0" name="streetview"></gx:option>
				</gx:ViewerOptions>
				<longitude>-1.332209053548555</longitude>
				<latitude>6.865474664891378</latitude>
				<altitude>0</altitude>
				<heading>0.4447852149471404</heading>
				<tilt>18.22607451892646</tilt>
				<range>1284.426967397656</range>
				<gx:altitudeMode>relativeToSeaFloor</gx:altitudeMode>
			</LookAt>
			<styleUrl>#m_ylw-pushpin</styleUrl>
			<Point>
				<gx:drawOrder>1</gx:drawOrder>
				<coordinates>-1.331939807794263,6.865543637907878,0</coordinates>
			</Point>
		</Placemark>
		<Placemark>
			<name>cocoa267</name>
			<LookAt>
				<gx:TimeStamp><when>2017-04-12T15:10:56.692314147Z</when>
</gx:TimeStamp>
				<gx:ViewerOptions>
					<gx:option name="historicalimagery"></gx:option>
					<gx:option name="sunlight"></gx:option>
					<gx:option enabled="0" name="streetview"></gx:option>
				</gx:ViewerOptions>
				<longitude>-1.329233372613657</longitude>
				<latitude>6.859165344169709</latitude>
				<altitude>0</altitude>
				<heading>0.4451409700760652</heading>
				<tilt>18.22846214435726</tilt>
				<range>2134.449511340234</range>
				<gx:altitudeMode>relativeToSeaFloor</gx:altitudeMode>
			</LookAt>
			<styleUrl>#m_ylw-pushpin</styleUrl>
			<Point>
				<gx:drawOrder>1</gx:drawOrder>
				<coordinates>-1.330548889303709,6.858761140966405,0</coordinates>
			</Point>
		</Placemark>
		<Placemark>
			<name>268</name>
			<LookAt>
				<gx:TimeStamp><when>2017-04-12T15:10:56.692314147Z</when>
</gx:TimeStamp>
				<gx:ViewerOptions>
					<gx:option name="historicalimagery"></gx:option>
					<gx:option name="sunlight"></gx:option>
					<gx:option enabled="0" name="streetview"></gx:option>
				</gx:ViewerOptions>
				<longitude>-1.329233372613657</longitude>
				<latitude>6.859165344169709</latitude>
				<altitude>0</altitude>
				<heading>0.4451409700760652</heading>
				<tilt>18.22846214435726</tilt>
				<range>2134.449511340234</range>
				<gx:altitudeMode>relativeToSeaFloor</gx:altitudeMode>
			</LookAt>
			<styleUrl>#m_ylw-pushpin</styleUrl>
			<Point>
				<gx:drawOrder>1</gx:drawOrder>
				<coordinates>-1.325959170300273,6.859229356659067,0</coordinates>
			</Point>
		</Placemark>
		<Placemark>
			<name>cocoa269</name>
			<LookAt>
				<gx:TimeStamp><when>2017-04-12T15:10:56.692314147Z</when>
</gx:TimeStamp>
				<gx:ViewerOptions>
					<gx:option name="historicalimagery"></gx:option>
					<gx:option name="sunlight"></gx:option>
					<gx:option enabled="0" name="streetview"></gx:option>
				</gx:ViewerOptions>
				<longitude>-1.329233372613657</longitude>
				<latitude>6.859165344169709</latitude>
				<altitude>0</altitude>
				<heading>0.4451409700760652</heading>
				<tilt>18.22846214435726</tilt>
				<range>2134.449511340234</range>
				<gx:altitudeMode>relativeToSeaFloor</gx:altitudeMode>
			</LookAt>
			<styleUrl>#m_ylw-pushpin</styleUrl>
			<Point>
				<gx:drawOrder>1</gx:drawOrder>
				<coordinates>-1.326823261288834,6.855504362560254,0</coordinates>
			</Point>
		</Placemark>
		<Placemark>
			<name>cocoa270</name>
			<LookAt>
				<gx:TimeStamp><when>2017-04-12T15:10:56.692314147Z</when>
</gx:TimeStamp>
				<gx:ViewerOptions>
					<gx:option name="historicalimagery"></gx:option>
					<gx:option name="sunlight"></gx:option>
					<gx:option enabled="0" name="streetview"></gx:option>
				</gx:ViewerOptions>
				<longitude>-1.329233372613657</longitude>
				<latitude>6.859165344169709</latitude>
				<altitude>0</altitude>
				<heading>0.4451409700760652</heading>
				<tilt>18.22846214435726</tilt>
				<range>2134.449511340234</range>
				<gx:altitudeMode>relativeToSeaFloor</gx:altitudeMode>
			</LookAt>
			<styleUrl>#m_ylw-pushpin</styleUrl>
			<Point>
				<gx:drawOrder>1</gx:drawOrder>
				<coordinates>-1.325662732549456,6.853335338413866,0</coordinates>
			</Point>
		</Placemark>
		<Placemark>
			<name>cocoa271</name>
			<LookAt>
				<gx:TimeStamp><when>2017-04-12T15:10:56.692314147Z</when>
</gx:TimeStamp>
				<gx:ViewerOptions>
					<gx:option name="historicalimagery"></gx:option>
					<gx:option name="sunlight"></gx:option>
					<gx:option enabled="0" name="streetview"></gx:option>
				</gx:ViewerOptions>
				<longitude>-1.334403974971181</longitude>
				<latitude>6.883407791015352</latitude>
				<altitude>0</altitude>
				<heading>0.4984094683310764</heading>
				<tilt>27.60475784970252</tilt>
				<range>1443.457158748886</range>
				<gx:altitudeMode>relativeToSeaFloor</gx:altitudeMode>
			</LookAt>
			<styleUrl>#m_ylw-pushpin</styleUrl>
			<Point>
				<gx:drawOrder>1</gx:drawOrder>
				<coordinates>-1.335573805768513,6.882044031630453,0</coordinates>
			</Point>
		</Placemark>
		<Placemark>
			<name>cocoa272</name>
			<LookAt>
				<gx:TimeStamp><when>2017-04-12T15:10:56.692314147Z</when>
</gx:TimeStamp>
				<gx:ViewerOptions>
					<gx:option name="historicalimagery"></gx:option>
					<gx:option name="sunlight"></gx:option>
					<gx:option enabled="0" name="streetview"></gx:option>
				</gx:ViewerOptions>
				<longitude>-1.334403974971181</longitude>
				<latitude>6.883407791015352</latitude>
				<altitude>0</altitude>
				<heading>0.4984094683310764</heading>
				<tilt>27.60475784970252</tilt>
				<range>1443.457158748886</range>
				<gx:altitudeMode>relativeToSeaFloor</gx:altitudeMode>
			</LookAt>
			<styleUrl>#m_ylw-pushpin</styleUrl>
			<Point>
				<gx:drawOrder>1</gx:drawOrder>
				<coordinates>-1.338496607266342,6.882054112844118,0</coordinates>
			</Point>
		</Placemark>
		<Placemark>
			<name>cocoa273</name>
			<LookAt>
				<gx:TimeStamp><when>2017-04-12T15:10:56.692314147Z</when>
</gx:TimeStamp>
				<gx:ViewerOptions>
					<gx:option name="historicalimagery"></gx:option>
					<gx:option name="sunlight"></gx:option>
					<gx:option enabled="0" name="streetview"></gx:option>
				</gx:ViewerOptions>
				<longitude>-1.334403974971181</longitude>
				<latitude>6.883407791015352</latitude>
				<altitude>0</altitude>
				<heading>0.4984094683310764</heading>
				<tilt>27.60475784970252</tilt>
				<range>1443.457158748886</range>
				<gx:altitudeMode>relativeToSeaFloor</gx:altitudeMode>
			</LookAt>
			<styleUrl>#m_ylw-pushpin</styleUrl>
			<Point>
				<gx:drawOrder>1</gx:drawOrder>
				<coordinates>-1.336191971371519,6.886588838708374,0</coordinates>
			</Point>
		</Placemark>
		<Placemark>
			<name>cocoa274</name>
			<LookAt>
				<gx:TimeStamp><when>2017-04-12T15:10:56.692314147Z</when>
</gx:TimeStamp>
				<gx:ViewerOptions>
					<gx:option name="historicalimagery"></gx:option>
					<gx:option name="sunlight"></gx:option>
					<gx:option enabled="0" name="streetview"></gx:option>
				</gx:ViewerOptions>
				<longitude>-1.334403974971181</longitude>
				<latitude>6.883407791015352</latitude>
				<altitude>0</altitude>
				<heading>0.4984094683310764</heading>
				<tilt>27.60475784970252</tilt>
				<range>1443.457158748886</range>
				<gx:altitudeMode>relativeToSeaFloor</gx:altitudeMode>
			</LookAt>
			<styleUrl>#m_ylw-pushpin</styleUrl>
			<Point>
				<gx:drawOrder>1</gx:drawOrder>
				<coordinates>-1.332614020115356,6.887666647036768,0</coordinates>
			</Point>
		</Placemark>
		<Placemark>
			<name>cocoa275</name>
			<LookAt>
				<gx:TimeStamp><when>2017-04-12T15:10:56.692314147Z</when>
</gx:TimeStamp>
				<gx:ViewerOptions>
					<gx:option name="historicalimagery"></gx:option>
					<gx:option name="sunlight"></gx:option>
					<gx:option enabled="0" name="streetview"></gx:option>
				</gx:ViewerOptions>
				<longitude>-1.336818796641358</longitude>
				<latitude>6.885583680108828</latitude>
				<altitude>0</altitude>
				<heading>0.4981198769890019</heading>
				<tilt>27.60470543163395</tilt>
				<range>1430.863674477176</range>
				<gx:altitudeMode>relativeToSeaFloor</gx:altitudeMode>
			</LookAt>
			<styleUrl>#m_ylw-pushpin</styleUrl>
			<Point>
				<gx:drawOrder>1</gx:drawOrder>
				<coordinates>-1.339723788745527,6.883814500206648,0</coordinates>
			</Point>
		</Placemark>
		<Placemark>
			<name>cocoa276</name>
			<LookAt>
				<gx:TimeStamp><when>2017-04-12T15:10:56.692314147Z</when>
</gx:TimeStamp>
				<gx:ViewerOptions>
					<gx:option name="historicalimagery"></gx:option>
					<gx:option name="sunlight"></gx:option>
					<gx:option enabled="0" name="streetview"></gx:option>
				</gx:ViewerOptions>
				<longitude>-1.336818796641358</longitude>
				<latitude>6.885583680108828</latitude>
				<altitude>0</altitude>
				<heading>0.4981198769890019</heading>
				<tilt>27.60470543163395</tilt>
				<range>1430.863674477176</range>
				<gx:altitudeMode>relativeToSeaFloor</gx:altitudeMode>
			</LookAt>
			<styleUrl>#m_ylw-pushpin</styleUrl>
			<Point>
				<gx:drawOrder>1</gx:drawOrder>
				<coordinates>-1.339948680697388,6.886826186842801,0</coordinates>
			</Point>
		</Placemark>
		<Placemark>
			<name>cocoa277</name>
			<LookAt>
				<gx:TimeStamp><when>2017-04-12T15:10:56.692314147Z</when>
</gx:TimeStamp>
				<gx:ViewerOptions>
					<gx:option name="historicalimagery"></gx:option>
					<gx:option name="sunlight"></gx:option>
					<gx:option enabled="0" name="streetview"></gx:option>
				</gx:ViewerOptions>
				<longitude>-1.336818796641358</longitude>
				<latitude>6.885583680108828</latitude>
				<altitude>0</altitude>
				<heading>0.4981198769890019</heading>
				<tilt>27.60470543163395</tilt>
				<range>1430.863674477176</range>
				<gx:altitudeMode>relativeToSeaFloor</gx:altitudeMode>
			</LookAt>
			<styleUrl>#m_ylw-pushpin</styleUrl>
			<Point>
				<gx:drawOrder>1</gx:drawOrder>
				<coordinates>-1.341288672899656,6.887207814647406,0</coordinates>
			</Point>
		</Placemark>
		<Placemark>
			<name>cocoa278</name>
			<LookAt>
				<gx:TimeStamp><when>2017-04-12T15:10:56.692314147Z</when>
</gx:TimeStamp>
				<gx:ViewerOptions>
					<gx:option name="historicalimagery"></gx:option>
					<gx:option name="sunlight"></gx:option>
					<gx:option enabled="0" name="streetview"></gx:option>
				</gx:ViewerOptions>
				<longitude>-1.336818796641358</longitude>
				<latitude>6.885583680108828</latitude>
				<altitude>0</altitude>
				<heading>0.4981198769890019</heading>
				<tilt>27.60470543163395</tilt>
				<range>1430.863674477176</range>
				<gx:altitudeMode>relativeToSeaFloor</gx:altitudeMode>
			</LookAt>
			<styleUrl>#m_ylw-pushpin</styleUrl>
			<Point>
				<gx:drawOrder>1</gx:drawOrder>
				<coordinates>-1.337451874450454,6.888399953804494,0</coordinates>
			</Point>
		</Placemark>
		<Placemark>
			<name>cocoa279</name>
			<LookAt>
				<gx:TimeStamp><when>2017-04-12T15:10:56.692314147Z</when>
</gx:TimeStamp>
				<gx:ViewerOptions>
					<gx:option name="historicalimagery"></gx:option>
					<gx:option name="sunlight"></gx:option>
					<gx:option enabled="0" name="streetview"></gx:option>
				</gx:ViewerOptions>
				<longitude>-1.338726462704005</longitude>
				<latitude>6.885151866273149</latitude>
				<altitude>0</altitude>
				<heading>0.5017817972276347</heading>
				<tilt>28.64635144390724</tilt>
				<range>1087.975496575569</range>
				<gx:altitudeMode>relativeToSeaFloor</gx:altitudeMode>
			</LookAt>
			<styleUrl>#m_ylw-pushpin</styleUrl>
			<Point>
				<gx:drawOrder>1</gx:drawOrder>
				<coordinates>-1.344494189688373,6.88839462757757,0</coordinates>
			</Point>
		</Placemark>
		<Placemark>
			<name>cocoa280</name>
			<LookAt>
				<gx:TimeStamp><when>2017-04-12T15:10:56.692314147Z</when>
</gx:TimeStamp>
				<gx:ViewerOptions>
					<gx:option name="historicalimagery"></gx:option>
					<gx:option name="sunlight"></gx:option>
					<gx:option enabled="0" name="streetview"></gx:option>
				</gx:ViewerOptions>
				<longitude>-1.342506444489035</longitude>
				<latitude>6.883759232557936</latitude>
				<altitude>0</altitude>
				<heading>0.5013288953138055</heading>
				<tilt>28.64642693599473</tilt>
				<range>1105.506095594206</range>
				<gx:altitudeMode>relativeToSeaFloor</gx:altitudeMode>
			</LookAt>
			<styleUrl>#m_ylw-pushpin</styleUrl>
			<Point>
				<gx:drawOrder>1</gx:drawOrder>
				<coordinates>-1.346121149600796,6.88537562744687,0</coordinates>
			</Point>
		</Placemark>
		<Placemark>
			<name>cocoa281</name>
			<LookAt>
				<gx:TimeStamp><when>2017-04-12T15:10:56.692314147Z</when>
</gx:TimeStamp>
				<gx:ViewerOptions>
					<gx:option name="historicalimagery"></gx:option>
					<gx:option name="sunlight"></gx:option>
					<gx:option enabled="0" name="streetview"></gx:option>
				</gx:ViewerOptions>
				<longitude>-1.342506444489035</longitude>
				<latitude>6.883759232557936</latitude>
				<altitude>0</altitude>
				<heading>0.5013288953138055</heading>
				<tilt>28.64642693599473</tilt>
				<range>1105.506095594206</range>
				<gx:altitudeMode>relativeToSeaFloor</gx:altitudeMode>
			</LookAt>
			<styleUrl>#m_ylw-pushpin</styleUrl>
			<Point>
				<gx:drawOrder>1</gx:drawOrder>
				<coordinates>-1.344404059517966,6.88620708231679,0</coordinates>
			</Point>
		</Placemark>
		<Placemark>
			<name>cocoa282</name>
			<LookAt>
				<gx:TimeStamp><when>2017-04-12T15:10:56.692314147Z</when>
</gx:TimeStamp>
				<gx:ViewerOptions>
					<gx:option name="historicalimagery"></gx:option>
					<gx:option name="sunlight"></gx:option>
					<gx:option enabled="0" name="streetview"></gx:option>
				</gx:ViewerOptions>
				<longitude>-1.342506444489035</longitude>
				<latitude>6.883759232557936</latitude>
				<altitude>0</altitude>
				<heading>0.5013288953138055</heading>
				<tilt>28.64642693599473</tilt>
				<range>1105.506095594206</range>
				<gx:altitudeMode>relativeToSeaFloor</gx:altitudeMode>
			</LookAt>
			<styleUrl>#m_ylw-pushpin</styleUrl>
			<Point>
				<gx:drawOrder>1</gx:drawOrder>
				<coordinates>-1.341026394756692,6.884567892707898,0</coordinates>
			</Point>
		</Placemark>
		<Placemark>
			<name>cocoa283</name>
			<LookAt>
				<gx:TimeStamp><when>2017-04-12T15:10:56.692314147Z</when>
</gx:TimeStamp>
				<gx:ViewerOptions>
					<gx:option name="historicalimagery"></gx:option>
					<gx:option name="sunlight"></gx:option>
					<gx:option enabled="0" name="streetview"></gx:option>
				</gx:ViewerOptions>
				<longitude>-1.339286529349096</longitude>
				<latitude>6.885481044574685</latitude>
				<altitude>0</altitude>
				<heading>0.5017149097846695</heading>
				<tilt>28.64635151703919</tilt>
				<range>1087.992600494942</range>
				<gx:altitudeMode>relativeToSeaFloor</gx:altitudeMode>
			</LookAt>
			<styleUrl>#m_ylw-pushpin</styleUrl>
			<Point>
				<gx:drawOrder>1</gx:drawOrder>
				<coordinates>-1.339006626199648,6.884867855312085,0</coordinates>
			</Point>
		</Placemark>
		<Placemark>
			<name>cocoa284</name>
			<LookAt>
				<gx:TimeStamp><when>2017-04-12T15:10:56.692314147Z</when>
</gx:TimeStamp>
				<gx:ViewerOptions>
					<gx:option name="historicalimagery"></gx:option>
					<gx:option name="sunlight"></gx:option>
					<gx:option enabled="0" name="streetview"></gx:option>
				</gx:ViewerOptions>
				<longitude>-1.339696824495075</longitude>
				<latitude>6.881425086193457</latitude>
				<altitude>0</altitude>
				<heading>0.5016657623731278</heading>
				<tilt>28.64639269154682</tilt>
				<range>1097.553943991053</range>
				<gx:altitudeMode>relativeToSeaFloor</gx:altitudeMode>
			</LookAt>
			<styleUrl>#m_ylw-pushpin</styleUrl>
			<Point>
				<gx:drawOrder>1</gx:drawOrder>
				<coordinates>-1.33982558632901,6.882115324384428,0</coordinates>
			</Point>
		</Placemark>
		<Placemark>
			<name>cocoa285</name>
			<LookAt>
				<gx:TimeStamp><when>2017-04-12T15:10:56.692314147Z</when>
</gx:TimeStamp>
				<gx:ViewerOptions>
					<gx:option name="historicalimagery"></gx:option>
					<gx:option name="sunlight"></gx:option>
					<gx:option enabled="0" name="streetview"></gx:option>
				</gx:ViewerOptions>
				<longitude>-1.345093878442249</longitude>
				<latitude>6.883885713026642</latitude>
				<altitude>0</altitude>
				<heading>0.5010190521278515</heading>
				<tilt>28.64642211237539</tilt>
				<range>1104.3859902516</range>
				<gx:altitudeMode>relativeToSeaFloor</gx:altitudeMode>
			</LookAt>
			<styleUrl>#m_ylw-pushpin</styleUrl>
			<Point>
				<gx:drawOrder>1</gx:drawOrder>
				<coordinates>-1.344727875024845,6.883061674604275,0</coordinates>
			</Point>
		</Placemark>
		<Placemark>
			<name>cocoa286</name>
			<LookAt>
				<gx:TimeStamp><when>2017-04-12T15:10:56.692314147Z</when>
</gx:TimeStamp>
				<gx:ViewerOptions>
					<gx:option name="historicalimagery"></gx:option>
					<gx:option name="sunlight"></gx:option>
					<gx:option enabled="0" name="streetview"></gx:option>
				</gx:ViewerOptions>
				<longitude>-1.338730375881187</longitude>
				<latitude>6.892779167952323</latitude>
				<altitude>0</altitude>
				<heading>0.506460726199446</heading>
				<tilt>30.00333373376969</tilt>
				<range>742.7259251043848</range>
				<gx:altitudeMode>relativeToSeaFloor</gx:altitudeMode>
			</LookAt>
			<styleUrl>#m_ylw-pushpin</styleUrl>
			<Point>
				<gx:drawOrder>1</gx:drawOrder>
				<coordinates>-1.337609214048454,6.891354597672156,0</coordinates>
			</Point>
		</Placemark>
		<Placemark>
			<name>cocoa287</name>
			<LookAt>
				<gx:TimeStamp><when>2017-04-12T15:10:56.692314147Z</when>
</gx:TimeStamp>
				<gx:ViewerOptions>
					<gx:option name="historicalimagery"></gx:option>
					<gx:option name="sunlight"></gx:option>
					<gx:option enabled="0" name="streetview"></gx:option>
				</gx:ViewerOptions>
				<longitude>-1.335510229701122</longitude>
				<latitude>6.896885791357422</latitude>
				<altitude>0</altitude>
				<heading>0.5068473979614693</heading>
				<tilt>30.00620486399415</tilt>
				<range>1381.944581616485</range>
				<gx:altitudeMode>relativeToSeaFloor</gx:altitudeMode>
			</LookAt>
			<styleUrl>#m_ylw-pushpin</styleUrl>
			<Point>
				<gx:drawOrder>1</gx:drawOrder>
				<coordinates>-1.334405993485177,6.896689586992241,0</coordinates>
			</Point>
		</Placemark>
		<Placemark>
			<name>cocoa288</name>
			<LookAt>
				<gx:TimeStamp><when>2017-04-12T15:10:56.692314147Z</when>
</gx:TimeStamp>
				<gx:ViewerOptions>
					<gx:option name="historicalimagery"></gx:option>
					<gx:option name="sunlight"></gx:option>
					<gx:option enabled="0" name="streetview"></gx:option>
				</gx:ViewerOptions>
				<longitude>-1.335510229701122</longitude>
				<latitude>6.896885791357422</latitude>
				<altitude>0</altitude>
				<heading>0.5068473979614693</heading>
				<tilt>30.00620486399415</tilt>
				<range>1381.944581616485</range>
				<gx:altitudeMode>relativeToSeaFloor</gx:altitudeMode>
			</LookAt>
			<styleUrl>#m_ylw-pushpin</styleUrl>
			<Point>
				<gx:drawOrder>1</gx:drawOrder>
				<coordinates>-1.332419936356801,6.89852316608357,0</coordinates>
			</Point>
		</Placemark>
		<Placemark>
			<name>cocoa289</name>
			<LookAt>
				<gx:TimeStamp><when>2017-04-12T15:10:56.692314147Z</when>
</gx:TimeStamp>
				<gx:ViewerOptions>
					<gx:option name="historicalimagery"></gx:option>
					<gx:option name="sunlight"></gx:option>
					<gx:option enabled="0" name="streetview"></gx:option>
				</gx:ViewerOptions>
				<longitude>-1.332181777890893</longitude>
				<latitude>6.900516245456447</latitude>
				<altitude>0</altitude>
				<heading>0.5072471118969963</heading>
				<tilt>30.00623177761656</tilt>
				<range>1387.935750622212</range>
				<gx:altitudeMode>relativeToSeaFloor</gx:altitudeMode>
			</LookAt>
			<styleUrl>#m_ylw-pushpin</styleUrl>
			<Point>
				<gx:drawOrder>1</gx:drawOrder>
				<coordinates>-1.329691458092067,6.899666501345536,0</coordinates>
			</Point>
		</Placemark>
		<Placemark>
			<name>cocoa290</name>
			<LookAt>
				<gx:TimeStamp><when>2017-04-12T15:10:56.692314147Z</when>
</gx:TimeStamp>
				<gx:ViewerOptions>
					<gx:option name="historicalimagery"></gx:option>
					<gx:option name="sunlight"></gx:option>
					<gx:option enabled="0" name="streetview"></gx:option>
				</gx:ViewerOptions>
				<longitude>-1.337333543417172</longitude>
				<latitude>6.913415570778395</latitude>
				<altitude>0</altitude>
				<heading>0.5066268582006634</heading>
				<tilt>30.00633418253269</tilt>
				<range>1410.731944780654</range>
				<gx:altitudeMode>relativeToSeaFloor</gx:altitudeMode>
			</LookAt>
			<styleUrl>#m_ylw-pushpin</styleUrl>
			<Point>
				<gx:drawOrder>1</gx:drawOrder>
				<coordinates>-1.339471967784504,6.911665583307506,0</coordinates>
			</Point>
		</Placemark>
		<Placemark>
			<name>cocoa291</name>
			<LookAt>
				<gx:TimeStamp><when>2017-04-12T15:10:56.692314147Z</when>
</gx:TimeStamp>
				<gx:ViewerOptions>
					<gx:option name="historicalimagery"></gx:option>
					<gx:option name="sunlight"></gx:option>
					<gx:option enabled="0" name="streetview"></gx:option>
				</gx:ViewerOptions>
				<longitude>-1.337333543417172</longitude>
				<latitude>6.913415570778395</latitude>
				<altitude>0</altitude>
				<heading>0.5066268582006634</heading>
				<tilt>30.00633418253269</tilt>
				<range>1410.731944780654</range>
				<gx:altitudeMode>relativeToSeaFloor</gx:altitudeMode>
			</LookAt>
			<styleUrl>#m_ylw-pushpin</styleUrl>
			<Point>
				<gx:drawOrder>1</gx:drawOrder>
				<coordinates>-1.339932419158862,6.914929134454961,0</coordinates>
			</Point>
		</Placemark>
		<Placemark>
			<name>cocoa292</name>
			<LookAt>
				<gx:TimeStamp><when>2017-04-12T15:10:56.692314147Z</when>
</gx:TimeStamp>
				<gx:ViewerOptions>
					<gx:option name="historicalimagery"></gx:option>
					<gx:option name="sunlight"></gx:option>
					<gx:option enabled="0" name="streetview"></gx:option>
				</gx:ViewerOptions>
				<longitude>-1.337333543417172</longitude>
				<latitude>6.913415570778395</latitude>
				<altitude>0</altitude>
				<heading>0.5066268582006634</heading>
				<tilt>30.00633418253269</tilt>
				<range>1410.731944780654</range>
				<gx:altitudeMode>relativeToSeaFloor</gx:altitudeMode>
			</LookAt>
			<styleUrl>#m_ylw-pushpin</styleUrl>
			<Point>
				<gx:drawOrder>1</gx:drawOrder>
				<coordinates>-1.335269410211113,6.912066570902334,0</coordinates>
			</Point>
		</Placemark>
		<Placemark>
			<name>cocoa293</name>
			<LookAt>
				<gx:TimeStamp><when>2017-04-12T15:10:56.692314147Z</when>
</gx:TimeStamp>
				<gx:ViewerOptions>
					<gx:option name="historicalimagery"></gx:option>
					<gx:option name="sunlight"></gx:option>
					<gx:option enabled="0" name="streetview"></gx:option>
				</gx:ViewerOptions>
				<longitude>-1.337333543417172</longitude>
				<latitude>6.913415570778395</latitude>
				<altitude>0</altitude>
				<heading>0.5066268582006634</heading>
				<tilt>30.00633418253269</tilt>
				<range>1410.731944780654</range>
				<gx:altitudeMode>relativeToSeaFloor</gx:altitudeMode>
			</LookAt>
			<styleUrl>#m_ylw-pushpin</styleUrl>
			<Point>
				<gx:drawOrder>1</gx:drawOrder>
				<coordinates>-1.332513393061706,6.91316650920716,0</coordinates>
			</Point>
		</Placemark>
		<Placemark>
			<name>cocoa294</name>
			<LookAt>
				<gx:TimeStamp><when>2017-04-12T15:10:56.692314147Z</when>
</gx:TimeStamp>
				<gx:ViewerOptions>
					<gx:option name="historicalimagery"></gx:option>
					<gx:option name="sunlight"></gx:option>
					<gx:option enabled="0" name="streetview"></gx:option>
				</gx:ViewerOptions>
				<longitude>-1.337333543417172</longitude>
				<latitude>6.913415570778395</latitude>
				<altitude>0</altitude>
				<heading>0.5066268582006634</heading>
				<tilt>30.00633418253269</tilt>
				<range>1410.731944780654</range>
				<gx:altitudeMode>relativeToSeaFloor</gx:altitudeMode>
			</LookAt>
			<styleUrl>#m_ylw-pushpin</styleUrl>
			<Point>
				<gx:drawOrder>1</gx:drawOrder>
				<coordinates>-1.336590716398965,6.913990416157362,0</coordinates>
			</Point>
		</Placemark>
		<Placemark>
			<name>cocoa295</name>
			<LookAt>
				<gx:TimeStamp><when>2017-04-12T15:10:56.692314147Z</when>
</gx:TimeStamp>
				<gx:ViewerOptions>
					<gx:option name="historicalimagery"></gx:option>
					<gx:option name="sunlight"></gx:option>
					<gx:option enabled="0" name="streetview"></gx:option>
				</gx:ViewerOptions>
				<longitude>-1.330928243669559</longitude>
				<latitude>6.915136356142724</latitude>
				<altitude>0</altitude>
				<heading>0.5073976793889252</heading>
				<tilt>30.00630765246954</tilt>
				<range>1404.82619256622</range>
				<gx:altitudeMode>relativeToSeaFloor</gx:altitudeMode>
			</LookAt>
			<styleUrl>#m_ylw-pushpin</styleUrl>
			<Point>
				<gx:drawOrder>1</gx:drawOrder>
				<coordinates>-1.331105955722073,6.912521382778685,0</coordinates>
			</Point>
		</Placemark>
		<Placemark>
			<name>cocoa296</name>
			<LookAt>
				<gx:TimeStamp><when>2017-04-12T15:10:56.692314147Z</when>
</gx:TimeStamp>
				<gx:ViewerOptions>
					<gx:option name="historicalimagery"></gx:option>
					<gx:option name="sunlight"></gx:option>
					<gx:option enabled="0" name="streetview"></gx:option>
				</gx:ViewerOptions>
				<longitude>-1.330928243669559</longitude>
				<latitude>6.915136356142724</latitude>
				<altitude>0</altitude>
				<heading>0.5073976793889252</heading>
				<tilt>30.00630765246954</tilt>
				<range>1404.82619256622</range>
				<gx:altitudeMode>relativeToSeaFloor</gx:altitudeMode>
			</LookAt>
			<styleUrl>#m_ylw-pushpin</styleUrl>
			<Point>
				<gx:drawOrder>1</gx:drawOrder>
				<coordinates>-1.329565503034343,6.912285080184488,0</coordinates>
			</Point>
		</Placemark>
		<Placemark>
			<name>cocoa297</name>
			<LookAt>
				<gx:TimeStamp><when>2017-04-12T15:10:56.692314147Z</when>
</gx:TimeStamp>
				<gx:ViewerOptions>
					<gx:option name="historicalimagery"></gx:option>
					<gx:option name="sunlight"></gx:option>
					<gx:option enabled="0" name="streetview"></gx:option>
				</gx:ViewerOptions>
				<longitude>-1.341480116055445</longitude>
				<latitude>6.91171366848382</latitude>
				<altitude>0</altitude>
				<heading>0.5011580668017053</heading>
				<tilt>28.56287160038363</tilt>
				<range>1113.632707464913</range>
				<gx:altitudeMode>relativeToSeaFloor</gx:altitudeMode>
			</LookAt>
			<styleUrl>#m_ylw-pushpin</styleUrl>
			<Point>
				<gx:drawOrder>1</gx:drawOrder>
				<coordinates>-1.342262877609489,6.912778030887032,0</coordinates>
			</Point>
		</Placemark>
		<Placemark>
			<name>cocoa298</name>
			<LookAt>
				<gx:TimeStamp><when>2017-04-12T15:10:56.692314147Z</when>
</gx:TimeStamp>
				<gx:ViewerOptions>
					<gx:option name="historicalimagery"></gx:option>
					<gx:option name="sunlight"></gx:option>
					<gx:option enabled="0" name="streetview"></gx:option>
				</gx:ViewerOptions>
				<longitude>-1.346366971147375</longitude>
				<latitude>6.90633179263865</latitude>
				<altitude>0</altitude>
				<heading>0.5005700296256704</heading>
				<tilt>28.5628115452852</tilt>
				<range>1099.649812361897</range>
				<gx:altitudeMode>relativeToSeaFloor</gx:altitudeMode>
			</LookAt>
			<styleUrl>#m_ylw-pushpin</styleUrl>
			<Point>
				<gx:drawOrder>1</gx:drawOrder>
				<coordinates>-1.345456169301591,6.907300660728436,0</coordinates>
			</Point>
		</Placemark>
		<Placemark>
			<name>cocoa299</name>
			<LookAt>
				<gx:TimeStamp><when>2017-04-12T15:10:56.692314147Z</when>
</gx:TimeStamp>
				<gx:ViewerOptions>
					<gx:option name="historicalimagery"></gx:option>
					<gx:option name="sunlight"></gx:option>
					<gx:option enabled="0" name="streetview"></gx:option>
				</gx:ViewerOptions>
				<longitude>-1.348307444018981</longitude>
				<latitude>6.906302147743265</latitude>
				<altitude>0</altitude>
				<heading>0.5003367341095163</heading>
				<tilt>28.56288157216187</tilt>
				<range>1115.954401046524</range>
				<gx:altitudeMode>relativeToSeaFloor</gx:altitudeMode>
			</LookAt>
			<styleUrl>#m_ylw-pushpin</styleUrl>
			<Point>
				<gx:drawOrder>1</gx:drawOrder>
				<coordinates>-1.347438769419519,6.906788274215672,0</coordinates>
			</Point>
		</Placemark>
		<Placemark>
			<name>cocoa300</name>
			<LookAt>
				<gx:TimeStamp><when>2017-04-12T15:10:56.692314147Z</when>
</gx:TimeStamp>
				<gx:ViewerOptions>
					<gx:option name="historicalimagery"></gx:option>
					<gx:option name="sunlight"></gx:option>
					<gx:option enabled="0" name="streetview"></gx:option>
				</gx:ViewerOptions>
				<longitude>-1.347920095446934</longitude>
				<latitude>6.91640220066664</latitude>
				<altitude>0</altitude>
				<heading>0.5003828644576557</heading>
				<tilt>28.56291856475723</tilt>
				<range>1124.567726527857</range>
				<gx:altitudeMode>relativeToSeaFloor</gx:altitudeMode>
			</LookAt>
			<styleUrl>#m_ylw-pushpin</styleUrl>
			<Point>
				<gx:drawOrder>1</gx:drawOrder>
				<coordinates>-1.348237977072856,6.915117744221598,0</coordinates>
			</Point>
		</Placemark>
		<Placemark>
			<name>cocoa301</name>
			<LookAt>
				<gx:TimeStamp><when>2017-04-12T15:10:56.692314147Z</when>
</gx:TimeStamp>
				<gx:ViewerOptions>
					<gx:option name="historicalimagery"></gx:option>
					<gx:option name="sunlight"></gx:option>
					<gx:option enabled="0" name="streetview"></gx:option>
				</gx:ViewerOptions>
				<longitude>-1.339498587491442</longitude>
				<latitude>6.913077541645134</latitude>
				<altitude>0</altitude>
				<heading>0.5013966194226899</heading>
				<tilt>28.56287371622003</tilt>
				<range>1114.125514916385</range>
				<gx:altitudeMode>relativeToSeaFloor</gx:altitudeMode>
			</LookAt>
			<styleUrl>#m_ylw-pushpin</styleUrl>
			<Point>
				<gx:drawOrder>1</gx:drawOrder>
				<coordinates>-1.338626141104557,6.912465634682453,0</coordinates>
			</Point>
		</Placemark>
		<Placemark>
			<name>cocoa302</name>
			<LookAt>
				<gx:TimeStamp><when>2017-04-12T15:10:56.692314147Z</when>
</gx:TimeStamp>
				<gx:ViewerOptions>
					<gx:option name="historicalimagery"></gx:option>
					<gx:option name="sunlight"></gx:option>
					<gx:option enabled="0" name="streetview"></gx:option>
				</gx:ViewerOptions>
				<longitude>-1.336326730473086</longitude>
				<latitude>6.925407368864388</latitude>
				<altitude>0</altitude>
				<heading>0.5017783211222971</heading>
				<tilt>28.56446019840471</tilt>
				<range>1483.575706780869</range>
				<gx:altitudeMode>relativeToSeaFloor</gx:altitudeMode>
			</LookAt>
			<styleUrl>#m_ylw-pushpin</styleUrl>
			<Point>
				<gx:drawOrder>1</gx:drawOrder>
				<coordinates>-1.336742145540791,6.925225198935859,0</coordinates>
			</Point>
		</Placemark>
		<Placemark>
			<name>cocoa303</name>
			<LookAt>
				<gx:TimeStamp><when>2017-04-12T15:10:56.692314147Z</when>
</gx:TimeStamp>
				<gx:ViewerOptions>
					<gx:option name="historicalimagery"></gx:option>
					<gx:option name="sunlight"></gx:option>
					<gx:option enabled="0" name="streetview"></gx:option>
				</gx:ViewerOptions>
				<longitude>-1.33730244740132</longitude>
				<latitude>6.92579984329162</latitude>
				<altitude>0</altitude>
				<heading>0.5016607926113451</heading>
				<tilt>28.56623548743375</tilt>
				<range>1896.993268384056</range>
				<gx:altitudeMode>relativeToSeaFloor</gx:altitudeMode>
			</LookAt>
			<styleUrl>#m_ylw-pushpin</styleUrl>
			<Point>
				<gx:drawOrder>1</gx:drawOrder>
				<coordinates>-1.336404467626171,6.923001015217881,0</coordinates>
			</Point>
		</Placemark>
		<Placemark>
			<name>cocoa304</name>
			<LookAt>
				<gx:TimeStamp><when>2017-04-12T15:10:56.692314147Z</when>
</gx:TimeStamp>
				<gx:ViewerOptions>
					<gx:option name="historicalimagery"></gx:option>
					<gx:option name="sunlight"></gx:option>
					<gx:option enabled="0" name="streetview"></gx:option>
				</gx:ViewerOptions>
				<longitude>-1.33730244740132</longitude>
				<latitude>6.92579984329162</latitude>
				<altitude>0</altitude>
				<heading>0.5016607926113451</heading>
				<tilt>28.56623548743375</tilt>
				<range>1896.993268384056</range>
				<gx:altitudeMode>relativeToSeaFloor</gx:altitudeMode>
			</LookAt>
			<styleUrl>#m_ylw-pushpin</styleUrl>
			<Point>
				<gx:drawOrder>1</gx:drawOrder>
				<coordinates>-1.33035463922066,6.92397686486554,0</coordinates>
			</Point>
		</Placemark>
		<Placemark>
			<name>cocoa305</name>
			<LookAt>
				<gx:TimeStamp><when>2017-04-12T15:10:56.692314147Z</when>
</gx:TimeStamp>
				<gx:ViewerOptions>
					<gx:option name="historicalimagery"></gx:option>
					<gx:option name="sunlight"></gx:option>
					<gx:option enabled="0" name="streetview"></gx:option>
				</gx:ViewerOptions>
				<longitude>-1.335321393769311</longitude>
				<latitude>6.923829000685473</latitude>
				<altitude>0</altitude>
				<heading>0.5025699700339682</heading>
				<tilt>28.74854405635088</tilt>
				<range>1041.556664159895</range>
				<gx:altitudeMode>relativeToSeaFloor</gx:altitudeMode>
			</LookAt>
			<styleUrl>#m_ylw-pushpin</styleUrl>
			<Point>
				<gx:drawOrder>1</gx:drawOrder>
				<coordinates>-1.333860380349026,6.922511129091749,0</coordinates>
			</Point>
		</Placemark>
		<Placemark>
			<name>cocoa306</name>
			<LookAt>
				<gx:TimeStamp><when>2017-04-12T15:10:56.692314147Z</when>
</gx:TimeStamp>
				<gx:ViewerOptions>
					<gx:option name="historicalimagery"></gx:option>
					<gx:option name="sunlight"></gx:option>
					<gx:option enabled="0" name="streetview"></gx:option>
				</gx:ViewerOptions>
				<longitude>-1.333132871201022</longitude>
				<latitude>6.925105710504333</latitude>
				<altitude>0</altitude>
				<heading>0.5028337494557416</heading>
				<tilt>28.74852399090916</tilt>
				<range>1036.912253472557</range>
				<gx:altitudeMode>relativeToSeaFloor</gx:altitudeMode>
			</LookAt>
			<styleUrl>#m_ylw-pushpin</styleUrl>
			<Point>
				<gx:drawOrder>1</gx:drawOrder>
				<coordinates>-1.331391719710006,6.923224477202669,0</coordinates>
			</Point>
		</Placemark>
		<Placemark>
			<name>cocoa307</name>
			<LookAt>
				<gx:TimeStamp><when>2017-04-12T15:10:56.692314147Z</when>
</gx:TimeStamp>
				<gx:ViewerOptions>
					<gx:option name="historicalimagery"></gx:option>
					<gx:option name="sunlight"></gx:option>
					<gx:option enabled="0" name="streetview"></gx:option>
				</gx:ViewerOptions>
				<longitude>-1.337619555913269</longitude>
				<latitude>6.921771783961354</latitude>
				<altitude>0</altitude>
				<heading>0.502293082625894</heading>
				<tilt>28.74850768346826</tilt>
				<range>1033.137617686466</range>
				<gx:altitudeMode>relativeToSeaFloor</gx:altitudeMode>
			</LookAt>
			<styleUrl>#m_ylw-pushpin</styleUrl>
			<Point>
				<gx:drawOrder>1</gx:drawOrder>
				<coordinates>-1.338338678865035,6.921317654616868,0</coordinates>
			</Point>
		</Placemark>
		<Placemark>
			<name>cocoa308</name>
			<LookAt>
				<gx:TimeStamp><when>2017-04-12T15:10:56.692314147Z</when>
</gx:TimeStamp>
				<gx:ViewerOptions>
					<gx:option name="historicalimagery"></gx:option>
					<gx:option name="sunlight"></gx:option>
					<gx:option enabled="0" name="streetview"></gx:option>
				</gx:ViewerOptions>
				<longitude>-1.335087744221911</longitude>
				<latitude>6.929036582116916</latitude>
				<altitude>0</altitude>
				<heading>0.5025980234776621</heading>
				<tilt>28.7485477364858</tilt>
				<range>1042.408366989263</range>
				<gx:altitudeMode>relativeToSeaFloor</gx:altitudeMode>
			</LookAt>
			<styleUrl>#m_ylw-pushpin</styleUrl>
			<Point>
				<gx:drawOrder>1</gx:drawOrder>
				<coordinates>-1.335374415622449,6.927994492650784,0</coordinates>
			</Point>
		</Placemark>
		<Placemark>
			<name>cocoa309</name>
			<LookAt>
				<gx:TimeStamp><when>2017-04-12T15:10:56.692314147Z</when>
</gx:TimeStamp>
				<gx:ViewerOptions>
					<gx:option name="historicalimagery"></gx:option>
					<gx:option name="sunlight"></gx:option>
					<gx:option enabled="0" name="streetview"></gx:option>
				</gx:ViewerOptions>
				<longitude>-1.329213648912086</longitude>
				<latitude>6.935071206373459</latitude>
				<altitude>0</altitude>
				<heading>0.5511027958825125</heading>
				<tilt>51.12658980167723</tilt>
				<range>853.1591403295312</range>
				<gx:altitudeMode>relativeToSeaFloor</gx:altitudeMode>
			</LookAt>
			<styleUrl>#m_ylw-pushpin</styleUrl>
			<Point>
				<gx:drawOrder>1</gx:drawOrder>
				<coordinates>-1.328986645319952,6.933497262122608,0</coordinates>
			</Point>
		</Placemark>
		<Placemark>
			<name>cocoa310</name>
			<LookAt>
				<gx:TimeStamp><when>2017-09-22T15:16:52.597846984Z</when>
</gx:TimeStamp>
				<gx:ViewerOptions>
					<gx:option name="historicalimagery"></gx:option>
					<gx:option name="sunlight"></gx:option>
					<gx:option enabled="0" name="streetview"></gx:option>
				</gx:ViewerOptions>
				<longitude>-1.728368191981553</longitude>
				<latitude>6.182780302941641</latitude>
				<altitude>0</altitude>
				<heading>0.4855367404646286</heading>
				<tilt>17.6268404056634</tilt>
				<range>2361.374466585863</range>
				<gx:altitudeMode>relativeToSeaFloor</gx:altitudeMode>
			</LookAt>
			<styleUrl>#m_ylw-pushpin</styleUrl>
			<Point>
				<gx:drawOrder>1</gx:drawOrder>
				<coordinates>-1.732882180523078,6.178526887022777,0</coordinates>
			</Point>
		</Placemark>
		<Placemark>
			<name>cocoa311</name>
			<LookAt>
				<gx:TimeStamp><when>2017-09-22T15:16:52.597846984Z</when>
</gx:TimeStamp>
				<gx:ViewerOptions>
					<gx:option name="historicalimagery"></gx:option>
					<gx:option name="sunlight"></gx:option>
					<gx:option enabled="0" name="streetview"></gx:option>
				</gx:ViewerOptions>
				<longitude>-1.723984965287488</longitude>
				<latitude>6.178556964436525</latitude>
				<altitude>0</altitude>
				<heading>0.4861189210328862</heading>
				<tilt>21.93659476311615</tilt>
				<range>1237.988737633137</range>
				<gx:altitudeMode>relativeToSeaFloor</gx:altitudeMode>
			</LookAt>
			<styleUrl>#m_ylw-pushpin</styleUrl>
			<Point>
				<gx:drawOrder>1</gx:drawOrder>
				<coordinates>-1.727072290220313,6.178660581651436,0</coordinates>
			</Point>
		</Placemark>
		<Placemark>
			<name>cocoa312</name>
			<LookAt>
				<gx:TimeStamp><when>2017-09-22T15:16:52.597846984Z</when>
</gx:TimeStamp>
				<gx:ViewerOptions>
					<gx:option name="historicalimagery"></gx:option>
					<gx:option name="sunlight"></gx:option>
					<gx:option enabled="0" name="streetview"></gx:option>
				</gx:ViewerOptions>
				<longitude>-1.726673156479774</longitude>
				<latitude>6.175476525875654</latitude>
				<altitude>0</altitude>
				<heading>0.4858801185547423</heading>
				<tilt>24.28120492314956</tilt>
				<range>811.0543823427448</range>
				<gx:altitudeMode>relativeToSeaFloor</gx:altitudeMode>
			</LookAt>
			<styleUrl>#m_ylw-pushpin</styleUrl>
			<Point>
				<gx:drawOrder>1</gx:drawOrder>
				<coordinates>-1.727907273291108,6.175109132170741,0</coordinates>
			</Point>
		</Placemark>
		<Placemark>
			<name>cocoa313</name>
			<LookAt>
				<gx:TimeStamp><when>2017-09-22T15:16:52.597846984Z</when>
</gx:TimeStamp>
				<gx:ViewerOptions>
					<gx:option name="historicalimagery"></gx:option>
					<gx:option name="sunlight"></gx:option>
					<gx:option enabled="0" name="streetview"></gx:option>
				</gx:ViewerOptions>
				<longitude>-1.734585308503453</longitude>
				<latitude>6.202191238873804</latitude>
				<altitude>0</altitude>
				<heading>0.4850147037088532</heading>
				<tilt>28.95692611041586</tilt>
				<range>821.2326712850144</range>
				<gx:altitudeMode>relativeToSeaFloor</gx:altitudeMode>
			</LookAt>
			<styleUrl>#m_ylw-pushpin</styleUrl>
			<Point>
				<gx:drawOrder>1</gx:drawOrder>
				<coordinates>-1.736599999850815,6.202841714193903,0</coordinates>
			</Point>
		</Placemark>
		<Placemark>
			<name>cocoa314</name>
			<LookAt>
				<gx:TimeStamp><when>2017-09-22T15:16:52.597846984Z</when>
</gx:TimeStamp>
				<gx:ViewerOptions>
					<gx:option name="historicalimagery"></gx:option>
					<gx:option name="sunlight"></gx:option>
					<gx:option enabled="0" name="streetview"></gx:option>
				</gx:ViewerOptions>
				<longitude>-1.728291502361339</longitude>
				<latitude>6.212253445862472</latitude>
				<altitude>0</altitude>
				<heading>0.485694803140007</heading>
				<tilt>28.95686987465026</tilt>
				<range>808.3021978607294</range>
				<gx:altitudeMode>relativeToSeaFloor</gx:altitudeMode>
			</LookAt>
			<styleUrl>#m_ylw-pushpin</styleUrl>
			<Point>
				<gx:drawOrder>1</gx:drawOrder>
				<coordinates>-1.731572735678583,6.211737428970333,0</coordinates>
			</Point>
		</Placemark>
		<Placemark>
			<name>cocoa315</name>
			<LookAt>
				<gx:TimeStamp><when>2017-09-22T15:16:52.597846984Z</when>
</gx:TimeStamp>
				<gx:ViewerOptions>
					<gx:option name="historicalimagery"></gx:option>
					<gx:option name="sunlight"></gx:option>
					<gx:option enabled="0" name="streetview"></gx:option>
				</gx:ViewerOptions>
				<longitude>-1.728291502361339</longitude>
				<latitude>6.212253445862472</latitude>
				<altitude>0</altitude>
				<heading>0.485694803140007</heading>
				<tilt>28.95686987465026</tilt>
				<range>808.3021978607294</range>
				<gx:altitudeMode>relativeToSeaFloor</gx:altitudeMode>
			</LookAt>
			<styleUrl>#m_ylw-pushpin</styleUrl>
			<Point>
				<gx:drawOrder>1</gx:drawOrder>
				<coordinates>-1.729915900484901,6.21111210243731,0</coordinates>
			</Point>
		</Placemark>
		<Placemark>
			<name>cocoa316</name>
			<LookAt>
				<gx:TimeStamp><when>2017-09-22T15:16:52.597846984Z</when>
</gx:TimeStamp>
				<gx:ViewerOptions>
					<gx:option name="historicalimagery"></gx:option>
					<gx:option name="sunlight"></gx:option>
					<gx:option enabled="0" name="streetview"></gx:option>
				</gx:ViewerOptions>
				<longitude>-1.728291502361339</longitude>
				<latitude>6.212253445862472</latitude>
				<altitude>0</altitude>
				<heading>0.485694803140007</heading>
				<tilt>28.95686987465026</tilt>
				<range>808.3021978607294</range>
				<gx:altitudeMode>relativeToSeaFloor</gx:altitudeMode>
			</LookAt>
			<styleUrl>#m_ylw-pushpin</styleUrl>
			<Point>
				<gx:drawOrder>1</gx:drawOrder>
				<coordinates>-1.728925844351764,6.213762079728864,0</coordinates>
			</Point>
		</Placemark>
		<Placemark>
			<name>cocoa317</name>
			<LookAt>
				<gx:TimeStamp><when>2017-09-22T15:16:52.597846984Z</when>
</gx:TimeStamp>
				<gx:ViewerOptions>
					<gx:option name="historicalimagery"></gx:option>
					<gx:option name="sunlight"></gx:option>
					<gx:option enabled="0" name="streetview"></gx:option>
				</gx:ViewerOptions>
				<longitude>-1.725555300742528</longitude>
				<latitude>6.213289860645402</latitude>
				<altitude>0</altitude>
				<heading>0.4859908653053174</heading>
				<tilt>28.95685514493655</tilt>
				<range>804.9153818972084</range>
				<gx:altitudeMode>relativeToSeaFloor</gx:altitudeMode>
			</LookAt>
			<styleUrl>#m_ylw-pushpin</styleUrl>
			<Point>
				<gx:drawOrder>1</gx:drawOrder>
				<coordinates>-1.726397233547782,6.212680873750813,0</coordinates>
			</Point>
		</Placemark>
		<Placemark>
			<name>cocoa318</name>
			<LookAt>
				<gx:TimeStamp><when>2017-09-22T15:16:52.597846984Z</when>
</gx:TimeStamp>
				<gx:ViewerOptions>
					<gx:option name="historicalimagery"></gx:option>
					<gx:option name="sunlight"></gx:option>
					<gx:option enabled="0" name="streetview"></gx:option>
				</gx:ViewerOptions>
				<longitude>-1.725413916023686</longitude>
				<latitude>6.215175678693889</latitude>
				<altitude>0</altitude>
				<heading>0.4860061551420579</heading>
				<tilt>28.9569229365479</tilt>
				<range>820.5028967203624</range>
				<gx:altitudeMode>relativeToSeaFloor</gx:altitudeMode>
			</LookAt>
			<styleUrl>#m_ylw-pushpin</styleUrl>
			<Point>
				<gx:drawOrder>1</gx:drawOrder>
				<coordinates>-1.72560361675398,6.214581616091267,0</coordinates>
			</Point>
		</Placemark>
		<Placemark>
			<name>cocoa319</name>
			<LookAt>
				<gx:TimeStamp><when>2017-09-22T15:16:52.597846984Z</when>
</gx:TimeStamp>
				<gx:ViewerOptions>
					<gx:option name="historicalimagery"></gx:option>
					<gx:option name="sunlight"></gx:option>
					<gx:option enabled="0" name="streetview"></gx:option>
				</gx:ViewerOptions>
				<longitude>-1.727225266944781</longitude>
				<latitude>6.217995325619631</latitude>
				<altitude>0</altitude>
				<heading>0.4858100677654978</heading>
				<tilt>28.95696956790281</tilt>
				<range>831.2249451294582</range>
				<gx:altitudeMode>relativeToSeaFloor</gx:altitudeMode>
			</LookAt>
			<styleUrl>#m_ylw-pushpin</styleUrl>
			<Point>
				<gx:drawOrder>1</gx:drawOrder>
				<coordinates>-1.728442136559104,6.218119683671836,0</coordinates>
			</Point>
		</Placemark>
		<Placemark>
			<name>cocoa320</name>
			<LookAt>
				<gx:TimeStamp><when>2017-09-22T15:16:52.597846984Z</when>
</gx:TimeStamp>
				<gx:ViewerOptions>
					<gx:option name="historicalimagery"></gx:option>
					<gx:option name="sunlight"></gx:option>
					<gx:option enabled="0" name="streetview"></gx:option>
				</gx:ViewerOptions>
				<longitude>-1.72918985307184</longitude>
				<latitude>6.219441965201312</latitude>
				<altitude>0</altitude>
				<heading>0.4855970816860019</heading>
				<tilt>28.95691950756057</tilt>
				<range>819.7143690205136</range>
				<gx:altitudeMode>relativeToSeaFloor</gx:altitudeMode>
			</LookAt>
			<styleUrl>#m_ylw-pushpin</styleUrl>
			<Point>
				<gx:drawOrder>1</gx:drawOrder>
				<coordinates>-1.730436778083424,6.220985292283582,0</coordinates>
			</Point>
		</Placemark>
		<Placemark>
			<name>cocoa321</name>
			<LookAt>
				<gx:TimeStamp><when>2017-09-22T15:16:52.597846984Z</when>
</gx:TimeStamp>
				<gx:ViewerOptions>
					<gx:option name="historicalimagery"></gx:option>
					<gx:option name="sunlight"></gx:option>
					<gx:option enabled="0" name="streetview"></gx:option>
				</gx:ViewerOptions>
				<longitude>-1.72918985307184</longitude>
				<latitude>6.219441965201312</latitude>
				<altitude>0</altitude>
				<heading>0.4855970816860019</heading>
				<tilt>28.95691950756057</tilt>
				<range>819.7143690205136</range>
				<gx:altitudeMode>relativeToSeaFloor</gx:altitudeMode>
			</LookAt>
			<styleUrl>#m_ylw-pushpin</styleUrl>
			<Point>
				<gx:drawOrder>1</gx:drawOrder>
				<coordinates>-1.731667422172128,6.221543241806896,0</coordinates>
			</Point>
		</Placemark>
		<Placemark>
			<name>cocoa322</name>
			<LookAt>
				<gx:TimeStamp><when>2017-09-22T15:16:52.597846984Z</when>
</gx:TimeStamp>
				<gx:ViewerOptions>
					<gx:option name="historicalimagery"></gx:option>
					<gx:option name="sunlight"></gx:option>
					<gx:option enabled="0" name="streetview"></gx:option>
				</gx:ViewerOptions>
				<longitude>-1.72129386962295</longitude>
				<latitude>6.223218788465026</latitude>
				<altitude>0</altitude>
				<heading>0.486545262130935</heading>
				<tilt>30.00331876431601</tilt>
				<range>738.9229716185632</range>
				<gx:altitudeMode>relativeToSeaFloor</gx:altitudeMode>
			</LookAt>
			<styleUrl>#m_ylw-pushpin</styleUrl>
			<Point>
				<gx:drawOrder>1</gx:drawOrder>
				<coordinates>-1.723054069649604,6.223120292431592,0</coordinates>
			</Point>
		</Placemark>
		<Placemark>
			<name>cocoa323</name>
			<LookAt>
				<gx:TimeStamp><when>2017-09-22T15:16:52.597846984Z</when>
</gx:TimeStamp>
				<gx:ViewerOptions>
					<gx:option name="historicalimagery"></gx:option>
					<gx:option name="sunlight"></gx:option>
					<gx:option enabled="0" name="streetview"></gx:option>
				</gx:ViewerOptions>
				<longitude>-1.72129386962295</longitude>
				<latitude>6.223218788465026</latitude>
				<altitude>0</altitude>
				<heading>0.486545262130935</heading>
				<tilt>30.00331876431601</tilt>
				<range>738.9229716185632</range>
				<gx:altitudeMode>relativeToSeaFloor</gx:altitudeMode>
			</LookAt>
			<styleUrl>#m_ylw-pushpin</styleUrl>
			<Point>
				<gx:drawOrder>1</gx:drawOrder>
				<coordinates>-1.721685838761087,6.224552729983489,0</coordinates>
			</Point>
		</Placemark>
		<Placemark>
			<name>cocoa324</name>
			<LookAt>
				<gx:TimeStamp><when>2017-09-22T15:16:52.597846984Z</when>
</gx:TimeStamp>
				<gx:ViewerOptions>
					<gx:option name="historicalimagery"></gx:option>
					<gx:option name="sunlight"></gx:option>
					<gx:option enabled="0" name="streetview"></gx:option>
				</gx:ViewerOptions>
				<longitude>-1.711065209393983</longitude>
				<latitude>6.22528953040513</latitude>
				<altitude>0</altitude>
				<heading>0.4876163256954677</heading>
				<tilt>29.59456929011037</tilt>
				<range>491.1447581538062</range>
				<gx:altitudeMode>relativeToSeaFloor</gx:altitudeMode>
			</LookAt>
			<styleUrl>#m_ylw-pushpin</styleUrl>
			<Point>
				<gx:drawOrder>1</gx:drawOrder>
				<coordinates>-1.71090605693594,6.224971798262358,0</coordinates>
			</Point>
		</Placemark>
		<Placemark>
			<name>cocoa325</name>
			<LookAt>
				<gx:TimeStamp><when>2017-09-22T15:16:52.597846984Z</when>
</gx:TimeStamp>
				<gx:ViewerOptions>
					<gx:option name="historicalimagery"></gx:option>
					<gx:option name="sunlight"></gx:option>
					<gx:option enabled="0" name="streetview"></gx:option>
				</gx:ViewerOptions>
				<longitude>-1.708341115938125</longitude>
				<latitude>6.226980207702177</latitude>
				<altitude>0</altitude>
				<heading>0.4879118288962754</heading>
				<tilt>29.59629790151157</tilt>
				<range>880.7851277278079</range>
				<gx:altitudeMode>relativeToSeaFloor</gx:altitudeMode>
			</LookAt>
			<styleUrl>#m_ylw-pushpin</styleUrl>
			<Point>
				<gx:drawOrder>1</gx:drawOrder>
				<coordinates>-1.709456852079612,6.224652554557953,0</coordinates>
			</Point>
		</Placemark>
		<Placemark>
			<name>cocoa326</name>
			<LookAt>
				<gx:TimeStamp><when>2017-09-22T15:16:52.597846984Z</when>
</gx:TimeStamp>
				<gx:ViewerOptions>
					<gx:option name="historicalimagery"></gx:option>
					<gx:option name="sunlight"></gx:option>
					<gx:option enabled="0" name="streetview"></gx:option>
				</gx:ViewerOptions>
				<longitude>-1.707761214302234</longitude>
				<latitude>6.238764498453413</latitude>
				<altitude>0</altitude>
				<heading>0.4883134634360852</heading>
				<tilt>32.48274115251399</tilt>
				<range>448.423071798227</range>
				<gx:altitudeMode>relativeToSeaFloor</gx:altitudeMode>
			</LookAt>
			<styleUrl>#m_ylw-pushpin</styleUrl>
			<Point>
				<gx:drawOrder>1</gx:drawOrder>
				<coordinates>-1.70930084569637,6.239704823627395,0</coordinates>
			</Point>
		</Placemark>
		<Placemark>
			<name>cocoa327</name>
			<LookAt>
				<gx:TimeStamp><when>2017-09-22T15:16:52.597846984Z</when>
</gx:TimeStamp>
				<gx:ViewerOptions>
					<gx:option name="historicalimagery"></gx:option>
					<gx:option name="sunlight"></gx:option>
					<gx:option enabled="0" name="streetview"></gx:option>
				</gx:ViewerOptions>
				<longitude>-1.707571756354244</longitude>
				<latitude>6.238777545317056</latitude>
				<altitude>0</altitude>
				<heading>0.487938698903075</heading>
				<tilt>29.38658662861614</tilt>
				<range>691.0459713473102</range>
				<gx:altitudeMode>relativeToSeaFloor</gx:altitudeMode>
			</LookAt>
			<styleUrl>#m_ylw-pushpin</styleUrl>
			<Point>
				<gx:drawOrder>1</gx:drawOrder>
				<coordinates>-1.705680066019687,6.239213453487716,0</coordinates>
			</Point>
		</Placemark>
		<Placemark>
			<name>cocoa328</name>
			<LookAt>
				<gx:TimeStamp><when>2017-09-22T15:16:52.597846984Z</when>
</gx:TimeStamp>
				<gx:ViewerOptions>
					<gx:option name="historicalimagery"></gx:option>
					<gx:option name="sunlight"></gx:option>
					<gx:option enabled="0" name="streetview"></gx:option>
				</gx:ViewerOptions>
				<longitude>-1.709097228359868</longitude>
				<latitude>6.241900768451357</latitude>
				<altitude>0</altitude>
				<heading>0.4877728895287538</heading>
				<tilt>29.38659213569144</tilt>
				<range>692.2952996846529</range>
				<gx:altitudeMode>relativeToSeaFloor</gx:altitudeMode>
			</LookAt>
			<styleUrl>#m_ylw-pushpin</styleUrl>
			<Point>
				<gx:drawOrder>1</gx:drawOrder>
				<coordinates>-1.710800849604324,6.242524199757219,0</coordinates>
			</Point>
		</Placemark>
		<Placemark>
			<name>cocoa329</name>
			<LookAt>
				<gx:TimeStamp><when>2017-09-22T15:16:52.597846984Z</when>
</gx:TimeStamp>
				<gx:ViewerOptions>
					<gx:option name="historicalimagery"></gx:option>
					<gx:option name="sunlight"></gx:option>
					<gx:option enabled="0" name="streetview"></gx:option>
				</gx:ViewerOptions>
				<longitude>-1.709095218783583</longitude>
				<latitude>6.242940976121961</latitude>
				<altitude>0</altitude>
				<heading>0.4877731062326353</heading>
				<tilt>29.38654873452257</tilt>
				<range>682.4491210978005</range>
				<gx:altitudeMode>relativeToSeaFloor</gx:altitudeMode>
			</LookAt>
			<styleUrl>#m_ylw-pushpin</styleUrl>
			<Point>
				<gx:drawOrder>1</gx:drawOrder>
				<coordinates>-1.711128707992492,6.244391132245521,0</coordinates>
			</Point>
		</Placemark>
		<Placemark>
			<name>cocoa330</name>
			<LookAt>
				<gx:TimeStamp><when>2017-09-22T15:16:52.597846984Z</when>
</gx:TimeStamp>
				<gx:ViewerOptions>
					<gx:option name="historicalimagery"></gx:option>
					<gx:option name="sunlight"></gx:option>
					<gx:option enabled="0" name="streetview"></gx:option>
				</gx:ViewerOptions>
				<longitude>-1.709095218783583</longitude>
				<latitude>6.242940976121961</latitude>
				<altitude>0</altitude>
				<heading>0.4877731062326353</heading>
				<tilt>29.38654873452257</tilt>
				<range>682.4491210978005</range>
				<gx:altitudeMode>relativeToSeaFloor</gx:altitudeMode>
			</LookAt>
			<styleUrl>#m_ylw-pushpin</styleUrl>
			<Point>
				<gx:drawOrder>1</gx:drawOrder>
				<coordinates>-1.709531199704798,6.245790808970037,0</coordinates>
			</Point>
		</Placemark>
		<Placemark>
			<name>cocoa331</name>
			<LookAt>
				<gx:TimeStamp><when>2017-09-22T15:16:52.597846984Z</when>
</gx:TimeStamp>
				<gx:ViewerOptions>
					<gx:option name="historicalimagery"></gx:option>
					<gx:option name="sunlight"></gx:option>
					<gx:option enabled="0" name="streetview"></gx:option>
				</gx:ViewerOptions>
				<longitude>-1.707787120394375</longitude>
				<latitude>6.248042894828026</latitude>
				<altitude>0</altitude>
				<heading>0.487915289119944</heading>
				<tilt>29.38655453402314</tilt>
				<range>683.7648593398422</range>
				<gx:altitudeMode>relativeToSeaFloor</gx:altitudeMode>
			</LookAt>
			<styleUrl>#m_ylw-pushpin</styleUrl>
			<Point>
				<gx:drawOrder>1</gx:drawOrder>
				<coordinates>-1.707787120394375,6.248042894828026,0</coordinates>
			</Point>
		</Placemark>
		<Placemark>
			<name>cocoa332</name>
			<LookAt>
				<gx:TimeStamp><when>2017-09-22T15:16:52.597846984Z</when>
</gx:TimeStamp>
				<gx:ViewerOptions>
					<gx:option name="historicalimagery"></gx:option>
					<gx:option name="sunlight"></gx:option>
					<gx:option enabled="0" name="streetview"></gx:option>
				</gx:ViewerOptions>
				<longitude>-1.707787120394375</longitude>
				<latitude>6.248042894828026</latitude>
				<altitude>0</altitude>
				<heading>0.487915289119944</heading>
				<tilt>29.38655453402314</tilt>
				<range>683.7648593398422</range>
				<gx:altitudeMode>relativeToSeaFloor</gx:altitudeMode>
			</LookAt>
			<styleUrl>#m_ylw-pushpin</styleUrl>
			<Point>
				<gx:drawOrder>1</gx:drawOrder>
				<coordinates>-1.706718735534234,6.247563920087636,0</coordinates>
			</Point>
		</Placemark>
		<Placemark>
			<name>cocoa333</name>
			<LookAt>
				<gx:TimeStamp><when>2017-09-22T15:16:52.597846984Z</when>
</gx:TimeStamp>
				<gx:ViewerOptions>
					<gx:option name="historicalimagery"></gx:option>
					<gx:option name="sunlight"></gx:option>
					<gx:option enabled="0" name="streetview"></gx:option>
				</gx:ViewerOptions>
				<longitude>-1.706949056980469</longitude>
				<latitude>6.246733793130042</latitude>
				<altitude>0</altitude>
				<heading>0.4880065934301856</heading>
				<tilt>29.38666184625753</tilt>
				<range>708.1843111489328</range>
				<gx:altitudeMode>relativeToSeaFloor</gx:altitudeMode>
			</LookAt>
			<styleUrl>#m_ylw-pushpin</styleUrl>
			<Point>
				<gx:drawOrder>1</gx:drawOrder>
				<coordinates>-1.70833929350562,6.246408750363031,0</coordinates>
			</Point>
		</Placemark>
		<Placemark>
			<name>cocoa334</name>
			<LookAt>
				<gx:TimeStamp><when>2017-09-22T15:16:52.597846984Z</when>
</gx:TimeStamp>
				<gx:ViewerOptions>
					<gx:option name="historicalimagery"></gx:option>
					<gx:option name="sunlight"></gx:option>
					<gx:option enabled="0" name="streetview"></gx:option>
				</gx:ViewerOptions>
				<longitude>-1.706949056980469</longitude>
				<latitude>6.246733793130042</latitude>
				<altitude>0</altitude>
				<heading>0.4880065934301856</heading>
				<tilt>29.38666184625753</tilt>
				<range>708.1843111489328</range>
				<gx:altitudeMode>relativeToSeaFloor</gx:altitudeMode>
			</LookAt>
			<styleUrl>#m_ylw-pushpin</styleUrl>
			<Point>
				<gx:drawOrder>1</gx:drawOrder>
				<coordinates>-1.708170139042703,6.2474810060946,0</coordinates>
			</Point>
		</Placemark>
		<Placemark>
			<name>cocoa335</name>
			<LookAt>
				<gx:TimeStamp><when>2017-09-22T15:16:52.597846984Z</when>
</gx:TimeStamp>
				<gx:ViewerOptions>
					<gx:option name="historicalimagery"></gx:option>
					<gx:option name="sunlight"></gx:option>
					<gx:option enabled="0" name="streetview"></gx:option>
				</gx:ViewerOptions>
				<longitude>-1.709218917919737</longitude>
				<latitude>6.253184043293098</latitude>
				<altitude>0</altitude>
				<heading>0.487847969702928</heading>
				<tilt>30.0040749082343</tilt>
				<range>907.1560260279889</range>
				<gx:altitudeMode>relativeToSeaFloor</gx:altitudeMode>
			</LookAt>
			<styleUrl>#m_ylw-pushpin</styleUrl>
			<Point>
				<gx:drawOrder>1</gx:drawOrder>
				<coordinates>-1.708759513642927,6.252162412864921,0</coordinates>
			</Point>
		</Placemark>
		<Placemark>
			<name>cocoa336</name>
			<LookAt>
				<gx:TimeStamp><when>2017-09-22T15:16:52.597846984Z</when>
</gx:TimeStamp>
				<gx:ViewerOptions>
					<gx:option name="historicalimagery"></gx:option>
					<gx:option name="sunlight"></gx:option>
					<gx:option enabled="0" name="streetview"></gx:option>
				</gx:ViewerOptions>
				<longitude>-1.71602441006462</longitude>
				<latitude>6.255718326573268</latitude>
				<altitude>0</altitude>
				<heading>0.4871067723724092</heading>
				<tilt>30.00299394776429</tilt>
				<range>666.5694674771493</range>
				<gx:altitudeMode>relativeToSeaFloor</gx:altitudeMode>
			</LookAt>
			<styleUrl>#m_ylw-pushpin</styleUrl>
			<Point>
				<gx:drawOrder>1</gx:drawOrder>
				<coordinates>-1.716990860578338,6.255027548559513,0</coordinates>
			</Point>
		</Placemark>
		<Placemark>
			<name>cocoa337</name>
			<LookAt>
				<gx:TimeStamp><when>2017-09-22T15:16:52.597846984Z</when>
</gx:TimeStamp>
				<gx:ViewerOptions>
					<gx:option name="historicalimagery"></gx:option>
					<gx:option name="sunlight"></gx:option>
					<gx:option enabled="0" name="streetview"></gx:option>
				</gx:ViewerOptions>
				<longitude>-1.708041305978106</longitude>
				<latitude>6.282562114930615</latitude>
				<altitude>0</altitude>
				<heading>0.4875788900054344</heading>
				<tilt>26.14341121429125</tilt>
				<range>515.8249552028609</range>
				<gx:altitudeMode>relativeToSeaFloor</gx:altitudeMode>
			</LookAt>
			<styleUrl>#m_ylw-pushpin</styleUrl>
			<Point>
				<gx:drawOrder>1</gx:drawOrder>
				<coordinates>-1.708997178325771,6.282245232775265,0</coordinates>
			</Point>
		</Placemark>
		<Placemark>
			<name>cocoa338</name>
			<LookAt>
				<gx:TimeStamp><when>2017-09-22T15:16:52.597846984Z</when>
</gx:TimeStamp>
				<gx:ViewerOptions>
					<gx:option name="historicalimagery"></gx:option>
					<gx:option name="sunlight"></gx:option>
					<gx:option enabled="0" name="streetview"></gx:option>
				</gx:ViewerOptions>
				<longitude>-1.708041305978106</longitude>
				<latitude>6.282562114930615</latitude>
				<altitude>0</altitude>
				<heading>0.4875788900054344</heading>
				<tilt>26.14341121429125</tilt>
				<range>515.8249552028609</range>
				<gx:altitudeMode>relativeToSeaFloor</gx:altitudeMode>
			</LookAt>
			<styleUrl>#m_ylw-pushpin</styleUrl>
			<Point>
				<gx:drawOrder>1</gx:drawOrder>
				<coordinates>-1.706810615120063,6.281988830141027,0</coordinates>
			</Point>
		</Placemark>
		<Placemark>
			<name>cocoa339</name>
			<LookAt>
				<gx:TimeStamp><when>2017-09-22T15:16:52.597846984Z</when>
</gx:TimeStamp>
				<gx:ViewerOptions>
					<gx:option name="historicalimagery"></gx:option>
					<gx:option name="sunlight"></gx:option>
					<gx:option enabled="0" name="streetview"></gx:option>
				</gx:ViewerOptions>
				<longitude>-1.710771208348923</longitude>
				<latitude>6.280251680963667</latitude>
				<altitude>0</altitude>
				<heading>0.4879929217887599</heading>
				<tilt>30.00142807036656</tilt>
				<range>318.0022429804401</range>
				<gx:altitudeMode>relativeToSeaFloor</gx:altitudeMode>
			</LookAt>
			<styleUrl>#m_ylw-pushpin</styleUrl>
			<Point>
				<gx:drawOrder>1</gx:drawOrder>
				<coordinates>-1.711291568696405,6.280410282751513,0</coordinates>
			</Point>
		</Placemark>
		<Placemark>
			<name>cocoa340</name>
			<LookAt>
				<gx:TimeStamp><when>2017-09-22T15:16:52.597846984Z</when>
</gx:TimeStamp>
				<gx:ViewerOptions>
					<gx:option name="historicalimagery"></gx:option>
					<gx:option name="sunlight"></gx:option>
					<gx:option enabled="0" name="streetview"></gx:option>
				</gx:ViewerOptions>
				<longitude>-1.711364798031081</longitude>
				<latitude>6.267468990438611</latitude>
				<altitude>0</altitude>
				<heading>0.4879271883051948</heading>
				<tilt>30.00306554877319</tilt>
				<range>682.4806530835034</range>
				<gx:altitudeMode>relativeToSeaFloor</gx:altitudeMode>
			</LookAt>
			<styleUrl>#m_ylw-pushpin</styleUrl>
			<Point>
				<gx:drawOrder>1</gx:drawOrder>
				<coordinates>-1.71286990604844,6.266691278048674,0</coordinates>
			</Point>
		</Placemark>
		<Placemark>
			<name>cocoa341</name>
			<LookAt>
				<gx:TimeStamp><when>2017-09-22T15:16:52.597846984Z</when>
</gx:TimeStamp>
				<gx:ViewerOptions>
					<gx:option name="historicalimagery"></gx:option>
					<gx:option name="sunlight"></gx:option>
					<gx:option enabled="0" name="streetview"></gx:option>
				</gx:ViewerOptions>
				<longitude>-1.711364798031081</longitude>
				<latitude>6.267468990438611</latitude>
				<altitude>0</altitude>
				<heading>0.4879271883051948</heading>
				<tilt>30.00306554877319</tilt>
				<range>682.4806530835034</range>
				<gx:altitudeMode>relativeToSeaFloor</gx:altitudeMode>
			</LookAt>
			<styleUrl>#m_ylw-pushpin</styleUrl>
			<Point>
				<gx:drawOrder>1</gx:drawOrder>
				<coordinates>-1.709028203195304,6.268048854636805,0</coordinates>
			</Point>
		</Placemark>
		<Placemark>
			<name>cocoa342</name>
			<LookAt>
				<gx:TimeStamp><when>2017-09-22T15:16:52.597846984Z</when>
</gx:TimeStamp>
				<gx:ViewerOptions>
					<gx:option name="historicalimagery"></gx:option>
					<gx:option name="sunlight"></gx:option>
					<gx:option enabled="0" name="streetview"></gx:option>
				</gx:ViewerOptions>
				<longitude>-1.709892341214305</longitude>
				<latitude>6.266396006437706</latitude>
				<altitude>0</altitude>
				<heading>0.4880879542680716</heading>
				<tilt>30.00548263970991</tilt>
				<range>1220.58985561616</range>
				<gx:altitudeMode>relativeToSeaFloor</gx:altitudeMode>
			</LookAt>
			<styleUrl>#m_ylw-pushpin</styleUrl>
			<Point>
				<gx:drawOrder>1</gx:drawOrder>
				<coordinates>-1.707912254981547,6.264541295141558,0</coordinates>
			</Point>
		</Placemark>
		<Placemark>
			<name>cocoa343</name>
			<LookAt>
				<gx:TimeStamp><when>2017-09-22T15:16:52.597846984Z</when>
</gx:TimeStamp>
				<gx:ViewerOptions>
					<gx:option name="historicalimagery"></gx:option>
					<gx:option name="sunlight"></gx:option>
					<gx:option enabled="0" name="streetview"></gx:option>
				</gx:ViewerOptions>
				<longitude>-1.709222564103272</longitude>
				<latitude>6.263866608526778</latitude>
				<altitude>0</altitude>
				<heading>0.4881634157561047</heading>
				<tilt>30.0021323725785</tilt>
				<range>474.7231093075309</range>
				<gx:altitudeMode>relativeToSeaFloor</gx:altitudeMode>
			</LookAt>
			<styleUrl>#m_ylw-pushpin</styleUrl>
			<Point>
				<gx:drawOrder>1</gx:drawOrder>
				<coordinates>-1.708717849111792,6.264701775606849,0</coordinates>
			</Point>
		</Placemark>
		<Placemark>
			<name>cocoa344</name>
			<LookAt>
				<gx:TimeStamp><when>2017-09-22T15:16:52.597846984Z</when>
</gx:TimeStamp>
				<gx:ViewerOptions>
					<gx:option name="historicalimagery"></gx:option>
					<gx:option name="sunlight"></gx:option>
					<gx:option enabled="0" name="streetview"></gx:option>
				</gx:ViewerOptions>
				<longitude>-1.708087653909829</longitude>
				<latitude>6.264364785286121</latitude>
				<altitude>0</altitude>
				<heading>0.4876645643347854</heading>
				<tilt>28.34879170401147</tilt>
				<range>1140.100864018134</range>
				<gx:altitudeMode>relativeToSeaFloor</gx:altitudeMode>
			</LookAt>
			<styleUrl>#m_ylw-pushpin</styleUrl>
			<Point>
				<gx:drawOrder>1</gx:drawOrder>
				<coordinates>-1.709024575296902,6.261651956129456,0</coordinates>
			</Point>
		</Placemark>
		<Placemark>
			<name>cocoa345</name>
			<LookAt>
				<gx:TimeStamp><when>2017-09-22T15:16:52.597846984Z</when>
</gx:TimeStamp>
				<gx:ViewerOptions>
					<gx:option name="historicalimagery"></gx:option>
					<gx:option name="sunlight"></gx:option>
					<gx:option enabled="0" name="streetview"></gx:option>
				</gx:ViewerOptions>
				<longitude>-1.708366206185085</longitude>
				<latitude>6.260382937595703</latitude>
				<altitude>0</altitude>
				<heading>0.4876341210856666</heading>
				<tilt>28.34870686099685</tilt>
				<range>1120.209991166497</range>
				<gx:altitudeMode>relativeToSeaFloor</gx:altitudeMode>
			</LookAt>
			<styleUrl>#m_ylw-pushpin</styleUrl>
			<Point>
				<gx:drawOrder>1</gx:drawOrder>
				<coordinates>-1.7098123950835,6.260357639085319,0</coordinates>
			</Point>
		</Placemark>
		<Placemark>
			<name>cocoa346</name>
			<LookAt>
				<gx:TimeStamp><when>2017-09-22T15:16:52.597846984Z</when>
</gx:TimeStamp>
				<gx:ViewerOptions>
					<gx:option name="historicalimagery"></gx:option>
					<gx:option name="sunlight"></gx:option>
					<gx:option enabled="0" name="streetview"></gx:option>
				</gx:ViewerOptions>
				<longitude>-1.709953258625081</longitude>
				<latitude>6.260222768635164</latitude>
				<altitude>0</altitude>
				<heading>0.4880833881873988</heading>
				<tilt>30.00264122562576</tilt>
				<range>588.0737252878022</range>
				<gx:altitudeMode>relativeToSeaFloor</gx:altitudeMode>
			</LookAt>
			<styleUrl>#m_ylw-pushpin</styleUrl>
			<Point>
				<gx:drawOrder>1</gx:drawOrder>
				<coordinates>-1.711129004823002,6.259832277280851,0</coordinates>
			</Point>
		</Placemark>
		<Placemark>
			<name>cocoa347</name>
			<LookAt>
				<gx:TimeStamp><when>2017-09-22T15:16:52.597846984Z</when>
</gx:TimeStamp>
				<gx:ViewerOptions>
					<gx:option name="historicalimagery"></gx:option>
					<gx:option name="sunlight"></gx:option>
					<gx:option enabled="0" name="streetview"></gx:option>
				</gx:ViewerOptions>
				<longitude>-1.711462675974121</longitude>
				<latitude>6.261010397907431</latitude>
				<altitude>0</altitude>
				<heading>0.4879188259713348</heading>
				<tilt>30.00180706272578</tilt>
				<range>402.3580030394875</range>
				<gx:altitudeMode>relativeToSeaFloor</gx:altitudeMode>
			</LookAt>
			<styleUrl>#m_ylw-pushpin</styleUrl>
			<Point>
				<gx:drawOrder>1</gx:drawOrder>
				<coordinates>-1.712182487062056,6.260486099049499,0</coordinates>
			</Point>
		</Placemark>
		<Placemark>
			<name>cocoa348</name>
			<LookAt>
				<gx:TimeStamp><when>2017-09-22T15:16:52.597846984Z</when>
</gx:TimeStamp>
				<gx:ViewerOptions>
					<gx:option name="historicalimagery"></gx:option>
					<gx:option name="sunlight"></gx:option>
					<gx:option enabled="0" name="streetview"></gx:option>
				</gx:ViewerOptions>
				<longitude>-1.711462675974121</longitude>
				<latitude>6.261010397907431</latitude>
				<altitude>0</altitude>
				<heading>0.4879188259713348</heading>
				<tilt>30.00180706272578</tilt>
				<range>402.3580030394875</range>
				<gx:altitudeMode>relativeToSeaFloor</gx:altitudeMode>
			</LookAt>
			<styleUrl>#m_ylw-pushpin</styleUrl>
			<Point>
				<gx:drawOrder>1</gx:drawOrder>
				<coordinates>-1.711803752762894,6.261863529732225,0</coordinates>
			</Point>
		</Placemark>
		<Placemark>
			<name>cocoa349</name>
			<LookAt>
				<gx:TimeStamp><when>2017-09-22T15:16:52.597846984Z</when>
</gx:TimeStamp>
				<gx:ViewerOptions>
					<gx:option name="historicalimagery"></gx:option>
					<gx:option name="sunlight"></gx:option>
					<gx:option enabled="0" name="streetview"></gx:option>
				</gx:ViewerOptions>
				<longitude>-1.707981674902499</longitude>
				<latitude>6.264296447303292</latitude>
				<altitude>0</altitude>
				<heading>0.4882866427463693</heading>
				<tilt>29.98968638890036</tilt>
				<range>409.5100137826365</range>
				<gx:altitudeMode>relativeToSeaFloor</gx:altitudeMode>
			</LookAt>
			<styleUrl>#m_ylw-pushpin</styleUrl>
			<Point>
				<gx:drawOrder>1</gx:drawOrder>
				<coordinates>-1.708484723085398,6.265512654759077,0</coordinates>
			</Point>
		</Placemark>
		<Placemark>
			<name>cocoa350</name>
			<LookAt>
				<gx:TimeStamp><when>2017-09-22T15:16:52.597846984Z</when>
</gx:TimeStamp>
				<gx:ViewerOptions>
					<gx:option name="historicalimagery"></gx:option>
					<gx:option name="sunlight"></gx:option>
					<gx:option enabled="0" name="streetview"></gx:option>
				</gx:ViewerOptions>
				<longitude>-1.707981674902499</longitude>
				<latitude>6.264296447303292</latitude>
				<altitude>0</altitude>
				<heading>0.4882866427463693</heading>
				<tilt>29.98968638890036</tilt>
				<range>409.5100137826365</range>
				<gx:altitudeMode>relativeToSeaFloor</gx:altitudeMode>
			</LookAt>
			<styleUrl>#m_ylw-pushpin</styleUrl>
			<Point>
				<gx:drawOrder>1</gx:drawOrder>
				<coordinates>-1.70924368094177,6.264492206744262,0</coordinates>
			</Point>
		</Placemark>
		<Placemark>
			<name>cocoa351</name>
			<LookAt>
				<gx:TimeStamp><when>2017-09-22T15:16:52.597846984Z</when>
</gx:TimeStamp>
				<gx:ViewerOptions>
					<gx:option name="historicalimagery"></gx:option>
					<gx:option name="sunlight"></gx:option>
					<gx:option enabled="0" name="streetview"></gx:option>
				</gx:ViewerOptions>
				<longitude>-1.70876105073611</longitude>
				<latitude>6.264114649349652</latitude>
				<altitude>0</altitude>
				<heading>0.4882016089663804</heading>
				<tilt>29.9896789981057</tilt>
				<range>407.8639827958157</range>
				<gx:altitudeMode>relativeToSeaFloor</gx:altitudeMode>
			</LookAt>
			<styleUrl>#m_ylw-pushpin</styleUrl>
			<Point>
				<gx:drawOrder>1</gx:drawOrder>
				<coordinates>-1.709682093467163,6.263715062167818,0</coordinates>
			</Point>
		</Placemark>
		<Placemark>
			<name>cocoa352</name>
			<LookAt>
				<gx:TimeStamp><when>2017-09-22T15:16:52.597846984Z</when>
</gx:TimeStamp>
				<gx:ViewerOptions>
					<gx:option name="historicalimagery"></gx:option>
					<gx:option name="sunlight"></gx:option>
					<gx:option enabled="0" name="streetview"></gx:option>
				</gx:ViewerOptions>
				<longitude>-1.69909105028598</longitude>
				<latitude>6.261652543689051</latitude>
				<altitude>0</altitude>
				<heading>0.4886700498984747</heading>
				<tilt>28.53425084777177</tilt>
				<range>624.0270872530649</range>
				<gx:altitudeMode>relativeToSeaFloor</gx:altitudeMode>
			</LookAt>
			<styleUrl>#m_ylw-pushpin</styleUrl>
			<Point>
				<gx:drawOrder>1</gx:drawOrder>
				<coordinates>-1.699704194574841,6.261965942194652,0</coordinates>
			</Point>
		</Placemark>
		<Placemark>
			<name>cocoa353</name>
			<LookAt>
				<gx:TimeStamp><when>2017-09-22T15:16:52.597846984Z</when>
</gx:TimeStamp>
				<gx:ViewerOptions>
					<gx:option name="historicalimagery"></gx:option>
					<gx:option name="sunlight"></gx:option>
					<gx:option enabled="0" name="streetview"></gx:option>
				</gx:ViewerOptions>
				<longitude>-1.69909105028598</longitude>
				<latitude>6.261652543689051</latitude>
				<altitude>0</altitude>
				<heading>0.4886700498984747</heading>
				<tilt>28.53425084777177</tilt>
				<range>624.0270872530649</range>
				<gx:altitudeMode>relativeToSeaFloor</gx:altitudeMode>
			</LookAt>
			<styleUrl>#m_ylw-pushpin</styleUrl>
			<Point>
				<gx:drawOrder>1</gx:drawOrder>
				<coordinates>-1.697836684226738,6.261079884922345,0</coordinates>
			</Point>
		</Placemark>
		<Placemark>
			<name>cocoa354</name>
			<LookAt>
				<gx:TimeStamp><when>2017-09-22T15:16:52.597846984Z</when>
</gx:TimeStamp>
				<gx:ViewerOptions>
					<gx:option name="historicalimagery"></gx:option>
					<gx:option name="sunlight"></gx:option>
					<gx:option enabled="0" name="streetview"></gx:option>
				</gx:ViewerOptions>
				<longitude>-1.697362845082856</longitude>
				<latitude>6.26012948137262</latitude>
				<altitude>0</altitude>
				<heading>0.488748508738823</heading>
				<tilt>28.28591490213299</tilt>
				<range>530.6325450219344</range>
				<gx:altitudeMode>relativeToSeaFloor</gx:altitudeMode>
			</LookAt>
			<styleUrl>#m_ylw-pushpin</styleUrl>
			<Point>
				<gx:drawOrder>1</gx:drawOrder>
				<coordinates>-1.697098644610616,6.259653322338689,0</coordinates>
			</Point>
		</Placemark>
		<Placemark>
			<name>cocoa355</name>
			<LookAt>
				<gx:TimeStamp><when>2017-09-22T15:16:52.597846984Z</when>
</gx:TimeStamp>
				<gx:ViewerOptions>
					<gx:option name="historicalimagery"></gx:option>
					<gx:option name="sunlight"></gx:option>
					<gx:option enabled="0" name="streetview"></gx:option>
				</gx:ViewerOptions>
				<longitude>-1.704069796783565</longitude>
				<latitude>6.268198445413367</latitude>
				<altitude>0</altitude>
				<heading>0.4889557827920352</heading>
				<tilt>30.62989549542224</tilt>
				<range>559.8692307854948</range>
				<gx:altitudeMode>relativeToSeaFloor</gx:altitudeMode>
			</LookAt>
			<styleUrl>#m_ylw-pushpin</styleUrl>
			<Point>
				<gx:drawOrder>1</gx:drawOrder>
				<coordinates>-1.704994286653453,6.267106866293637,0</coordinates>
			</Point>
		</Placemark>
		<Placemark>
			<name>cocoa356</name>
			<LookAt>
				<gx:TimeStamp><when>2017-09-22T15:16:52.597846984Z</when>
</gx:TimeStamp>
				<gx:ViewerOptions>
					<gx:option name="historicalimagery"></gx:option>
					<gx:option name="sunlight"></gx:option>
					<gx:option enabled="0" name="streetview"></gx:option>
				</gx:ViewerOptions>
				<longitude>-1.700377402456092</longitude>
				<latitude>6.268684237409059</latitude>
				<altitude>0</altitude>
				<heading>0.4893588357486601</heading>
				<tilt>30.62983166869323</tilt>
				<range>545.9232149505697</range>
				<gx:altitudeMode>relativeToSeaFloor</gx:altitudeMode>
			</LookAt>
			<styleUrl>#m_ylw-pushpin</styleUrl>
			<Point>
				<gx:drawOrder>1</gx:drawOrder>
				<coordinates>-1.70012337510219,6.268824380975087,0</coordinates>
			</Point>
		</Placemark>
		<Placemark>
			<name>cocoa357</name>
			<LookAt>
				<gx:TimeStamp><when>2017-09-22T15:16:52.597846984Z</when>
</gx:TimeStamp>
				<gx:ViewerOptions>
					<gx:option name="historicalimagery"></gx:option>
					<gx:option name="sunlight"></gx:option>
					<gx:option enabled="0" name="streetview"></gx:option>
				</gx:ViewerOptions>
				<longitude>-1.700377402456092</longitude>
				<latitude>6.268684237409059</latitude>
				<altitude>0</altitude>
				<heading>0.4893588357486601</heading>
				<tilt>30.62983166869323</tilt>
				<range>545.9232149505697</range>
				<gx:altitudeMode>relativeToSeaFloor</gx:altitudeMode>
			</LookAt>
			<styleUrl>#m_ylw-pushpin</styleUrl>
			<Point>
				<gx:drawOrder>1</gx:drawOrder>
				<coordinates>-1.701467561556544,6.26819122313711,0</coordinates>
			</Point>
		</Placemark>
		<Placemark>
			<name>cocoa358</name>
			<LookAt>
				<gx:TimeStamp><when>2017-09-22T15:16:52.597846984Z</when>
</gx:TimeStamp>
				<gx:ViewerOptions>
					<gx:option name="historicalimagery"></gx:option>
					<gx:option name="sunlight"></gx:option>
					<gx:option enabled="0" name="streetview"></gx:option>
				</gx:ViewerOptions>
				<longitude>-1.694123446366426</longitude>
				<latitude>6.271493290915401</latitude>
				<altitude>0</altitude>
				<heading>0.488361613039484</heading>
				<tilt>26.70329982432665</tilt>
				<range>1227.363132765347</range>
				<gx:altitudeMode>relativeToSeaFloor</gx:altitudeMode>
			</LookAt>
			<styleUrl>#m_ylw-pushpin</styleUrl>
			<Point>
				<gx:drawOrder>1</gx:drawOrder>
				<coordinates>-1.695741059282891,6.268749426188688,0</coordinates>
			</Point>
		</Placemark>
		<Placemark>
			<name>cocoa359</name>
			<LookAt>
				<gx:TimeStamp><when>2017-09-22T15:16:52.597846984Z</when>
</gx:TimeStamp>
				<gx:ViewerOptions>
					<gx:option name="historicalimagery"></gx:option>
					<gx:option name="sunlight"></gx:option>
					<gx:option enabled="0" name="streetview"></gx:option>
				</gx:ViewerOptions>
				<longitude>-1.694123446366426</longitude>
				<latitude>6.271493290915401</latitude>
				<altitude>0</altitude>
				<heading>0.488361613039484</heading>
				<tilt>26.70329982432665</tilt>
				<range>1227.363132765347</range>
				<gx:altitudeMode>relativeToSeaFloor</gx:altitudeMode>
			</LookAt>
			<styleUrl>#m_ylw-pushpin</styleUrl>
			<Point>
				<gx:drawOrder>1</gx:drawOrder>
				<coordinates>-1.695642899376858,6.274576341001452,0</coordinates>
			</Point>
		</Placemark>
		<Placemark>
			<name>cocoa360</name>
			<LookAt>
				<gx:TimeStamp><when>2017-09-22T15:16:52.597846984Z</when>
</gx:TimeStamp>
				<gx:ViewerOptions>
					<gx:option name="historicalimagery"></gx:option>
					<gx:option name="sunlight"></gx:option>
					<gx:option enabled="0" name="streetview"></gx:option>
				</gx:ViewerOptions>
				<longitude>-1.694123446366426</longitude>
				<latitude>6.271493290915401</latitude>
				<altitude>0</altitude>
				<heading>0.488361613039484</heading>
				<tilt>26.70329982432665</tilt>
				<range>1227.363132765347</range>
				<gx:altitudeMode>relativeToSeaFloor</gx:altitudeMode>
			</LookAt>
			<styleUrl>#m_ylw-pushpin</styleUrl>
			<Point>
				<gx:drawOrder>1</gx:drawOrder>
				<coordinates>-1.693772882425389,6.271345977791722,0</coordinates>
			</Point>
		</Placemark>
		<Placemark>
			<name>cocoa361</name>
			<LookAt>
				<gx:TimeStamp><when>2017-09-22T15:16:52.597846984Z</when>
</gx:TimeStamp>
				<gx:ViewerOptions>
					<gx:option name="historicalimagery"></gx:option>
					<gx:option name="sunlight"></gx:option>
					<gx:option enabled="0" name="streetview"></gx:option>
				</gx:ViewerOptions>
				<longitude>-1.694123446366426</longitude>
				<latitude>6.271493290915401</latitude>
				<altitude>0</altitude>
				<heading>0.488361613039484</heading>
				<tilt>26.70329982432665</tilt>
				<range>1227.363132765347</range>
				<gx:altitudeMode>relativeToSeaFloor</gx:altitudeMode>
			</LookAt>
			<styleUrl>#m_ylw-pushpin</styleUrl>
			<Point>
				<gx:drawOrder>1</gx:drawOrder>
				<coordinates>-1.692825405479679,6.272511973195197,0</coordinates>
			</Point>
		</Placemark>
		<Placemark>
			<name>cocoa362</name>
			<LookAt>
				<gx:TimeStamp><when>2017-09-22T15:16:52.597846984Z</when>
</gx:TimeStamp>
				<gx:ViewerOptions>
					<gx:option name="historicalimagery"></gx:option>
					<gx:option name="sunlight"></gx:option>
					<gx:option enabled="0" name="streetview"></gx:option>
				</gx:ViewerOptions>
				<longitude>-1.692877278791005</longitude>
				<latitude>6.274880043349691</latitude>
				<altitude>0</altitude>
				<heading>0.4884976191039528</heading>
				<tilt>26.7033325607827</tilt>
				<range>1235.472762907278</range>
				<gx:altitudeMode>relativeToSeaFloor</gx:altitudeMode>
			</LookAt>
			<styleUrl>#m_ylw-pushpin</styleUrl>
			<Point>
				<gx:drawOrder>1</gx:drawOrder>
				<coordinates>-1.693360027387183,6.273491185344178,0</coordinates>
			</Point>
		</Placemark>
		<Placemark>
			<name>cocoa363</name>
			<LookAt>
				<gx:TimeStamp><when>2017-09-22T15:16:52.597846984Z</when>
</gx:TimeStamp>
				<gx:ViewerOptions>
					<gx:option name="historicalimagery"></gx:option>
					<gx:option name="sunlight"></gx:option>
					<gx:option enabled="0" name="streetview"></gx:option>
				</gx:ViewerOptions>
				<longitude>-1.696387935943129</longitude>
				<latitude>6.277966593630924</latitude>
				<altitude>0</altitude>
				<heading>0.4872901539865539</heading>
				<tilt>25.03514965621824</tilt>
				<range>452.5560789115736</range>
				<gx:altitudeMode>relativeToSeaFloor</gx:altitudeMode>
			</LookAt>
			<styleUrl>#m_ylw-pushpin</styleUrl>
			<Point>
				<gx:drawOrder>1</gx:drawOrder>
				<coordinates>-1.696006091123455,6.277026472857593,0</coordinates>
			</Point>
		</Placemark>
		<Placemark>
			<name>cocoa364</name>
			<LookAt>
				<gx:TimeStamp><when>2017-09-22T15:16:52.597846984Z</when>
</gx:TimeStamp>
				<gx:ViewerOptions>
					<gx:option name="historicalimagery"></gx:option>
					<gx:option name="sunlight"></gx:option>
					<gx:option enabled="0" name="streetview"></gx:option>
				</gx:ViewerOptions>
				<longitude>-1.691253666488152</longitude>
				<latitude>6.277354377151638</latitude>
				<altitude>0</altitude>
				<heading>0.4878514666864653</heading>
				<tilt>25.03512432396427</tilt>
				<range>445.8920495692586</range>
				<gx:altitudeMode>relativeToSeaFloor</gx:altitudeMode>
			</LookAt>
			<styleUrl>#m_ylw-pushpin</styleUrl>
			<Point>
				<gx:drawOrder>1</gx:drawOrder>
				<coordinates>-1.690470885505988,6.277824307850233,0</coordinates>
			</Point>
		</Placemark>
		<Placemark>
			<name>cocoa365</name>
			<LookAt>
				<gx:TimeStamp><when>2017-09-22T15:16:52.597846984Z</when>
</gx:TimeStamp>
				<gx:ViewerOptions>
					<gx:option name="historicalimagery"></gx:option>
					<gx:option name="sunlight"></gx:option>
					<gx:option enabled="0" name="streetview"></gx:option>
				</gx:ViewerOptions>
				<longitude>-1.682779368636586</longitude>
				<latitude>6.276615331606711</latitude>
				<altitude>0</altitude>
				<heading>0.4887779325297514</heading>
				<tilt>25.03508827416022</tilt>
				<range>436.4085416011201</range>
				<gx:altitudeMode>relativeToSeaFloor</gx:altitudeMode>
			</LookAt>
			<styleUrl>#m_ylw-pushpin</styleUrl>
			<Point>
				<gx:drawOrder>1</gx:drawOrder>
				<coordinates>-1.682751232690473,6.276870862624826,0</coordinates>
			</Point>
		</Placemark>
		<Placemark>
			<name>cocoa366</name>
			<LookAt>
				<gx:TimeStamp><when>2017-09-22T15:16:52.597846984Z</when>
</gx:TimeStamp>
				<gx:ViewerOptions>
					<gx:option name="historicalimagery"></gx:option>
					<gx:option name="sunlight"></gx:option>
					<gx:option enabled="0" name="streetview"></gx:option>
				</gx:ViewerOptions>
				<longitude>-1.682779368636586</longitude>
				<latitude>6.276615331606711</latitude>
				<altitude>0</altitude>
				<heading>0.4887779325297514</heading>
				<tilt>25.03508827416022</tilt>
				<range>436.4085416011201</range>
				<gx:altitudeMode>relativeToSeaFloor</gx:altitudeMode>
			</LookAt>
			<styleUrl>#m_ylw-pushpin</styleUrl>
			<Point>
				<gx:drawOrder>1</gx:drawOrder>
				<coordinates>-1.68325566225656,6.276300992815439,0</coordinates>
			</Point>
		</Placemark>
		<Placemark>
			<name>cocoa367</name>
			<LookAt>
				<gx:TimeStamp><when>2017-09-22T15:16:52.597846984Z</when>
</gx:TimeStamp>
				<gx:ViewerOptions>
					<gx:option name="historicalimagery"></gx:option>
					<gx:option name="sunlight"></gx:option>
					<gx:option enabled="0" name="streetview"></gx:option>
				</gx:ViewerOptions>
				<longitude>-1.68115855521378</longitude>
				<latitude>6.275027323925738</latitude>
				<altitude>0</altitude>
				<heading>0.4878516891035853</heading>
				<tilt>23.15451479382074</tilt>
				<range>1193.613254234118</range>
				<gx:altitudeMode>relativeToSeaFloor</gx:altitudeMode>
			</LookAt>
			<styleUrl>#m_ylw-pushpin</styleUrl>
			<Point>
				<gx:drawOrder>1</gx:drawOrder>
				<coordinates>-1.682871233955657,6.275728898072371,0</coordinates>
			</Point>
		</Placemark>
		<Placemark>
			<name>cocoa368</name>
			<LookAt>
				<gx:TimeStamp><when>2017-09-22T15:16:52.597846984Z</when>
</gx:TimeStamp>
				<gx:ViewerOptions>
					<gx:option name="historicalimagery"></gx:option>
					<gx:option name="sunlight"></gx:option>
					<gx:option enabled="0" name="streetview"></gx:option>
				</gx:ViewerOptions>
				<longitude>-1.681158554717577</longitude>
				<latitude>6.275027324357454</latitude>
				<altitude>0</altitude>
				<heading>0.4878516903024969</heading>
				<tilt>23.15451479425662</tilt>
				<range>1193.613274641106</range>
				<gx:altitudeMode>relativeToSeaFloor</gx:altitudeMode>
			</LookAt>
			<styleUrl>#m_ylw-pushpin</styleUrl>
			<Point>
				<gx:drawOrder>1</gx:drawOrder>
				<coordinates>-1.679880258264888,6.273777295659281,0</coordinates>
			</Point>
		</Placemark>
		<Placemark>
			<name>cocoa369</name>
			<LookAt>
				<gx:TimeStamp><when>2017-09-22T15:16:52.597846984Z</when>
</gx:TimeStamp>
				<gx:ViewerOptions>
					<gx:option name="historicalimagery"></gx:option>
					<gx:option name="sunlight"></gx:option>
					<gx:option enabled="0" name="streetview"></gx:option>
				</gx:ViewerOptions>
				<longitude>-1.689535435723193</longitude>
				<latitude>6.282846684043773</latitude>
				<altitude>0</altitude>
				<heading>0.4869355278825774</heading>
				<tilt>23.15449462047902</tilt>
				<range>1187.901947558184</range>
				<gx:altitudeMode>relativeToSeaFloor</gx:altitudeMode>
			</LookAt>
			<styleUrl>#m_ylw-pushpin</styleUrl>
			<Point>
				<gx:drawOrder>1</gx:drawOrder>
				<coordinates>-1.69265780610493,6.281047614728528,0</coordinates>
			</Point>
		</Placemark>
		<Placemark>
			<name>cocoa370</name>
			<LookAt>
				<gx:TimeStamp><when>2017-09-22T15:16:52.597846984Z</when>
</gx:TimeStamp>
				<gx:ViewerOptions>
					<gx:option name="historicalimagery"></gx:option>
					<gx:option name="sunlight"></gx:option>
					<gx:option enabled="0" name="streetview"></gx:option>
				</gx:ViewerOptions>
				<longitude>-1.690979351512327</longitude>
				<latitude>6.281468333255586</latitude>
				<altitude>0</altitude>
				<heading>0.4867775283538162</heading>
				<tilt>23.15451233660124</tilt>
				<range>1192.917477718078</range>
				<gx:altitudeMode>relativeToSeaFloor</gx:altitudeMode>
			</LookAt>
			<styleUrl>#m_ylw-pushpin</styleUrl>
			<Point>
				<gx:drawOrder>1</gx:drawOrder>
				<coordinates>-1.695061535058712,6.279610100850135,0</coordinates>
			</Point>
		</Placemark>
		<Placemark>
			<name>cocoa371</name>
			<LookAt>
				<gx:TimeStamp><when>2017-09-22T15:16:52.597846984Z</when>
</gx:TimeStamp>
				<gx:ViewerOptions>
					<gx:option name="historicalimagery"></gx:option>
					<gx:option name="sunlight"></gx:option>
					<gx:option enabled="0" name="streetview"></gx:option>
				</gx:ViewerOptions>
				<longitude>-1.675452102797501</longitude>
				<latitude>6.287917713281382</latitude>
				<altitude>0</altitude>
				<heading>0.488476952134067</heading>
				<tilt>23.15455033351619</tilt>
				<range>1203.674855974595</range>
				<gx:altitudeMode>relativeToSeaFloor</gx:altitudeMode>
			</LookAt>
			<styleUrl>#m_ylw-pushpin</styleUrl>
			<Point>
				<gx:drawOrder>1</gx:drawOrder>
				<coordinates>-1.67710176618964,6.285885084512343,0</coordinates>
			</Point>
		</Placemark>
		<Placemark>
			<name>cocoa372</name>
			<LookAt>
				<gx:TimeStamp><when>2017-09-22T15:16:52.597846984Z</when>
</gx:TimeStamp>
				<gx:ViewerOptions>
					<gx:option name="historicalimagery"></gx:option>
					<gx:option name="sunlight"></gx:option>
					<gx:option enabled="0" name="streetview"></gx:option>
				</gx:ViewerOptions>
				<longitude>-1.675452102797501</longitude>
				<latitude>6.287917713281382</latitude>
				<altitude>0</altitude>
				<heading>0.488476952134067</heading>
				<tilt>23.15455033351619</tilt>
				<range>1203.674855974595</range>
				<gx:altitudeMode>relativeToSeaFloor</gx:altitudeMode>
			</LookAt>
			<styleUrl>#m_ylw-pushpin</styleUrl>
			<Point>
				<gx:drawOrder>1</gx:drawOrder>
				<coordinates>-1.676269709391919,6.287970145692793,0</coordinates>
			</Point>
		</Placemark>
		<Placemark>
			<name>cocoa373</name>
			<LookAt>
				<gx:TimeStamp><when>2017-09-22T15:16:52.597846984Z</when>
</gx:TimeStamp>
				<gx:ViewerOptions>
					<gx:option name="historicalimagery"></gx:option>
					<gx:option name="sunlight"></gx:option>
					<gx:option enabled="0" name="streetview"></gx:option>
				</gx:ViewerOptions>
				<longitude>-1.669469884406007</longitude>
				<latitude>6.287296634697551</latitude>
				<altitude>0</altitude>
				<heading>0.4891320026633562</heading>
				<tilt>23.15451544009309</tilt>
				<range>1193.79616081209</range>
				<gx:altitudeMode>relativeToSeaFloor</gx:altitudeMode>
			</LookAt>
			<styleUrl>#m_ylw-pushpin</styleUrl>
			<Point>
				<gx:drawOrder>1</gx:drawOrder>
				<coordinates>-1.670489960752709,6.28491196791591,0</coordinates>
			</Point>
		</Placemark>
		<Placemark>
			<name>cocoa374</name>
			<LookAt>
				<gx:TimeStamp><when>2017-09-22T15:16:52.597846984Z</when>
</gx:TimeStamp>
				<gx:ViewerOptions>
					<gx:option name="historicalimagery"></gx:option>
					<gx:option name="sunlight"></gx:option>
					<gx:option enabled="0" name="streetview"></gx:option>
				</gx:ViewerOptions>
				<longitude>-1.669466816511739</longitude>
				<latitude>6.288016347355884</latitude>
				<altitude>0</altitude>
				<heading>0.4891323257097178</heading>
				<tilt>23.15453817289084</tilt>
				<range>1200.232071927521</range>
				<gx:altitudeMode>relativeToSeaFloor</gx:altitudeMode>
			</LookAt>
			<styleUrl>#m_ylw-pushpin</styleUrl>
			<Point>
				<gx:drawOrder>1</gx:drawOrder>
				<coordinates>-1.668706289793966,6.289891310676169,0</coordinates>
			</Point>
		</Placemark>
		<Placemark>
			<name>cocoa375</name>
			<LookAt>
				<gx:TimeStamp><when>2017-09-22T15:16:52.597846984Z</when>
</gx:TimeStamp>
				<gx:ViewerOptions>
					<gx:option name="historicalimagery"></gx:option>
					<gx:option name="sunlight"></gx:option>
					<gx:option enabled="0" name="streetview"></gx:option>
				</gx:ViewerOptions>
				<longitude>-1.665718874251943</longitude>
				<latitude>6.290024975952221</latitude>
				<altitude>0</altitude>
				<heading>0.4895427942992676</heading>
				<tilt>23.15447242183748</tilt>
				<range>1181.617195008497</range>
				<gx:altitudeMode>relativeToSeaFloor</gx:altitudeMode>
			</LookAt>
			<styleUrl>#m_ylw-pushpin</styleUrl>
			<Point>
				<gx:drawOrder>1</gx:drawOrder>
				<coordinates>-1.666601330501736,6.290635666716042,0</coordinates>
			</Point>
		</Placemark>
		<Placemark>
			<name>cocoa376</name>
			<LookAt>
				<gx:TimeStamp><when>2017-09-22T15:16:52.597846984Z</when>
</gx:TimeStamp>
				<gx:ViewerOptions>
					<gx:option name="historicalimagery"></gx:option>
					<gx:option name="sunlight"></gx:option>
					<gx:option enabled="0" name="streetview"></gx:option>
				</gx:ViewerOptions>
				<longitude>-1.665718874251943</longitude>
				<latitude>6.290024975952221</latitude>
				<altitude>0</altitude>
				<heading>0.4895427942992676</heading>
				<tilt>23.15447242183748</tilt>
				<range>1181.617195008497</range>
				<gx:altitudeMode>relativeToSeaFloor</gx:altitudeMode>
			</LookAt>
			<styleUrl>#m_ylw-pushpin</styleUrl>
			<Point>
				<gx:drawOrder>1</gx:drawOrder>
				<coordinates>-1.663682108573258,6.290178751970699,0</coordinates>
			</Point>
		</Placemark>
		<Placemark>
			<name>cocoa378</name>
			<LookAt>
				<gx:TimeStamp><when>2017-09-22T15:16:52.597846984Z</when>
</gx:TimeStamp>
				<gx:ViewerOptions>
					<gx:option name="historicalimagery"></gx:option>
					<gx:option name="sunlight"></gx:option>
					<gx:option enabled="0" name="streetview"></gx:option>
				</gx:ViewerOptions>
				<longitude>-1.660887436317595</longitude>
				<latitude>6.287063046420932</latitude>
				<altitude>0</altitude>
				<heading>0.4900719402561267</heading>
				<tilt>23.15449694941499</tilt>
				<range>1188.561384559278</range>
				<gx:altitudeMode>relativeToSeaFloor</gx:altitudeMode>
			</LookAt>
			<styleUrl>#m_ylw-pushpin</styleUrl>
			<Point>
				<gx:drawOrder>1</gx:drawOrder>
				<coordinates>-1.663942107360987,6.286893709461175,0</coordinates>
			</Point>
		</Placemark>
		<Placemark>
			<name>cocoa379</name>
			<LookAt>
				<gx:TimeStamp><when>2017-09-22T15:16:52.597846984Z</when>
</gx:TimeStamp>
				<gx:ViewerOptions>
					<gx:option name="historicalimagery"></gx:option>
					<gx:option name="sunlight"></gx:option>
					<gx:option enabled="0" name="streetview"></gx:option>
				</gx:ViewerOptions>
				<longitude>-1.660887436317595</longitude>
				<latitude>6.287063046420932</latitude>
				<altitude>0</altitude>
				<heading>0.4900719402561267</heading>
				<tilt>23.15449694941499</tilt>
				<range>1188.561384559278</range>
				<gx:altitudeMode>relativeToSeaFloor</gx:altitudeMode>
			</LookAt>
			<styleUrl>#m_ylw-pushpin</styleUrl>
			<Point>
				<gx:drawOrder>1</gx:drawOrder>
				<coordinates>-1.659087681295471,6.287143030150645,0</coordinates>
			</Point>
		</Placemark>
		<Placemark>
			<name>cocoa380</name>
			<LookAt>
				<gx:TimeStamp><when>2017-09-22T15:16:52.597846984Z</when>
</gx:TimeStamp>
				<gx:ViewerOptions>
					<gx:option name="historicalimagery"></gx:option>
					<gx:option name="sunlight"></gx:option>
					<gx:option enabled="0" name="streetview"></gx:option>
				</gx:ViewerOptions>
				<longitude>-1.657111563491189</longitude>
				<latitude>6.287968732240976</latitude>
				<altitude>0</altitude>
				<heading>0.4904847709727313</heading>
				<tilt>23.15303404967761</tilt>
				<range>1223.254427517963</range>
				<gx:altitudeMode>relativeToSeaFloor</gx:altitudeMode>
			</LookAt>
			<styleUrl>#m_ylw-pushpin</styleUrl>
			<Point>
				<gx:drawOrder>1</gx:drawOrder>
				<coordinates>-1.65792007971594,6.288494914224136,0</coordinates>
			</Point>
		</Placemark>
		<Placemark>
			<name>cocoa381</name>
			<LookAt>
				<gx:TimeStamp><when>2017-09-22T15:16:52.597846984Z</when>
</gx:TimeStamp>
				<gx:ViewerOptions>
					<gx:option name="historicalimagery"></gx:option>
					<gx:option name="sunlight"></gx:option>
					<gx:option enabled="0" name="streetview"></gx:option>
				</gx:ViewerOptions>
				<longitude>-1.656543571547501</longitude>
				<latitude>6.287928318535935</latitude>
				<altitude>0</altitude>
				<heading>0.4905469708239286</heading>
				<tilt>23.15303173720931</tilt>
				<range>1222.59974880843</range>
				<gx:altitudeMode>relativeToSeaFloor</gx:altitudeMode>
			</LookAt>
			<styleUrl>#m_ylw-pushpin</styleUrl>
			<Point>
				<gx:drawOrder>1</gx:drawOrder>
				<coordinates>-1.656877336203564,6.289239156513776,0</coordinates>
			</Point>
		</Placemark>
		<Placemark>
			<name>cocoa382</name>
			<LookAt>
				<gx:TimeStamp><when>2017-09-22T15:16:52.597846984Z</when>
</gx:TimeStamp>
				<gx:ViewerOptions>
					<gx:option name="historicalimagery"></gx:option>
					<gx:option name="sunlight"></gx:option>
					<gx:option enabled="0" name="streetview"></gx:option>
				</gx:ViewerOptions>
				<longitude>-1.656543571547501</longitude>
				<latitude>6.287928318535935</latitude>
				<altitude>0</altitude>
				<heading>0.4905469708239286</heading>
				<tilt>23.15303173720931</tilt>
				<range>1222.59974880843</range>
				<gx:altitudeMode>relativeToSeaFloor</gx:altitudeMode>
			</LookAt>
			<styleUrl>#m_ylw-pushpin</styleUrl>
			<Point>
				<gx:drawOrder>1</gx:drawOrder>
				<coordinates>-1.654894528440595,6.288230965395747,0</coordinates>
			</Point>
		</Placemark>
		<Placemark>
			<name>cocoa383</name>
			<LookAt>
				<gx:TimeStamp><when>2017-09-22T15:16:52.597846984Z</when>
</gx:TimeStamp>
				<gx:ViewerOptions>
					<gx:option name="historicalimagery"></gx:option>
					<gx:option name="sunlight"></gx:option>
					<gx:option enabled="0" name="streetview"></gx:option>
				</gx:ViewerOptions>
				<longitude>-1.656543571547501</longitude>
				<latitude>6.287928318535935</latitude>
				<altitude>0</altitude>
				<heading>0.4905469708239286</heading>
				<tilt>23.15303173720931</tilt>
				<range>1222.59974880843</range>
				<gx:altitudeMode>relativeToSeaFloor</gx:altitudeMode>
			</LookAt>
			<styleUrl>#m_ylw-pushpin</styleUrl>
			<Point>
				<gx:drawOrder>1</gx:drawOrder>
				<coordinates>-1.653110079220277,6.288430184194438,0</coordinates>
			</Point>
		</Placemark>
		<Placemark>
			<name>cocoa384</name>
			<LookAt>
				<gx:TimeStamp><when>2017-09-22T15:16:52.597846984Z</when>
</gx:TimeStamp>
				<gx:ViewerOptions>
					<gx:option name="historicalimagery"></gx:option>
					<gx:option name="sunlight"></gx:option>
					<gx:option enabled="0" name="streetview"></gx:option>
				</gx:ViewerOptions>
				<longitude>-1.652705104133162</longitude>
				<latitude>6.287942461603643</latitude>
				<altitude>0</altitude>
				<heading>0.4909673298956264</heading>
				<tilt>23.15298007112024</tilt>
				<range>1207.971344918484</range>
				<gx:altitudeMode>relativeToSeaFloor</gx:altitudeMode>
			</LookAt>
			<styleUrl>#m_ylw-pushpin</styleUrl>
			<Point>
				<gx:drawOrder>1</gx:drawOrder>
				<coordinates>-1.651966859412307,6.288043650479156,0</coordinates>
			</Point>
		</Placemark>
		<Placemark>
			<name>cocoa385</name>
			<LookAt>
				<gx:TimeStamp><when>2017-09-22T15:16:52.597846984Z</when>
</gx:TimeStamp>
				<gx:ViewerOptions>
					<gx:option name="historicalimagery"></gx:option>
					<gx:option name="sunlight"></gx:option>
					<gx:option enabled="0" name="streetview"></gx:option>
				</gx:ViewerOptions>
				<longitude>-1.653219405500036</longitude>
				<latitude>6.287711192112601</latitude>
				<altitude>0</altitude>
				<heading>0.4909110013425662</heading>
				<tilt>23.15298526452207</tilt>
				<range>1209.441817788979</range>
				<gx:altitudeMode>relativeToSeaFloor</gx:altitudeMode>
			</LookAt>
			<styleUrl>#m_ylw-pushpin</styleUrl>
			<Point>
				<gx:drawOrder>1</gx:drawOrder>
				<coordinates>-1.650351096868147,6.289043794878041,0</coordinates>
			</Point>
		</Placemark>
		<Placemark>
			<name>cocoa386</name>
			<LookAt>
				<gx:TimeStamp><when>2017-09-22T15:16:52.597846984Z</when>
</gx:TimeStamp>
				<gx:ViewerOptions>
					<gx:option name="historicalimagery"></gx:option>
					<gx:option name="sunlight"></gx:option>
					<gx:option enabled="0" name="streetview"></gx:option>
				</gx:ViewerOptions>
				<longitude>-1.650641797437293</longitude>
				<latitude>6.289115742721268</latitude>
				<altitude>0</altitude>
				<heading>0.4920109169240586</heading>
				<tilt>24.51559255170907</tilt>
				<range>609.0275258901154</range>
				<gx:altitudeMode>relativeToSeaFloor</gx:altitudeMode>
			</LookAt>
			<styleUrl>#m_ylw-pushpin</styleUrl>
			<Point>
				<gx:drawOrder>1</gx:drawOrder>
				<coordinates>-1.64914648237611,6.288236986936329,0</coordinates>
			</Point>
		</Placemark>
		<Placemark>
			<name>cocoa387</name>
			<LookAt>
				<gx:TimeStamp><when>2017-09-22T15:16:52.597846984Z</when>
</gx:TimeStamp>
				<gx:ViewerOptions>
					<gx:option name="historicalimagery"></gx:option>
					<gx:option name="sunlight"></gx:option>
					<gx:option enabled="0" name="streetview"></gx:option>
				</gx:ViewerOptions>
				<longitude>-1.648860131339068</longitude>
				<latitude>6.288375433955686</latitude>
				<altitude>0</altitude>
				<heading>0.4922060548792201</heading>
				<tilt>24.51554033650588</tilt>
				<range>595.0188338051759</range>
				<gx:altitudeMode>relativeToSeaFloor</gx:altitudeMode>
			</LookAt>
			<styleUrl>#m_ylw-pushpin</styleUrl>
			<Point>
				<gx:drawOrder>1</gx:drawOrder>
				<coordinates>-1.648689995317497,6.289547860641453,0</coordinates>
			</Point>
		</Placemark>
		<Placemark>
			<name>cocoa388</name>
			<LookAt>
				<gx:TimeStamp><when>2017-09-22T15:16:52.597846984Z</when>
</gx:TimeStamp>
				<gx:ViewerOptions>
					<gx:option name="historicalimagery"></gx:option>
					<gx:option name="sunlight"></gx:option>
					<gx:option enabled="0" name="streetview"></gx:option>
				</gx:ViewerOptions>
				<longitude>-1.647230230496136</longitude>
				<latitude>6.287304735477006</latitude>
				<altitude>0</altitude>
				<heading>0.4923845274729913</heading>
				<tilt>24.5155374585493</tilt>
				<range>594.2467619348625</range>
				<gx:altitudeMode>relativeToSeaFloor</gx:altitudeMode>
			</LookAt>
			<styleUrl>#m_ylw-pushpin</styleUrl>
			<Point>
				<gx:drawOrder>1</gx:drawOrder>
				<coordinates>-1.647809548058757,6.286077304393693,0</coordinates>
			</Point>
		</Placemark>
		<Placemark>
			<name>cocoa389</name>
			<LookAt>
				<gx:TimeStamp><when>2017-09-22T15:16:52.597846984Z</when>
</gx:TimeStamp>
				<gx:ViewerOptions>
					<gx:option name="historicalimagery"></gx:option>
					<gx:option name="sunlight"></gx:option>
					<gx:option enabled="0" name="streetview"></gx:option>
				</gx:ViewerOptions>
				<longitude>-1.647614294844381</longitude>
				<latitude>6.285062241976888</latitude>
				<altitude>0</altitude>
				<heading>0.4923424486794823</heading>
				<tilt>24.51557309567072</tilt>
				<range>603.8077344337593</range>
				<gx:altitudeMode>relativeToSeaFloor</gx:altitudeMode>
			</LookAt>
			<styleUrl>#m_ylw-pushpin</styleUrl>
			<Point>
				<gx:drawOrder>1</gx:drawOrder>
				<coordinates>-1.64705195216347,6.284731694729553,0</coordinates>
			</Point>
		</Placemark>
		<Placemark>
			<name>cocoa390</name>
			<LookAt>
				<gx:TimeStamp><when>2017-09-22T15:16:52.597846984Z</when>
</gx:TimeStamp>
				<gx:ViewerOptions>
					<gx:option name="historicalimagery"></gx:option>
					<gx:option name="sunlight"></gx:option>
					<gx:option enabled="0" name="streetview"></gx:option>
				</gx:ViewerOptions>
				<longitude>-1.648357051465838</longitude>
				<latitude>6.284415164310341</latitude>
				<altitude>0</altitude>
				<heading>0.4922611475077587</heading>
				<tilt>24.51555928189316</tilt>
				<range>600.1016968067282</range>
				<gx:altitudeMode>relativeToSeaFloor</gx:altitudeMode>
			</LookAt>
			<styleUrl>#m_ylw-pushpin</styleUrl>
			<Point>
				<gx:drawOrder>1</gx:drawOrder>
				<coordinates>-1.650084414894173,6.283569067580839,0</coordinates>
			</Point>
		</Placemark>
		<Placemark>
			<name>cocoa391</name>
			<LookAt>
				<gx:TimeStamp><when>2017-09-22T15:16:52.597846984Z</when>
</gx:TimeStamp>
				<gx:ViewerOptions>
					<gx:option name="historicalimagery"></gx:option>
					<gx:option name="sunlight"></gx:option>
					<gx:option enabled="0" name="streetview"></gx:option>
				</gx:ViewerOptions>
				<longitude>-1.649079552119983</longitude>
				<latitude>6.283313469455742</latitude>
				<altitude>0</altitude>
				<heading>0.4921820769161359</heading>
				<tilt>24.51555136604497</tilt>
				<range>597.9779565425572</range>
				<gx:altitudeMode>relativeToSeaFloor</gx:altitudeMode>
			</LookAt>
			<styleUrl>#m_ylw-pushpin</styleUrl>
			<Point>
				<gx:drawOrder>1</gx:drawOrder>
				<coordinates>-1.651026864360541,6.282816894966087,0</coordinates>
			</Point>
		</Placemark>
		<Placemark>
			<name>cocoa392</name>
			<LookAt>
				<gx:TimeStamp><when>2017-09-22T15:16:52.597846984Z</when>
</gx:TimeStamp>
				<gx:ViewerOptions>
					<gx:option name="historicalimagery"></gx:option>
					<gx:option name="sunlight"></gx:option>
					<gx:option enabled="0" name="streetview"></gx:option>
				</gx:ViewerOptions>
				<longitude>-1.648566773800567</longitude>
				<latitude>6.279455527247747</latitude>
				<altitude>0</altitude>
				<heading>0.4922381296731703</heading>
				<tilt>24.51557119337321</tilt>
				<range>603.2973834493749</range>
				<gx:altitudeMode>relativeToSeaFloor</gx:altitudeMode>
			</LookAt>
			<styleUrl>#m_ylw-pushpin</styleUrl>
			<Point>
				<gx:drawOrder>1</gx:drawOrder>
				<coordinates>-1.65060584438191,6.279279033695898,0</coordinates>
			</Point>
		</Placemark>
		<Placemark>
			<name>cocoa393</name>
			<LookAt>
				<gx:TimeStamp><when>2017-09-22T15:16:52.597846984Z</when>
</gx:TimeStamp>
				<gx:ViewerOptions>
					<gx:option name="historicalimagery"></gx:option>
					<gx:option name="sunlight"></gx:option>
					<gx:option enabled="0" name="streetview"></gx:option>
				</gx:ViewerOptions>
				<longitude>-1.64979238605827</longitude>
				<latitude>6.276747098486538</latitude>
				<altitude>0</altitude>
				<heading>0.4921041175136401</heading>
				<tilt>24.51556872679263</tilt>
				<range>602.6356276060857</range>
				<gx:altitudeMode>relativeToSeaFloor</gx:altitudeMode>
			</LookAt>
			<styleUrl>#m_ylw-pushpin</styleUrl>
			<Point>
				<gx:drawOrder>1</gx:drawOrder>
				<coordinates>-1.648646740442875,6.276102869595444,0</coordinates>
			</Point>
		</Placemark>
		<Placemark>
			<name>cocoa394</name>
			<LookAt>
				<gx:TimeStamp><when>2017-09-22T15:16:52.597846984Z</when>
</gx:TimeStamp>
				<gx:ViewerOptions>
					<gx:option name="historicalimagery"></gx:option>
					<gx:option name="sunlight"></gx:option>
					<gx:option enabled="0" name="streetview"></gx:option>
				</gx:ViewerOptions>
				<longitude>-1.649368480290452</longitude>
				<latitude>6.272380979003968</latitude>
				<altitude>0</altitude>
				<heading>0.4921504418613395</heading>
				<tilt>24.51557009925846</tilt>
				<range>603.0038054184604</range>
				<gx:altitudeMode>relativeToSeaFloor</gx:altitudeMode>
			</LookAt>
			<styleUrl>#m_ylw-pushpin</styleUrl>
			<Point>
				<gx:drawOrder>1</gx:drawOrder>
				<coordinates>-1.650554763059089,6.272870352623475,0</coordinates>
			</Point>
		</Placemark>
		<Placemark>
			<name>cocoa395</name>
			<LookAt>
				<gx:TimeStamp><when>2017-09-22T15:16:52.597846984Z</when>
</gx:TimeStamp>
				<gx:ViewerOptions>
					<gx:option name="historicalimagery"></gx:option>
					<gx:option name="sunlight"></gx:option>
					<gx:option enabled="0" name="streetview"></gx:option>
				</gx:ViewerOptions>
				<longitude>-1.648821525006178</longitude>
				<latitude>6.270896658779016</latitude>
				<altitude>0</altitude>
				<heading>0.4922101625617193</heading>
				<tilt>24.51554640601635</tilt>
				<range>596.6472786300243</range>
				<gx:altitudeMode>relativeToSeaFloor</gx:altitudeMode>
			</LookAt>
			<styleUrl>#m_ylw-pushpin</styleUrl>
			<Point>
				<gx:drawOrder>1</gx:drawOrder>
				<coordinates>-1.650734103144321,6.27087172178908,0</coordinates>
			</Point>
		</Placemark>
		<Placemark>
			<name>cocoa396</name>
			<LookAt>
				<gx:TimeStamp><when>2017-09-22T15:16:52.597846984Z</when>
</gx:TimeStamp>
				<gx:ViewerOptions>
					<gx:option name="historicalimagery"></gx:option>
					<gx:option name="sunlight"></gx:option>
					<gx:option enabled="0" name="streetview"></gx:option>
				</gx:ViewerOptions>
				<longitude>-1.648686359260372</longitude>
				<latitude>6.269561460876535</latitude>
				<altitude>0</altitude>
				<heading>0.4922249449902322</heading>
				<tilt>24.51556990317763</tilt>
				<range>602.9512075078057</range>
				<gx:altitudeMode>relativeToSeaFloor</gx:altitudeMode>
			</LookAt>
			<styleUrl>#m_ylw-pushpin</styleUrl>
			<Point>
				<gx:drawOrder>1</gx:drawOrder>
				<coordinates>-1.649161936483154,6.269596911973725,0</coordinates>
			</Point>
		</Placemark>
		<Placemark>
			<name>cocoa397</name>
			<LookAt>
				<gx:TimeStamp><when>2017-09-22T15:16:52.597846984Z</when>
</gx:TimeStamp>
				<gx:ViewerOptions>
					<gx:option name="historicalimagery"></gx:option>
					<gx:option name="sunlight"></gx:option>
					<gx:option enabled="0" name="streetview"></gx:option>
				</gx:ViewerOptions>
				<longitude>-1.644831558276396</longitude>
				<latitude>6.271945701656521</latitude>
				<altitude>0</altitude>
				<heading>0.4926459818694328</heading>
				<tilt>24.51554678743545</tilt>
				<range>596.749534292409</range>
				<gx:altitudeMode>relativeToSeaFloor</gx:altitudeMode>
			</LookAt>
			<styleUrl>#m_ylw-pushpin</styleUrl>
			<Point>
				<gx:drawOrder>1</gx:drawOrder>
				<coordinates>-1.645090329025595,6.272019356068633,0</coordinates>
			</Point>
		</Placemark>
		<Placemark>
			<name>cocoa398</name>
			<LookAt>
				<gx:TimeStamp><when>2017-09-22T15:16:52.597846984Z</when>
</gx:TimeStamp>
				<gx:ViewerOptions>
					<gx:option name="historicalimagery"></gx:option>
					<gx:option name="sunlight"></gx:option>
					<gx:option enabled="0" name="streetview"></gx:option>
				</gx:ViewerOptions>
				<longitude>-1.645471935590412</longitude>
				<latitude>6.273670800355925</latitude>
				<altitude>0</altitude>
				<heading>0.4925759924036247</heading>
				<tilt>24.51554461764347</tilt>
				<range>596.1674375900486</range>
				<gx:altitudeMode>relativeToSeaFloor</gx:altitudeMode>
			</LookAt>
			<styleUrl>#m_ylw-pushpin</styleUrl>
			<Point>
				<gx:drawOrder>1</gx:drawOrder>
				<coordinates>-1.646189462901939,6.274232937525062,0</coordinates>
			</Point>
		</Placemark>
		<Placemark>
			<name>cocoa399</name>
			<LookAt>
				<gx:TimeStamp><when>2017-09-22T15:16:52.597846984Z</when>
</gx:TimeStamp>
				<gx:ViewerOptions>
					<gx:option name="historicalimagery"></gx:option>
					<gx:option name="sunlight"></gx:option>
					<gx:option enabled="0" name="streetview"></gx:option>
				</gx:ViewerOptions>
				<longitude>-1.645471935590412</longitude>
				<latitude>6.273670800355925</latitude>
				<altitude>0</altitude>
				<heading>0.4925759924036247</heading>
				<tilt>24.51554461764347</tilt>
				<range>596.1674375900486</range>
				<gx:altitudeMode>relativeToSeaFloor</gx:altitudeMode>
			</LookAt>
			<styleUrl>#m_ylw-pushpin</styleUrl>
			<Point>
				<gx:drawOrder>1</gx:drawOrder>
				<coordinates>-1.645691067586121,6.272722103078165,0</coordinates>
			</Point>
		</Placemark>
		<Placemark>
			<name>cocoa400</name>
			<LookAt>
				<gx:TimeStamp><when>2017-09-22T15:16:52.597846984Z</when>
</gx:TimeStamp>
				<gx:ViewerOptions>
					<gx:option name="historicalimagery"></gx:option>
					<gx:option name="sunlight"></gx:option>
					<gx:option enabled="0" name="streetview"></gx:option>
				</gx:ViewerOptions>
				<longitude>-1.64109767662205</longitude>
				<latitude>6.273334186741705</latitude>
				<altitude>0</altitude>
				<heading>0.4930539734241898</heading>
				<tilt>24.51554668383396</tilt>
				<range>596.7217401122124</range>
				<gx:altitudeMode>relativeToSeaFloor</gx:altitudeMode>
			</LookAt>
			<styleUrl>#m_ylw-pushpin</styleUrl>
			<Point>
				<gx:drawOrder>1</gx:drawOrder>
				<coordinates>-1.64160865722539,6.273286142933639,0</coordinates>
			</Point>
		</Placemark>
		<Placemark>
			<name>cocoa401</name>
			<LookAt>
				<gx:TimeStamp><when>2017-09-22T15:16:52.597846984Z</when>
</gx:TimeStamp>
				<gx:ViewerOptions>
					<gx:option name="historicalimagery"></gx:option>
					<gx:option name="sunlight"></gx:option>
					<gx:option enabled="0" name="streetview"></gx:option>
				</gx:ViewerOptions>
				<longitude>-1.64109767662205</longitude>
				<latitude>6.273334186741705</latitude>
				<altitude>0</altitude>
				<heading>0.4930539734241898</heading>
				<tilt>24.51554668383396</tilt>
				<range>596.7217401122124</range>
				<gx:altitudeMode>relativeToSeaFloor</gx:altitudeMode>
			</LookAt>
			<styleUrl>#m_ylw-pushpin</styleUrl>
			<Point>
				<gx:drawOrder>1</gx:drawOrder>
				<coordinates>-1.640933090582413,6.272482857782046,0</coordinates>
			</Point>
		</Placemark>
		<Placemark>
			<name>cocoa402</name>
			<LookAt>
				<gx:TimeStamp><when>2017-09-22T15:16:52.597846984Z</when>
</gx:TimeStamp>
				<gx:ViewerOptions>
					<gx:option name="historicalimagery"></gx:option>
					<gx:option name="sunlight"></gx:option>
					<gx:option enabled="0" name="streetview"></gx:option>
				</gx:ViewerOptions>
				<longitude>-1.639375113489996</longitude>
				<latitude>6.272543076450168</latitude>
				<altitude>0</altitude>
				<heading>0.4932422473772554</heading>
				<tilt>24.51718313197271</tilt>
				<range>1035.792056312984</range>
				<gx:altitudeMode>relativeToSeaFloor</gx:altitudeMode>
			</LookAt>
			<styleUrl>#m_ylw-pushpin</styleUrl>
			<Point>
				<gx:drawOrder>1</gx:drawOrder>
				<coordinates>-1.638433113644489,6.274918731391972,0</coordinates>
			</Point>
		</Placemark>
		<Placemark>
			<name>cocoa403</name>
			<LookAt>
				<gx:TimeStamp><when>2017-09-22T15:16:52.597846984Z</when>
</gx:TimeStamp>
				<gx:ViewerOptions>
					<gx:option name="historicalimagery"></gx:option>
					<gx:option name="sunlight"></gx:option>
					<gx:option enabled="0" name="streetview"></gx:option>
				</gx:ViewerOptions>
				<longitude>-1.639375113489996</longitude>
				<latitude>6.272543076450168</latitude>
				<altitude>0</altitude>
				<heading>0.4932422473772554</heading>
				<tilt>24.51718313197271</tilt>
				<range>1035.792056312984</range>
				<gx:altitudeMode>relativeToSeaFloor</gx:altitudeMode>
			</LookAt>
			<styleUrl>#m_ylw-pushpin</styleUrl>
			<Point>
				<gx:drawOrder>1</gx:drawOrder>
				<coordinates>-1.638740542010703,6.271731414567621,0</coordinates>
			</Point>
		</Placemark>
		<Placemark>
			<name>cocoa404</name>
			<LookAt>
				<gx:TimeStamp><when>2017-09-22T15:16:52.597846984Z</when>
</gx:TimeStamp>
				<gx:ViewerOptions>
					<gx:option name="historicalimagery"></gx:option>
					<gx:option name="sunlight"></gx:option>
					<gx:option enabled="0" name="streetview"></gx:option>
				</gx:ViewerOptions>
				<longitude>-1.639375113489996</longitude>
				<latitude>6.272543076450168</latitude>
				<altitude>0</altitude>
				<heading>0.4932422473772554</heading>
				<tilt>24.51718313197271</tilt>
				<range>1035.792056312984</range>
				<gx:altitudeMode>relativeToSeaFloor</gx:altitudeMode>
			</LookAt>
			<styleUrl>#m_ylw-pushpin</styleUrl>
			<Point>
				<gx:drawOrder>1</gx:drawOrder>
				<coordinates>-1.637391918889255,6.271497059473813,0</coordinates>
			</Point>
		</Placemark>
		<Placemark>
			<name>cocoa405</name>
			<LookAt>
				<gx:TimeStamp><when>2017-09-22T15:16:52.597846984Z</when>
</gx:TimeStamp>
				<gx:ViewerOptions>
					<gx:option name="historicalimagery"></gx:option>
					<gx:option name="sunlight"></gx:option>
					<gx:option enabled="0" name="streetview"></gx:option>
				</gx:ViewerOptions>
				<longitude>-1.635406974814068</longitude>
				<latitude>6.275370029955193</latitude>
				<altitude>0</altitude>
				<heading>0.4936756472951925</heading>
				<tilt>24.51713160019153</tilt>
				<range>1021.967543225986</range>
				<gx:altitudeMode>relativeToSeaFloor</gx:altitudeMode>
			</LookAt>
			<styleUrl>#m_ylw-pushpin</styleUrl>
			<Point>
				<gx:drawOrder>1</gx:drawOrder>
				<coordinates>-1.636225720587108,6.275586321476683,0</coordinates>
			</Point>
		</Placemark>
		<Placemark>
			<name>cocoa406</name>
			<LookAt>
				<gx:TimeStamp><when>2017-09-22T15:16:52.597846984Z</when>
</gx:TimeStamp>
				<gx:ViewerOptions>
					<gx:option name="historicalimagery"></gx:option>
					<gx:option name="sunlight"></gx:option>
					<gx:option enabled="0" name="streetview"></gx:option>
				</gx:ViewerOptions>
				<longitude>-1.635406974814068</longitude>
				<latitude>6.275370029955193</latitude>
				<altitude>0</altitude>
				<heading>0.4936756472951925</heading>
				<tilt>24.51713160019153</tilt>
				<range>1021.967543225986</range>
				<gx:altitudeMode>relativeToSeaFloor</gx:altitudeMode>
			</LookAt>
			<styleUrl>#m_ylw-pushpin</styleUrl>
			<Point>
				<gx:drawOrder>1</gx:drawOrder>
				<coordinates>-1.634868291810065,6.278632646385607,0</coordinates>
			</Point>
		</Placemark>
		<Placemark>
			<name>cocoa407</name>
			<LookAt>
				<gx:TimeStamp><when>2017-09-22T15:16:52.597846984Z</when>
</gx:TimeStamp>
				<gx:ViewerOptions>
					<gx:option name="historicalimagery"></gx:option>
					<gx:option name="sunlight"></gx:option>
					<gx:option enabled="0" name="streetview"></gx:option>
				</gx:ViewerOptions>
				<longitude>-1.635406974814068</longitude>
				<latitude>6.275370029955193</latitude>
				<altitude>0</altitude>
				<heading>0.4936756472951925</heading>
				<tilt>24.51713160019153</tilt>
				<range>1021.967543225986</range>
				<gx:altitudeMode>relativeToSeaFloor</gx:altitudeMode>
			</LookAt>
			<styleUrl>#m_ylw-pushpin</styleUrl>
			<Point>
				<gx:drawOrder>1</gx:drawOrder>
				<coordinates>-1.636337839056686,6.279066995861817,0</coordinates>
			</Point>
		</Placemark>
		<Placemark>
			<name>cocoa408</name>
			<LookAt>
				<gx:TimeStamp><when>2017-09-22T15:16:52.597846984Z</when>
</gx:TimeStamp>
				<gx:ViewerOptions>
					<gx:option name="historicalimagery"></gx:option>
					<gx:option name="sunlight"></gx:option>
					<gx:option enabled="0" name="streetview"></gx:option>
				</gx:ViewerOptions>
				<longitude>-1.633677531749012</longitude>
				<latitude>6.275766344392914</latitude>
				<altitude>0</altitude>
				<heading>0.4938646525999777</heading>
				<tilt>24.51714824572861</tilt>
				<range>1026.43309365971</range>
				<gx:altitudeMode>relativeToSeaFloor</gx:altitudeMode>
			</LookAt>
			<styleUrl>#m_ylw-pushpin</styleUrl>
			<Point>
				<gx:drawOrder>1</gx:drawOrder>
				<coordinates>-1.634119301542578,6.275762764073085,0</coordinates>
			</Point>
		</Placemark>
		<Placemark>
			<name>cocoa409</name>
			<LookAt>
				<gx:TimeStamp><when>2017-09-22T15:16:52.597846984Z</when>
</gx:TimeStamp>
				<gx:ViewerOptions>
					<gx:option name="historicalimagery"></gx:option>
					<gx:option name="sunlight"></gx:option>
					<gx:option enabled="0" name="streetview"></gx:option>
				</gx:ViewerOptions>
				<longitude>-1.632506092895372</longitude>
				<latitude>6.276476128680519</latitude>
				<altitude>0</altitude>
				<heading>0.493992697248875</heading>
				<tilt>24.51714658607586</tilt>
				<range>1025.987874731541</range>
				<gx:altitudeMode>relativeToSeaFloor</gx:altitudeMode>
			</LookAt>
			<styleUrl>#m_ylw-pushpin</styleUrl>
			<Point>
				<gx:drawOrder>1</gx:drawOrder>
				<coordinates>-1.631928472732391,6.279033031137623,0</coordinates>
			</Point>
		</Placemark>
		<Placemark>
			<name>cocoa410</name>
			<LookAt>
				<gx:TimeStamp><when>2017-09-22T15:16:52.597846984Z</when>
</gx:TimeStamp>
				<gx:ViewerOptions>
					<gx:option name="historicalimagery"></gx:option>
					<gx:option name="sunlight"></gx:option>
					<gx:option enabled="0" name="streetview"></gx:option>
				</gx:ViewerOptions>
				<longitude>-1.631410034118373</longitude>
				<latitude>6.27555509697649</latitude>
				<altitude>0</altitude>
				<heading>0.4941124706174942</heading>
				<tilt>24.51712909869005</tilt>
				<range>1021.296505569495</range>
				<gx:altitudeMode>relativeToSeaFloor</gx:altitudeMode>
			</LookAt>
			<styleUrl>#m_ylw-pushpin</styleUrl>
			<Point>
				<gx:drawOrder>1</gx:drawOrder>
				<coordinates>-1.632216557066299,6.274077278162223,0</coordinates>
			</Point>
		</Placemark>
		<Placemark>
			<name>cocoa411</name>
			<LookAt>
				<gx:TimeStamp><when>2017-09-22T15:16:52.597846984Z</when>
</gx:TimeStamp>
				<gx:ViewerOptions>
					<gx:option name="historicalimagery"></gx:option>
					<gx:option name="sunlight"></gx:option>
					<gx:option enabled="0" name="streetview"></gx:option>
				</gx:ViewerOptions>
				<longitude>-1.627324774827189</longitude>
				<latitude>6.274925475459783</latitude>
				<altitude>0</altitude>
				<heading>0.4945588831061791</heading>
				<tilt>24.51710095153965</tilt>
				<range>1013.745329618605</range>
				<gx:altitudeMode>relativeToSeaFloor</gx:altitudeMode>
			</LookAt>
			<styleUrl>#m_ylw-pushpin</styleUrl>
			<Point>
				<gx:drawOrder>1</gx:drawOrder>
				<coordinates>-1.627601020565254,6.272738406970801,0</coordinates>
			</Point>
		</Placemark>
		<Placemark>
			<name>cocoa412</name>
			<LookAt>
				<gx:TimeStamp><when>2017-09-22T15:16:52.597846984Z</when>
</gx:TimeStamp>
				<gx:ViewerOptions>
					<gx:option name="historicalimagery"></gx:option>
					<gx:option name="sunlight"></gx:option>
					<gx:option enabled="0" name="streetview"></gx:option>
				</gx:ViewerOptions>
				<longitude>-1.627324774827189</longitude>
				<latitude>6.274925475459783</latitude>
				<altitude>0</altitude>
				<heading>0.4945588831061791</heading>
				<tilt>24.51710095153965</tilt>
				<range>1013.745329618605</range>
				<gx:altitudeMode>relativeToSeaFloor</gx:altitudeMode>
			</LookAt>
			<styleUrl>#m_ylw-pushpin</styleUrl>
			<Point>
				<gx:drawOrder>1</gx:drawOrder>
				<coordinates>-1.628908117287212,6.274353944872066,0</coordinates>
			</Point>
		</Placemark>
		<Placemark>
			<name>cocoa413</name>
			<LookAt>
				<gx:TimeStamp><when>2017-09-22T15:16:52.597846984Z</when>
</gx:TimeStamp>
				<gx:ViewerOptions>
					<gx:option name="historicalimagery"></gx:option>
					<gx:option name="sunlight"></gx:option>
					<gx:option enabled="0" name="streetview"></gx:option>
				</gx:ViewerOptions>
				<longitude>-1.627324774827189</longitude>
				<latitude>6.274925475459783</latitude>
				<altitude>0</altitude>
				<heading>0.4945588831061791</heading>
				<tilt>24.51710095153965</tilt>
				<range>1013.745329618605</range>
				<gx:altitudeMode>relativeToSeaFloor</gx:altitudeMode>
			</LookAt>
			<styleUrl>#m_ylw-pushpin</styleUrl>
			<Point>
				<gx:drawOrder>1</gx:drawOrder>
				<coordinates>-1.629901683689874,6.273913928644087,0</coordinates>
			</Point>
		</Placemark>
		<Placemark>
			<name>cocoa414</name>
			<LookAt>
				<gx:TimeStamp><when>2017-09-22T15:16:52.597846984Z</when>
</gx:TimeStamp>
				<gx:ViewerOptions>
					<gx:option name="historicalimagery"></gx:option>
					<gx:option name="sunlight"></gx:option>
					<gx:option enabled="0" name="streetview"></gx:option>
				</gx:ViewerOptions>
				<longitude>-1.625267879301295</longitude>
				<latitude>6.27441912285458</latitude>
				<altitude>0</altitude>
				<heading>0.4947836879124152</heading>
				<tilt>24.51709377896498</tilt>
				<range>1011.821215332538</range>
				<gx:altitudeMode>relativeToSeaFloor</gx:altitudeMode>
			</LookAt>
			<styleUrl>#m_ylw-pushpin</styleUrl>
			<Point>
				<gx:drawOrder>1</gx:drawOrder>
				<coordinates>-1.626757612997628,6.27425460537077,0</coordinates>
			</Point>
		</Placemark>
		<Placemark>
			<name>cocoa415</name>
			<LookAt>
				<gx:TimeStamp><when>2017-09-22T15:16:52.597846984Z</when>
</gx:TimeStamp>
				<gx:ViewerOptions>
					<gx:option name="historicalimagery"></gx:option>
					<gx:option name="sunlight"></gx:option>
					<gx:option enabled="0" name="streetview"></gx:option>
				</gx:ViewerOptions>
				<longitude>-1.621656203270809</longitude>
				<latitude>6.270465780603112</latitude>
				<altitude>0</altitude>
				<heading>0.4951783186027555</heading>
				<tilt>24.51705301379858</tilt>
				<range>1000.885022359704</range>
				<gx:altitudeMode>relativeToSeaFloor</gx:altitudeMode>
			</LookAt>
			<styleUrl>#m_ylw-pushpin</styleUrl>
			<Point>
				<gx:drawOrder>1</gx:drawOrder>
				<coordinates>-1.624047920939554,6.271173926063906,0</coordinates>
			</Point>
		</Placemark>
		<Placemark>
			<name>cocoa416</name>
			<LookAt>
				<gx:TimeStamp><when>2017-09-22T15:16:52.597846984Z</when>
</gx:TimeStamp>
				<gx:ViewerOptions>
					<gx:option name="historicalimagery"></gx:option>
					<gx:option name="sunlight"></gx:option>
					<gx:option enabled="0" name="streetview"></gx:option>
				</gx:ViewerOptions>
				<longitude>-1.621918768428655</longitude>
				<latitude>6.269130608547679</latitude>
				<altitude>0</altitude>
				<heading>0.4951496693754052</heading>
				<tilt>24.51705401855757</tilt>
				<range>1001.154565759202</range>
				<gx:altitudeMode>relativeToSeaFloor</gx:altitudeMode>
			</LookAt>
			<styleUrl>#m_ylw-pushpin</styleUrl>
			<Point>
				<gx:drawOrder>1</gx:drawOrder>
				<coordinates>-1.624869781855977,6.268623964164234,0</coordinates>
			</Point>
		</Placemark>
		<Placemark>
			<name>cocoa417</name>
			<LookAt>
				<gx:TimeStamp><when>2017-09-22T15:16:52.597846984Z</when>
</gx:TimeStamp>
				<gx:ViewerOptions>
					<gx:option name="historicalimagery"></gx:option>
					<gx:option name="sunlight"></gx:option>
					<gx:option enabled="0" name="streetview"></gx:option>
				</gx:ViewerOptions>
				<longitude>-1.621918768428655</longitude>
				<latitude>6.269130608547679</latitude>
				<altitude>0</altitude>
				<heading>0.4951496693754052</heading>
				<tilt>24.51705401855757</tilt>
				<range>1001.154565759202</range>
				<gx:altitudeMode>relativeToSeaFloor</gx:altitudeMode>
			</LookAt>
			<styleUrl>#m_ylw-pushpin</styleUrl>
			<Point>
				<gx:drawOrder>1</gx:drawOrder>
				<coordinates>-1.621256694676673,6.26849755607156,0</coordinates>
			</Point>
		</Placemark>
		<Placemark>
			<name>cocoa418</name>
			<LookAt>
				<gx:TimeStamp><when>2017-09-22T15:16:52.597846984Z</when>
</gx:TimeStamp>
				<gx:ViewerOptions>
					<gx:option name="historicalimagery"></gx:option>
					<gx:option name="sunlight"></gx:option>
					<gx:option enabled="0" name="streetview"></gx:option>
				</gx:ViewerOptions>
				<longitude>-1.618628214521641</longitude>
				<latitude>6.270758829705332</latitude>
				<altitude>0</altitude>
				<heading>0.4955089639506378</heading>
				<tilt>24.5169374432453</tilt>
				<range>969.880317479055</range>
				<gx:altitudeMode>relativeToSeaFloor</gx:altitudeMode>
			</LookAt>
			<styleUrl>#m_ylw-pushpin</styleUrl>
			<Point>
				<gx:drawOrder>1</gx:drawOrder>
				<coordinates>-1.619451429717202,6.269760527764565,0</coordinates>
			</Point>
		</Placemark>
		<Placemark>
			<name>cocoa419</name>
			<LookAt>
				<gx:TimeStamp><when>2017-09-22T15:16:52.597846984Z</when>
</gx:TimeStamp>
				<gx:ViewerOptions>
					<gx:option name="historicalimagery"></gx:option>
					<gx:option name="sunlight"></gx:option>
					<gx:option enabled="0" name="streetview"></gx:option>
				</gx:ViewerOptions>
				<longitude>-1.617609536465213</longitude>
				<latitude>6.272227497555869</latitude>
				<altitude>0</altitude>
				<heading>0.5009733225607867</heading>
				<tilt>38.64220819754195</tilt>
				<range>692.8170357745287</range>
				<gx:altitudeMode>relativeToSeaFloor</gx:altitudeMode>
			</LookAt>
			<styleUrl>#m_ylw-pushpin</styleUrl>
			<Point>
				<gx:drawOrder>1</gx:drawOrder>
				<coordinates>-1.618176998600205,6.271300204766161,0</coordinates>
			</Point>
		</Placemark>
		<Placemark>
			<name>cocoa420</name>
			<LookAt>
				<gx:TimeStamp><when>2017-09-22T15:16:52.597846984Z</when>
</gx:TimeStamp>
				<gx:ViewerOptions>
					<gx:option name="historicalimagery"></gx:option>
					<gx:option name="sunlight"></gx:option>
					<gx:option enabled="0" name="streetview"></gx:option>
				</gx:ViewerOptions>
				<longitude>-1.617848487635574</longitude>
				<latitude>6.271025084276614</latitude>
				<altitude>0</altitude>
				<heading>0.5009472326962898</heading>
				<tilt>38.64215622217823</tilt>
				<range>683.5511485697574</range>
				<gx:altitudeMode>relativeToSeaFloor</gx:altitudeMode>
			</LookAt>
			<styleUrl>#m_ylw-pushpin</styleUrl>
			<Point>
				<gx:drawOrder>1</gx:drawOrder>
				<coordinates>-1.617521100349093,6.270921761480475,0</coordinates>
			</Point>
		</Placemark>
		<Placemark>
			<name>cocoa421</name>
			<LookAt>
				<gx:TimeStamp><when>2017-04-25T16:15:33.673095703Z</when>
</gx:TimeStamp>
				<gx:ViewerOptions>
					<gx:option name="historicalimagery"></gx:option>
					<gx:option name="sunlight"></gx:option>
					<gx:option enabled="0" name="streetview"></gx:option>
				</gx:ViewerOptions>
				<longitude>-2.129964145604023</longitude>
				<latitude>4.881412200099549</latitude>
				<altitude>0</altitude>
				<heading>0.4719042084556349</heading>
				<tilt>30.00249746528455</tilt>
				<range>556.0449659263898</range>
				<gx:altitudeMode>relativeToSeaFloor</gx:altitudeMode>
			</LookAt>
			<styleUrl>#m_ylw-pushpin</styleUrl>
			<Point>
				<gx:drawOrder>1</gx:drawOrder>
				<coordinates>-2.129277250811088,4.881106150078337,0</coordinates>
			</Point>
		</Placemark>
		<Placemark>
			<name>cocoa422</name>
			<LookAt>
				<gx:TimeStamp><when>2017-04-25T16:15:33.673095703Z</when>
</gx:TimeStamp>
				<gx:ViewerOptions>
					<gx:option name="historicalimagery"></gx:option>
					<gx:option name="sunlight"></gx:option>
					<gx:option enabled="0" name="streetview"></gx:option>
				</gx:ViewerOptions>
				<longitude>-2.129964145604023</longitude>
				<latitude>4.881412200099549</latitude>
				<altitude>0</altitude>
				<heading>0.4719042084556349</heading>
				<tilt>30.00249746528455</tilt>
				<range>556.0449659263898</range>
				<gx:altitudeMode>relativeToSeaFloor</gx:altitudeMode>
			</LookAt>
			<styleUrl>#m_ylw-pushpin</styleUrl>
			<Point>
				<gx:drawOrder>1</gx:drawOrder>
				<coordinates>-2.128338189364425,4.880592685358062,0</coordinates>
			</Point>
		</Placemark>
		<Placemark>
			<name>cocoa423</name>
			<LookAt>
				<gx:TimeStamp><when>2017-04-25T16:15:33.673095703Z</when>
</gx:TimeStamp>
				<gx:ViewerOptions>
					<gx:option name="historicalimagery"></gx:option>
					<gx:option name="sunlight"></gx:option>
					<gx:option enabled="0" name="streetview"></gx:option>
				</gx:ViewerOptions>
				<longitude>-2.12957437895168</longitude>
				<latitude>4.882151198280151</latitude>
				<altitude>0</altitude>
				<heading>0.4719372327094107</heading>
				<tilt>30.00409225362828</tilt>
				<range>911.0741272380832</range>
				<gx:altitudeMode>relativeToSeaFloor</gx:altitudeMode>
			</LookAt>
			<styleUrl>#m_ylw-pushpin</styleUrl>
			<Point>
				<gx:drawOrder>1</gx:drawOrder>
				<coordinates>-2.131577626612403,4.882003120156847,0</coordinates>
			</Point>
		</Placemark>
		<Placemark>
			<name>cocoa424</name>
			<LookAt>
				<gx:TimeStamp><when>2017-04-25T16:15:33.673095703Z</when>
</gx:TimeStamp>
				<gx:ViewerOptions>
					<gx:option name="historicalimagery"></gx:option>
					<gx:option name="sunlight"></gx:option>
					<gx:option enabled="0" name="streetview"></gx:option>
				</gx:ViewerOptions>
				<longitude>-2.111255433429539</longitude>
				<latitude>4.944153053055431</latitude>
				<altitude>0</altitude>
				<heading>0.4729842695937834</heading>
				<tilt>30.00139398404719</tilt>
				<range>310.4428458985213</range>
				<gx:altitudeMode>relativeToSeaFloor</gx:altitudeMode>
			</LookAt>
			<styleUrl>#m_ylw-pushpin</styleUrl>
			<Point>
				<gx:drawOrder>1</gx:drawOrder>
				<coordinates>-2.111455923569729,4.943901047082967,0</coordinates>
			</Point>
		</Placemark>
		<Placemark>
			<name>cocoa425</name>
			<LookAt>
				<gx:TimeStamp><when>2017-04-25T16:15:33.673095703Z</when>
</gx:TimeStamp>
				<gx:ViewerOptions>
					<gx:option name="historicalimagery"></gx:option>
					<gx:option name="sunlight"></gx:option>
					<gx:option enabled="0" name="streetview"></gx:option>
				</gx:ViewerOptions>
				<longitude>-2.103074366048348</longitude>
				<latitude>4.942228037154742</latitude>
				<altitude>0</altitude>
				<heading>0.4736894066570241</heading>
				<tilt>30.00239666842556</tilt>
				<range>533.6617088132887</range>
				<gx:altitudeMode>relativeToSeaFloor</gx:altitudeMode>
			</LookAt>
			<styleUrl>#m_ylw-pushpin</styleUrl>
			<Point>
				<gx:drawOrder>1</gx:drawOrder>
				<coordinates>-2.10368652423436,4.942263781324275,0</coordinates>
			</Point>
		</Placemark>
		<Placemark>
			<name>cocoa426</name>
			<LookAt>
				<gx:TimeStamp><when>2017-04-25T16:15:33.673095703Z</when>
</gx:TimeStamp>
				<gx:ViewerOptions>
					<gx:option name="historicalimagery"></gx:option>
					<gx:option name="sunlight"></gx:option>
					<gx:option enabled="0" name="streetview"></gx:option>
				</gx:ViewerOptions>
				<longitude>-2.103074366048348</longitude>
				<latitude>4.942228037154742</latitude>
				<altitude>0</altitude>
				<heading>0.4736894066570241</heading>
				<tilt>30.00239666842556</tilt>
				<range>533.6617088132887</range>
				<gx:altitudeMode>relativeToSeaFloor</gx:altitudeMode>
			</LookAt>
			<styleUrl>#m_ylw-pushpin</styleUrl>
			<Point>
				<gx:drawOrder>1</gx:drawOrder>
				<coordinates>-2.102629910494497,4.943364574568285,0</coordinates>
			</Point>
		</Placemark>
		<Placemark>
			<name>cocoa427</name>
			<LookAt>
				<gx:TimeStamp><when>2017-04-25T16:15:33.673095703Z</when>
</gx:TimeStamp>
				<gx:ViewerOptions>
					<gx:option name="historicalimagery"></gx:option>
					<gx:option name="sunlight"></gx:option>
					<gx:option enabled="0" name="streetview"></gx:option>
				</gx:ViewerOptions>
				<longitude>-2.103875316270154</longitude>
				<latitude>4.941345803390772</latitude>
				<altitude>0</altitude>
				<heading>0.4736204323412807</heading>
				<tilt>30.00240725908643</tilt>
				<range>536.0193955215868</range>
				<gx:altitudeMode>relativeToSeaFloor</gx:altitudeMode>
			</LookAt>
			<styleUrl>#m_ylw-pushpin</styleUrl>
			<Point>
				<gx:drawOrder>1</gx:drawOrder>
				<coordinates>-2.103386604478159,4.94145550939456,0</coordinates>
			</Point>
		</Placemark>
		<Placemark>
			<name>cocoa428</name>
			<LookAt>
				<gx:TimeStamp><when>2017-04-25T16:15:33.673095703Z</when>
</gx:TimeStamp>
				<gx:ViewerOptions>
					<gx:option name="historicalimagery"></gx:option>
					<gx:option name="sunlight"></gx:option>
					<gx:option enabled="0" name="streetview"></gx:option>
				</gx:ViewerOptions>
				<longitude>-2.098996509886084</longitude>
				<latitude>4.9444375303738</latitude>
				<altitude>0</altitude>
				<heading>0.4740407466727747</heading>
				<tilt>30.00240970550223</tilt>
				<range>536.5640861484117</range>
				<gx:altitudeMode>relativeToSeaFloor</gx:altitudeMode>
			</LookAt>
			<styleUrl>#m_ylw-pushpin</styleUrl>
			<Point>
				<gx:drawOrder>1</gx:drawOrder>
				<coordinates>-2.098875042145698,4.944006240402512,0</coordinates>
			</Point>
		</Placemark>
		<Placemark>
			<name>cocoa429</name>
			<LookAt>
				<gx:TimeStamp><when>2017-04-25T16:15:33.673095703Z</when>
</gx:TimeStamp>
				<gx:ViewerOptions>
					<gx:option name="historicalimagery"></gx:option>
					<gx:option name="sunlight"></gx:option>
					<gx:option enabled="0" name="streetview"></gx:option>
				</gx:ViewerOptions>
				<longitude>-2.093406490780479</longitude>
				<latitude>4.942329526347283</latitude>
				<altitude>0</altitude>
				<heading>0.474522455988315</heading>
				<tilt>30.00243397810642</tilt>
				<range>541.9676955681136</range>
				<gx:altitudeMode>relativeToSeaFloor</gx:altitudeMode>
			</LookAt>
			<styleUrl>#m_ylw-pushpin</styleUrl>
			<Point>
				<gx:drawOrder>1</gx:drawOrder>
				<coordinates>-2.094045771426089,4.942308412257906,0</coordinates>
			</Point>
		</Placemark>
		<Placemark>
			<name>cocoa430</name>
			<LookAt>
				<gx:TimeStamp><when>2017-04-25T16:15:33.673095703Z</when>
</gx:TimeStamp>
				<gx:ViewerOptions>
					<gx:option name="historicalimagery"></gx:option>
					<gx:option name="sunlight"></gx:option>
					<gx:option enabled="0" name="streetview"></gx:option>
				</gx:ViewerOptions>
				<longitude>-2.092100169950211</longitude>
				<latitude>4.941424996034269</latitude>
				<altitude>0</altitude>
				<heading>0.4746349849711858</heading>
				<tilt>30.00243618846838</tilt>
				<range>542.4598126678993</range>
				<gx:altitudeMode>relativeToSeaFloor</gx:altitudeMode>
			</LookAt>
			<styleUrl>#m_ylw-pushpin</styleUrl>
			<Point>
				<gx:drawOrder>1</gx:drawOrder>
				<coordinates>-2.091801727125787,4.941243600650012,0</coordinates>
			</Point>
		</Placemark>
		<Placemark>
			<name>cocoa431</name>
			<LookAt>
				<gx:TimeStamp><when>2017-04-25T16:15:33.673095703Z</when>
</gx:TimeStamp>
				<gx:ViewerOptions>
					<gx:option name="historicalimagery"></gx:option>
					<gx:option name="sunlight"></gx:option>
					<gx:option enabled="0" name="streetview"></gx:option>
				</gx:ViewerOptions>
				<longitude>-2.087813736359788</longitude>
				<latitude>4.944059850123864</latitude>
				<altitude>0</altitude>
				<heading>0.4750041746346785</heading>
				<tilt>30.00241427968055</tilt>
				<range>537.5824268182511</range>
				<gx:altitudeMode>relativeToSeaFloor</gx:altitudeMode>
			</LookAt>
			<styleUrl>#m_ylw-pushpin</styleUrl>
			<Point>
				<gx:drawOrder>1</gx:drawOrder>
				<coordinates>-2.086957423513587,4.943559401933091,0</coordinates>
			</Point>
		</Placemark>
		<Placemark>
			<name>cocoa432</name>
			<LookAt>
				<gx:TimeStamp><when>2017-04-25T16:15:33.673095703Z</when>
</gx:TimeStamp>
				<gx:ViewerOptions>
					<gx:option name="historicalimagery"></gx:option>
					<gx:option name="sunlight"></gx:option>
					<gx:option enabled="0" name="streetview"></gx:option>
				</gx:ViewerOptions>
				<longitude>-2.085894962292115</longitude>
				<latitude>4.943332541842128</latitude>
				<altitude>0</altitude>
				<heading>0.4751695057900685</heading>
				<tilt>30.00242412164492</tilt>
				<range>539.7734299823874</range>
				<gx:altitudeMode>relativeToSeaFloor</gx:altitudeMode>
			</LookAt>
			<styleUrl>#m_ylw-pushpin</styleUrl>
			<Point>
				<gx:drawOrder>1</gx:drawOrder>
				<coordinates>-2.085626359441304,4.942626177982109,0</coordinates>
			</Point>
		</Placemark>
		<Placemark>
			<name>cocoa433</name>
			<LookAt>
				<gx:TimeStamp><when>2017-04-25T16:15:33.673095703Z</when>
</gx:TimeStamp>
				<gx:ViewerOptions>
					<gx:option name="historicalimagery"></gx:option>
					<gx:option name="sunlight"></gx:option>
					<gx:option enabled="0" name="streetview"></gx:option>
				</gx:ViewerOptions>
				<longitude>-2.083702422289261</longitude>
				<latitude>4.94392532365679</latitude>
				<altitude>0</altitude>
				<heading>0.4753584398571793</heading>
				<tilt>30.0024336435588</tilt>
				<range>541.893277429268</range>
				<gx:altitudeMode>relativeToSeaFloor</gx:altitudeMode>
			</LookAt>
			<styleUrl>#m_ylw-pushpin</styleUrl>
			<Point>
				<gx:drawOrder>1</gx:drawOrder>
				<coordinates>-2.084229535260992,4.943964121253893,0</coordinates>
			</Point>
		</Placemark>
		<Placemark>
			<name>cocoa434</name>
			<LookAt>
				<gx:TimeStamp><when>2017-04-25T16:15:33.673095703Z</when>
</gx:TimeStamp>
				<gx:ViewerOptions>
					<gx:option name="historicalimagery"></gx:option>
					<gx:option name="sunlight"></gx:option>
					<gx:option enabled="0" name="streetview"></gx:option>
				</gx:ViewerOptions>
				<longitude>-2.088449055783478</longitude>
				<latitude>4.950930310973479</latitude>
				<altitude>0</altitude>
				<heading>0.4749492113567501</heading>
				<tilt>30.00242690388055</tilt>
				<range>540.392897544436</range>
				<gx:altitudeMode>relativeToSeaFloor</gx:altitudeMode>
			</LookAt>
			<styleUrl>#m_ylw-pushpin</styleUrl>
			<Point>
				<gx:drawOrder>1</gx:drawOrder>
				<coordinates>-2.088600098498613,4.951661134192334,0</coordinates>
			</Point>
		</Placemark>
		<Placemark>
			<name>cocoa435</name>
			<LookAt>
				<gx:TimeStamp><when>2017-04-25T16:15:33.673095703Z</when>
</gx:TimeStamp>
				<gx:ViewerOptions>
					<gx:option name="historicalimagery"></gx:option>
					<gx:option name="sunlight"></gx:option>
					<gx:option enabled="0" name="streetview"></gx:option>
				</gx:ViewerOptions>
				<longitude>-2.086254343706753</longitude>
				<latitude>4.94896901718592</latitude>
				<altitude>0</altitude>
				<heading>0.4751385640785781</heading>
				<tilt>30.00242579565978</tilt>
				<range>540.1461194049992</range>
				<gx:altitudeMode>relativeToSeaFloor</gx:altitudeMode>
			</LookAt>
			<styleUrl>#m_ylw-pushpin</styleUrl>
			<Point>
				<gx:drawOrder>1</gx:drawOrder>
				<coordinates>-2.08639808044994,4.94863902061095,0</coordinates>
			</Point>
		</Placemark>
		<Placemark>
			<name>cocoa436</name>
			<LookAt>
				<gx:TimeStamp><when>2017-04-25T16:15:33.673095703Z</when>
</gx:TimeStamp>
				<gx:ViewerOptions>
					<gx:option name="historicalimagery"></gx:option>
					<gx:option name="sunlight"></gx:option>
					<gx:option enabled="0" name="streetview"></gx:option>
				</gx:ViewerOptions>
				<longitude>-2.08655808068615</longitude>
				<latitude>4.952577949281224</latitude>
				<altitude>0</altitude>
				<heading>0.4751124319536922</heading>
				<tilt>30.0024298803692</tilt>
				<range>541.0554996320999</range>
				<gx:altitudeMode>relativeToSeaFloor</gx:altitudeMode>
			</LookAt>
			<styleUrl>#m_ylw-pushpin</styleUrl>
			<Point>
				<gx:drawOrder>1</gx:drawOrder>
				<coordinates>-2.086851337571656,4.951703135231939,0</coordinates>
			</Point>
		</Placemark>
		<Placemark>
			<name>cocoa437</name>
			<LookAt>
				<gx:TimeStamp><when>2017-04-25T16:15:33.673095703Z</when>
</gx:TimeStamp>
				<gx:ViewerOptions>
					<gx:option name="historicalimagery"></gx:option>
					<gx:option name="sunlight"></gx:option>
					<gx:option enabled="0" name="streetview"></gx:option>
				</gx:ViewerOptions>
				<longitude>-2.08655808068615</longitude>
				<latitude>4.952577949281224</latitude>
				<altitude>0</altitude>
				<heading>0.4751124319536922</heading>
				<tilt>30.0024298803692</tilt>
				<range>541.0554996320999</range>
				<gx:altitudeMode>relativeToSeaFloor</gx:altitudeMode>
			</LookAt>
			<styleUrl>#m_ylw-pushpin</styleUrl>
			<Point>
				<gx:drawOrder>1</gx:drawOrder>
				<coordinates>-2.086995807674926,4.952957404218516,0</coordinates>
			</Point>
		</Placemark>
		<Placemark>
			<name>cocoa438</name>
			<LookAt>
				<gx:TimeStamp><when>2017-04-25T16:15:33.673095703Z</when>
</gx:TimeStamp>
				<gx:ViewerOptions>
					<gx:option name="historicalimagery"></gx:option>
					<gx:option name="sunlight"></gx:option>
					<gx:option enabled="0" name="streetview"></gx:option>
				</gx:ViewerOptions>
				<longitude>-2.08057555582141</longitude>
				<latitude>4.952600381395408</latitude>
				<altitude>0</altitude>
				<heading>0.4756289007851208</heading>
				<tilt>30.00244229226007</tilt>
				<range>543.8187179452879</range>
				<gx:altitudeMode>relativeToSeaFloor</gx:altitudeMode>
			</LookAt>
			<styleUrl>#m_ylw-pushpin</styleUrl>
			<Point>
				<gx:drawOrder>1</gx:drawOrder>
				<coordinates>-2.081094610517834,4.951910736335899,0</coordinates>
			</Point>
		</Placemark>
		<Placemark>
			<name>cocoa439</name>
			<LookAt>
				<gx:TimeStamp><when>2017-04-25T16:15:33.673095703Z</when>
</gx:TimeStamp>
				<gx:ViewerOptions>
					<gx:option name="historicalimagery"></gx:option>
					<gx:option name="sunlight"></gx:option>
					<gx:option enabled="0" name="streetview"></gx:option>
				</gx:ViewerOptions>
				<longitude>-2.07880516648406</longitude>
				<latitude>4.952691780320182</latitude>
				<altitude>0</altitude>
				<heading>0.475781718927483</heading>
				<tilt>30.00244067415595</tilt>
				<range>543.4585046362452</range>
				<gx:altitudeMode>relativeToSeaFloor</gx:altitudeMode>
			</LookAt>
			<styleUrl>#m_ylw-pushpin</styleUrl>
			<Point>
				<gx:drawOrder>1</gx:drawOrder>
				<coordinates>-2.078704828433902,4.952034502913994,0</coordinates>
			</Point>
		</Placemark>
		<Placemark>
			<name>cocoa440</name>
			<LookAt>
				<gx:TimeStamp><when>2017-04-25T16:15:33.673095703Z</when>
</gx:TimeStamp>
				<gx:ViewerOptions>
					<gx:option name="historicalimagery"></gx:option>
					<gx:option name="sunlight"></gx:option>
					<gx:option enabled="0" name="streetview"></gx:option>
				</gx:ViewerOptions>
				<longitude>-2.07880516648406</longitude>
				<latitude>4.952691780320182</latitude>
				<altitude>0</altitude>
				<heading>0.475781718927483</heading>
				<tilt>30.00244067415595</tilt>
				<range>543.4585046362452</range>
				<gx:altitudeMode>relativeToSeaFloor</gx:altitudeMode>
			</LookAt>
			<styleUrl>#m_ylw-pushpin</styleUrl>
			<Point>
				<gx:drawOrder>1</gx:drawOrder>
				<coordinates>-2.078869852609706,4.952884914437864,0</coordinates>
			</Point>
		</Placemark>
		<Placemark>
			<name>cocoa441</name>
			<LookAt>
				<gx:TimeStamp><when>2017-04-25T16:15:33.673095703Z</when>
</gx:TimeStamp>
				<gx:ViewerOptions>
					<gx:option name="historicalimagery"></gx:option>
					<gx:option name="sunlight"></gx:option>
					<gx:option enabled="0" name="streetview"></gx:option>
				</gx:ViewerOptions>
				<longitude>-2.076180050957695</longitude>
				<latitude>4.954154886059767</latitude>
				<altitude>0</altitude>
				<heading>0.4760083936692314</heading>
				<tilt>30.00244880973075</tilt>
				<range>545.2696049719096</range>
				<gx:altitudeMode>relativeToSeaFloor</gx:altitudeMode>
			</LookAt>
			<styleUrl>#m_ylw-pushpin</styleUrl>
			<Point>
				<gx:drawOrder>1</gx:drawOrder>
				<coordinates>-2.07573495978044,4.953853140469749,0</coordinates>
			</Point>
		</Placemark>
		<Placemark>
			<name>cocoa442</name>
			<LookAt>
				<gx:TimeStamp><when>2017-04-25T16:15:33.673095703Z</when>
</gx:TimeStamp>
				<gx:ViewerOptions>
					<gx:option name="historicalimagery"></gx:option>
					<gx:option name="sunlight"></gx:option>
					<gx:option enabled="0" name="streetview"></gx:option>
				</gx:ViewerOptions>
				<longitude>-2.071741594679834</longitude>
				<latitude>4.952608262205056</latitude>
				<altitude>0</altitude>
				<heading>0.4764826794905048</heading>
				<tilt>29.8307539275961</tilt>
				<range>2037.740243644359</range>
				<gx:altitudeMode>relativeToSeaFloor</gx:altitudeMode>
			</LookAt>
			<styleUrl>#m_ylw-pushpin</styleUrl>
			<Point>
				<gx:drawOrder>1</gx:drawOrder>
				<coordinates>-2.072020248556766,4.953724326170827,0</coordinates>
			</Point>
		</Placemark>
		<Placemark>
			<name>cocoa443</name>
			<LookAt>
				<gx:TimeStamp><when>2017-04-25T16:15:33.673095703Z</when>
</gx:TimeStamp>
				<gx:ViewerOptions>
					<gx:option name="historicalimagery"></gx:option>
					<gx:option name="sunlight"></gx:option>
					<gx:option enabled="0" name="streetview"></gx:option>
				</gx:ViewerOptions>
				<longitude>-2.073968494245083</longitude>
				<latitude>4.950388958598073</latitude>
				<altitude>0</altitude>
				<heading>0.4762065437752679</heading>
				<tilt>30.00225900515787</tilt>
				<range>503.0304799876593</range>
				<gx:altitudeMode>relativeToSeaFloor</gx:altitudeMode>
			</LookAt>
			<styleUrl>#m_ylw-pushpin</styleUrl>
			<Point>
				<gx:drawOrder>1</gx:drawOrder>
				<coordinates>-2.074080413573858,4.950098634157836,0</coordinates>
			</Point>
		</Placemark>
		<Placemark>
			<name>cocoa444</name>
			<LookAt>
				<gx:TimeStamp><when>2017-04-25T16:15:33.673095703Z</when>
</gx:TimeStamp>
				<gx:ViewerOptions>
					<gx:option name="historicalimagery"></gx:option>
					<gx:option name="sunlight"></gx:option>
					<gx:option enabled="0" name="streetview"></gx:option>
				</gx:ViewerOptions>
				<longitude>-2.074187462025501</longitude>
				<latitude>4.948777372099232</latitude>
				<altitude>0</altitude>
				<heading>0.4761876383638643</heading>
				<tilt>30.0022641315321</tilt>
				<range>504.1717722769495</range>
				<gx:altitudeMode>relativeToSeaFloor</gx:altitudeMode>
			</LookAt>
			<styleUrl>#m_ylw-pushpin</styleUrl>
			<Point>
				<gx:drawOrder>1</gx:drawOrder>
				<coordinates>-2.075233454109519,4.948056625610752,0</coordinates>
			</Point>
		</Placemark>
		<Placemark>
			<name>cocoa445</name>
			<LookAt>
				<gx:TimeStamp><when>2017-04-25T16:15:33.673095703Z</when>
</gx:TimeStamp>
				<gx:ViewerOptions>
					<gx:option name="historicalimagery"></gx:option>
					<gx:option name="sunlight"></gx:option>
					<gx:option enabled="0" name="streetview"></gx:option>
				</gx:ViewerOptions>
				<longitude>-2.079828608702053</longitude>
				<latitude>4.949598119040213</latitude>
				<altitude>0</altitude>
				<heading>0.4757012849496563</heading>
				<tilt>30.00229344651082</tilt>
				<range>510.6980232823528</range>
				<gx:altitudeMode>relativeToSeaFloor</gx:altitudeMode>
			</LookAt>
			<styleUrl>#m_ylw-pushpin</styleUrl>
			<Point>
				<gx:drawOrder>1</gx:drawOrder>
				<coordinates>-2.081118961490143,4.949749243584274,0</coordinates>
			</Point>
		</Placemark>
		<Placemark>
			<name>cocoa446</name>
			<LookAt>
				<gx:TimeStamp><when>2017-04-25T16:15:33.673095703Z</when>
</gx:TimeStamp>
				<gx:ViewerOptions>
					<gx:option name="historicalimagery"></gx:option>
					<gx:option name="sunlight"></gx:option>
					<gx:option enabled="0" name="streetview"></gx:option>
				</gx:ViewerOptions>
				<longitude>-2.079662866483583</longitude>
				<latitude>4.948429608212345</latitude>
				<altitude>0</altitude>
				<heading>0.4757152729946302</heading>
				<tilt>30.00339155443409</tilt>
				<range>755.2284259485115</range>
				<gx:altitudeMode>relativeToSeaFloor</gx:altitudeMode>
			</LookAt>
			<styleUrl>#m_ylw-pushpin</styleUrl>
			<Point>
				<gx:drawOrder>1</gx:drawOrder>
				<coordinates>-2.079531966824072,4.948086179252601,0</coordinates>
			</Point>
		</Placemark>
		<Placemark>
			<name>cocoa447</name>
			<LookAt>
				<gx:TimeStamp><when>2017-04-25T16:15:33.673095703Z</when>
</gx:TimeStamp>
				<gx:ViewerOptions>
					<gx:option name="historicalimagery"></gx:option>
					<gx:option name="sunlight"></gx:option>
					<gx:option enabled="0" name="streetview"></gx:option>
				</gx:ViewerOptions>
				<longitude>-2.078931503406774</longitude>
				<latitude>4.949719752060489</latitude>
				<altitude>0</altitude>
				<heading>0.4757783935128574</heading>
				<tilt>30.00268398689852</tilt>
				<range>597.5146786312066</range>
				<gx:altitudeMode>relativeToSeaFloor</gx:altitudeMode>
			</LookAt>
			<styleUrl>#m_ylw-pushpin</styleUrl>
			<Point>
				<gx:drawOrder>1</gx:drawOrder>
				<coordinates>-2.078488229933626,4.950350248188179,0</coordinates>
			</Point>
		</Placemark>
		<Placemark>
			<name>cocoa448</name>
			<LookAt>
				<gx:TimeStamp><when>2017-04-25T16:15:33.673095703Z</when>
</gx:TimeStamp>
				<gx:ViewerOptions>
					<gx:option name="historicalimagery"></gx:option>
					<gx:option name="sunlight"></gx:option>
					<gx:option enabled="0" name="streetview"></gx:option>
				</gx:ViewerOptions>
				<longitude>-2.079273615028675</longitude>
				<latitude>4.956694226775729</latitude>
				<altitude>0</altitude>
				<heading>0.4757485370077266</heading>
				<tilt>30.00265527224644</tilt>
				<range>591.1220753403458</range>
				<gx:altitudeMode>relativeToSeaFloor</gx:altitudeMode>
			</LookAt>
			<styleUrl>#m_ylw-pushpin</styleUrl>
			<Point>
				<gx:drawOrder>1</gx:drawOrder>
				<coordinates>-2.078255832525409,4.956825097055904,0</coordinates>
			</Point>
		</Placemark>
		<Placemark>
			<name>cocoa449</name>
			<LookAt>
				<gx:TimeStamp><when>2017-04-25T16:15:33.673095703Z</when>
</gx:TimeStamp>
				<gx:ViewerOptions>
					<gx:option name="historicalimagery"></gx:option>
					<gx:option name="sunlight"></gx:option>
					<gx:option enabled="0" name="streetview"></gx:option>
				</gx:ViewerOptions>
				<longitude>-2.087438258590421</longitude>
				<latitude>4.953754964122383</latitude>
				<altitude>0</altitude>
				<heading>0.4750434001539444</heading>
				<tilt>30.00264719449941</tilt>
				<range>589.3238425753402</range>
				<gx:altitudeMode>relativeToSeaFloor</gx:altitudeMode>
			</LookAt>
			<styleUrl>#m_ylw-pushpin</styleUrl>
			<Point>
				<gx:drawOrder>1</gx:drawOrder>
				<coordinates>-2.087278969166281,4.95398021942588,0</coordinates>
			</Point>
		</Placemark>
		<Placemark>
			<name>cocoa450</name>
			<LookAt>
				<gx:TimeStamp><when>2017-04-25T16:15:33.673095703Z</when>
</gx:TimeStamp>
				<gx:ViewerOptions>
					<gx:option name="historicalimagery"></gx:option>
					<gx:option name="sunlight"></gx:option>
					<gx:option enabled="0" name="streetview"></gx:option>
				</gx:ViewerOptions>
				<longitude>-2.087523532492111</longitude>
				<latitude>4.94602408995114</latitude>
				<altitude>0</altitude>
				<heading>0.4767417707455308</heading>
				<tilt>26.40792765991331</tilt>
				<range>416.3792569305119</range>
				<gx:altitudeMode>relativeToSeaFloor</gx:altitudeMode>
			</LookAt>
			<styleUrl>#m_ylw-pushpin</styleUrl>
			<Point>
				<gx:drawOrder>1</gx:drawOrder>
				<coordinates>-2.087794136175003,4.946178904660421,0</coordinates>
			</Point>
		</Placemark>
		<Placemark>
			<name>cocoa451</name>
			<LookAt>
				<gx:TimeStamp><when>2017-04-25T16:15:33.673095703Z</when>
</gx:TimeStamp>
				<gx:ViewerOptions>
					<gx:option name="historicalimagery"></gx:option>
					<gx:option name="sunlight"></gx:option>
					<gx:option enabled="0" name="streetview"></gx:option>
				</gx:ViewerOptions>
				<longitude>-2.090592120910206</longitude>
				<latitude>4.944698650418412</latitude>
				<altitude>0</altitude>
				<heading>0.4764774342023642</heading>
				<tilt>26.4079362968372</tilt>
				<range>418.54101899301</range>
				<gx:altitudeMode>relativeToSeaFloor</gx:altitudeMode>
			</LookAt>
			<styleUrl>#m_ylw-pushpin</styleUrl>
			<Point>
				<gx:drawOrder>1</gx:drawOrder>
				<coordinates>-2.090528906990477,4.944144029363763,0</coordinates>
			</Point>
		</Placemark>
		<Placemark>
			<name>cocoa452</name>
			<LookAt>
				<gx:TimeStamp><when>2017-04-25T16:15:33.673095703Z</when>
</gx:TimeStamp>
				<gx:ViewerOptions>
					<gx:option name="historicalimagery"></gx:option>
					<gx:option name="sunlight"></gx:option>
					<gx:option enabled="0" name="streetview"></gx:option>
				</gx:ViewerOptions>
				<longitude>-2.08739727648773</longitude>
				<latitude>4.937953872609175</latitude>
				<altitude>0</altitude>
				<heading>0.4767526106990376</heading>
				<tilt>26.4085337756407</tilt>
				<range>568.0451622735868</range>
				<gx:altitudeMode>relativeToSeaFloor</gx:altitudeMode>
			</LookAt>
			<styleUrl>#m_ylw-pushpin</styleUrl>
			<Point>
				<gx:drawOrder>1</gx:drawOrder>
				<coordinates>-2.086855632930514,4.938704681627013,0</coordinates>
			</Point>
		</Placemark>
		<Placemark>
			<name>cocoa453</name>
			<LookAt>
				<gx:TimeStamp><when>2017-04-25T16:15:33.673095703Z</when>
</gx:TimeStamp>
				<gx:ViewerOptions>
					<gx:option name="historicalimagery"></gx:option>
					<gx:option name="sunlight"></gx:option>
					<gx:option enabled="0" name="streetview"></gx:option>
				</gx:ViewerOptions>
				<longitude>-2.08739727648773</longitude>
				<latitude>4.937953872609175</latitude>
				<altitude>0</altitude>
				<heading>0.4767526106990376</heading>
				<tilt>26.4085337756407</tilt>
				<range>568.0451622735868</range>
				<gx:altitudeMode>relativeToSeaFloor</gx:altitudeMode>
			</LookAt>
			<styleUrl>#m_ylw-pushpin</styleUrl>
			<Point>
				<gx:drawOrder>1</gx:drawOrder>
				<coordinates>-2.086554540994741,4.937874037569323,0</coordinates>
			</Point>
		</Placemark>
		<Placemark>
			<name>cocoa454</name>
			<LookAt>
				<gx:TimeStamp><when>2017-04-25T16:15:33.673095703Z</when>
</gx:TimeStamp>
				<gx:ViewerOptions>
					<gx:option name="historicalimagery"></gx:option>
					<gx:option name="sunlight"></gx:option>
					<gx:option enabled="0" name="streetview"></gx:option>
				</gx:ViewerOptions>
				<longitude>-2.085577072472897</longitude>
				<latitude>4.936842288715672</latitude>
				<altitude>0</altitude>
				<heading>0.4769092533213772</heading>
				<tilt>26.40853028400388</tilt>
				<range>567.171331306064</range>
				<gx:altitudeMode>relativeToSeaFloor</gx:altitudeMode>
			</LookAt>
			<styleUrl>#m_ylw-pushpin</styleUrl>
			<Point>
				<gx:drawOrder>1</gx:drawOrder>
				<coordinates>-2.085405836035937,4.93717441756835,0</coordinates>
			</Point>
		</Placemark>
		<Placemark>
			<name>cocoa455</name>
			<LookAt>
				<gx:TimeStamp><when>2017-04-25T16:15:33.673095703Z</when>
</gx:TimeStamp>
				<gx:ViewerOptions>
					<gx:option name="historicalimagery"></gx:option>
					<gx:option name="sunlight"></gx:option>
					<gx:option enabled="0" name="streetview"></gx:option>
				</gx:ViewerOptions>
				<longitude>-2.092504941155634</longitude>
				<latitude>4.936860795258586</latitude>
				<altitude>0</altitude>
				<heading>0.4763127560761885</heading>
				<tilt>26.40854476353259</tilt>
				<range>570.7953935144697</range>
				<gx:altitudeMode>relativeToSeaFloor</gx:altitudeMode>
			</LookAt>
			<styleUrl>#m_ylw-pushpin</styleUrl>
			<Point>
				<gx:drawOrder>1</gx:drawOrder>
				<coordinates>-2.093276161658664,4.937072215610383,0</coordinates>
			</Point>
		</Placemark>
		<Placemark>
			<name>cocoa456</name>
			<LookAt>
				<gx:TimeStamp><when>2017-04-25T16:15:33.673095703Z</when>
</gx:TimeStamp>
				<gx:ViewerOptions>
					<gx:option name="historicalimagery"></gx:option>
					<gx:option name="sunlight"></gx:option>
					<gx:option enabled="0" name="streetview"></gx:option>
				</gx:ViewerOptions>
				<longitude>-2.095837576323504</longitude>
				<latitude>4.932721572211762</latitude>
				<altitude>0</altitude>
				<heading>0.4743429359710173</heading>
				<tilt>30.00269894278716</tilt>
				<range>601.0392209650519</range>
				<gx:altitudeMode>relativeToSeaFloor</gx:altitudeMode>
			</LookAt>
			<styleUrl>#m_ylw-pushpin</styleUrl>
			<Point>
				<gx:drawOrder>1</gx:drawOrder>
				<coordinates>-2.095949206158609,4.931881515498149,0</coordinates>
			</Point>
		</Placemark>
		<Placemark>
			<name>cocoa457</name>
			<LookAt>
				<gx:TimeStamp><when>2017-04-25T16:15:33.673095703Z</when>
</gx:TimeStamp>
				<gx:ViewerOptions>
					<gx:option name="historicalimagery"></gx:option>
					<gx:option name="sunlight"></gx:option>
					<gx:option enabled="0" name="streetview"></gx:option>
				</gx:ViewerOptions>
				<longitude>-2.091043922233859</longitude>
				<latitude>4.927204624876499</latitude>
				<altitude>0</altitude>
				<heading>0.4747549712282242</heading>
				<tilt>30.00272839463985</tilt>
				<range>607.5958819281201</range>
				<gx:altitudeMode>relativeToSeaFloor</gx:altitudeMode>
			</LookAt>
			<styleUrl>#m_ylw-pushpin</styleUrl>
			<Point>
				<gx:drawOrder>1</gx:drawOrder>
				<coordinates>-2.091611675154347,4.927549113700551,0</coordinates>
			</Point>
		</Placemark>
		<Placemark>
			<name>cocoa458</name>
			<LookAt>
				<gx:TimeStamp><when>2017-04-25T16:15:33.673095703Z</when>
</gx:TimeStamp>
				<gx:ViewerOptions>
					<gx:option name="historicalimagery"></gx:option>
					<gx:option name="sunlight"></gx:option>
					<gx:option enabled="0" name="streetview"></gx:option>
				</gx:ViewerOptions>
				<longitude>-2.091277312448114</longitude>
				<latitude>4.928578304645981</latitude>
				<altitude>0</altitude>
				<heading>0.4747349147868898</heading>
				<tilt>30.00271671684255</tilt>
				<range>604.9961611642893</range>
				<gx:altitudeMode>relativeToSeaFloor</gx:altitudeMode>
			</LookAt>
			<styleUrl>#m_ylw-pushpin</styleUrl>
			<Point>
				<gx:drawOrder>1</gx:drawOrder>
				<coordinates>-2.089510912257348,4.928985152312396,0</coordinates>
			</Point>
		</Placemark>
		<Placemark>
			<name>cocoa459</name>
			<LookAt>
				<gx:TimeStamp><when>2017-04-25T16:15:33.673095703Z</when>
</gx:TimeStamp>
				<gx:ViewerOptions>
					<gx:option name="historicalimagery"></gx:option>
					<gx:option name="sunlight"></gx:option>
					<gx:option enabled="0" name="streetview"></gx:option>
				</gx:ViewerOptions>
				<longitude>-2.091181761612161</longitude>
				<latitude>4.930001713627331</latitude>
				<altitude>0</altitude>
				<heading>0.4747431090772662</heading>
				<tilt>30.00273963510898</tilt>
				<range>610.0982420721134</range>
				<gx:altitudeMode>relativeToSeaFloor</gx:altitudeMode>
			</LookAt>
			<styleUrl>#m_ylw-pushpin</styleUrl>
			<Point>
				<gx:drawOrder>1</gx:drawOrder>
				<coordinates>-2.091020431690679,4.929044996168336,0</coordinates>
			</Point>
		</Placemark>
		<Placemark>
			<name>cocoa460</name>
			<LookAt>
				<gx:TimeStamp><when>2017-04-25T16:15:33.673095703Z</when>
</gx:TimeStamp>
				<gx:ViewerOptions>
					<gx:option name="historicalimagery"></gx:option>
					<gx:option name="sunlight"></gx:option>
					<gx:option enabled="0" name="streetview"></gx:option>
				</gx:ViewerOptions>
				<longitude>-2.08905892746921</longitude>
				<latitude>4.932245995558516</latitude>
				<altitude>0</altitude>
				<heading>0.4749255492434712</heading>
				<tilt>30.00271872699324</tilt>
				<range>605.4436110420169</range>
				<gx:altitudeMode>relativeToSeaFloor</gx:altitudeMode>
			</LookAt>
			<styleUrl>#m_ylw-pushpin</styleUrl>
			<Point>
				<gx:drawOrder>1</gx:drawOrder>
				<coordinates>-2.08930925428126,4.931341047583825,0</coordinates>
			</Point>
		</Placemark>
		<Placemark>
			<name>cocoa461</name>
			<LookAt>
				<gx:TimeStamp><when>2017-04-25T16:15:33.673095703Z</when>
</gx:TimeStamp>
				<gx:ViewerOptions>
					<gx:option name="historicalimagery"></gx:option>
					<gx:option name="sunlight"></gx:option>
					<gx:option enabled="0" name="streetview"></gx:option>
				</gx:ViewerOptions>
				<longitude>-2.088043103058982</longitude>
				<latitude>4.926632664703098</latitude>
				<altitude>0</altitude>
				<heading>0.4750128660845009</heading>
				<tilt>30.00274163936049</tilt>
				<range>610.5444305567046</range>
				<gx:altitudeMode>relativeToSeaFloor</gx:altitudeMode>
			</LookAt>
			<styleUrl>#m_ylw-pushpin</styleUrl>
			<Point>
				<gx:drawOrder>1</gx:drawOrder>
				<coordinates>-2.088001352204948,4.926733805960303,0</coordinates>
			</Point>
		</Placemark>
		<Placemark>
			<name>cocoa462</name>
			<LookAt>
				<gx:TimeStamp><when>2017-04-25T16:15:33.673095703Z</when>
</gx:TimeStamp>
				<gx:ViewerOptions>
					<gx:option name="historicalimagery"></gx:option>
					<gx:option name="sunlight"></gx:option>
					<gx:option enabled="0" name="streetview"></gx:option>
				</gx:ViewerOptions>
				<longitude>-2.088043103058982</longitude>
				<latitude>4.926632664703098</latitude>
				<altitude>0</altitude>
				<heading>0.4750128660845009</heading>
				<tilt>30.00274163936049</tilt>
				<range>610.5444305567046</range>
				<gx:altitudeMode>relativeToSeaFloor</gx:altitudeMode>
			</LookAt>
			<styleUrl>#m_ylw-pushpin</styleUrl>
			<Point>
				<gx:drawOrder>1</gx:drawOrder>
				<coordinates>-2.087475727125746,4.926211066369932,0</coordinates>
			</Point>
		</Placemark>
		<Placemark>
			<name>cocoa463</name>
			<LookAt>
				<gx:TimeStamp><when>2017-04-25T16:15:33.673095703Z</when>
</gx:TimeStamp>
				<gx:ViewerOptions>
					<gx:option name="historicalimagery"></gx:option>
					<gx:option name="sunlight"></gx:option>
					<gx:option enabled="0" name="streetview"></gx:option>
				</gx:ViewerOptions>
				<longitude>-2.085610880669729</longitude>
				<latitude>4.926381582245024</latitude>
				<altitude>0</altitude>
				<heading>0.4752217100939351</heading>
				<tilt>30.00272451848502</tilt>
				<range>606.73297398763</range>
				<gx:altitudeMode>relativeToSeaFloor</gx:altitudeMode>
			</LookAt>
			<styleUrl>#m_ylw-pushpin</styleUrl>
			<Point>
				<gx:drawOrder>1</gx:drawOrder>
				<coordinates>-2.085669340590494,4.925668297850287,0</coordinates>
			</Point>
		</Placemark>
		<Placemark>
			<name>cocoa464</name>
			<LookAt>
				<gx:TimeStamp><when>2017-04-25T16:15:33.673095703Z</when>
</gx:TimeStamp>
				<gx:ViewerOptions>
					<gx:option name="historicalimagery"></gx:option>
					<gx:option name="sunlight"></gx:option>
					<gx:option enabled="0" name="streetview"></gx:option>
				</gx:ViewerOptions>
				<longitude>-2.081493161869725</longitude>
				<latitude>4.925328571442122</latitude>
				<altitude>0</altitude>
				<heading>0.4755752188125194</heading>
				<tilt>30.00271791301432</tilt>
				<range>605.2623439396539</range>
				<gx:altitudeMode>relativeToSeaFloor</gx:altitudeMode>
			</LookAt>
			<styleUrl>#m_ylw-pushpin</styleUrl>
			<Point>
				<gx:drawOrder>1</gx:drawOrder>
				<coordinates>-2.082836163422362,4.92507460797159,0</coordinates>
			</Point>
		</Placemark>
		<Placemark>
			<name>cocoa465</name>
			<LookAt>
				<gx:TimeStamp><when>2017-04-25T16:15:33.673095703Z</when>
</gx:TimeStamp>
				<gx:ViewerOptions>
					<gx:option name="historicalimagery"></gx:option>
					<gx:option name="sunlight"></gx:option>
					<gx:option enabled="0" name="streetview"></gx:option>
				</gx:ViewerOptions>
				<longitude>-2.079614487366711</longitude>
				<latitude>4.926436349037933</latitude>
				<altitude>0</altitude>
				<heading>0.4757364734875555</heading>
				<tilt>30.00271588583347</tilt>
				<range>604.8110794268407</range>
				<gx:altitudeMode>relativeToSeaFloor</gx:altitudeMode>
			</LookAt>
			<styleUrl>#m_ylw-pushpin</styleUrl>
			<Point>
				<gx:drawOrder>1</gx:drawOrder>
				<coordinates>-2.079281358500309,4.926026309066908,0</coordinates>
			</Point>
		</Placemark>
		<Placemark>
			<name>cocoa466</name>
			<LookAt>
				<gx:TimeStamp><when>2017-04-25T16:15:33.673095703Z</when>
</gx:TimeStamp>
				<gx:ViewerOptions>
					<gx:option name="historicalimagery"></gx:option>
					<gx:option name="sunlight"></gx:option>
					<gx:option enabled="0" name="streetview"></gx:option>
				</gx:ViewerOptions>
				<longitude>-2.075607284394216</longitude>
				<latitude>4.923900266434828</latitude>
				<altitude>0</altitude>
				<heading>0.4760805957906775</heading>
				<tilt>30.00396792971925</tilt>
				<range>883.5892630704355</range>
				<gx:altitudeMode>relativeToSeaFloor</gx:altitudeMode>
			</LookAt>
			<styleUrl>#m_ylw-pushpin</styleUrl>
			<Point>
				<gx:drawOrder>1</gx:drawOrder>
				<coordinates>-2.076642068718284,4.923830044379693,0</coordinates>
			</Point>
		</Placemark>
		<Placemark>
			<name>cocoa467</name>
			<LookAt>
				<gx:TimeStamp><when>2017-04-25T16:15:33.673095703Z</when>
</gx:TimeStamp>
				<gx:ViewerOptions>
					<gx:option name="historicalimagery"></gx:option>
					<gx:option name="sunlight"></gx:option>
					<gx:option enabled="0" name="streetview"></gx:option>
				</gx:ViewerOptions>
				<longitude>-2.075607284394216</longitude>
				<latitude>4.923900266434828</latitude>
				<altitude>0</altitude>
				<heading>0.4760805957906775</heading>
				<tilt>30.00396792971925</tilt>
				<range>883.5892630704355</range>
				<gx:altitudeMode>relativeToSeaFloor</gx:altitudeMode>
			</LookAt>
			<styleUrl>#m_ylw-pushpin</styleUrl>
			<Point>
				<gx:drawOrder>1</gx:drawOrder>
				<coordinates>-2.077652658976301,4.922626521854456,0</coordinates>
			</Point>
		</Placemark>
		<Placemark>
			<name>cocoa468</name>
			<LookAt>
				<gx:TimeStamp><when>2017-04-25T16:15:33.673095703Z</when>
</gx:TimeStamp>
				<gx:ViewerOptions>
					<gx:option name="historicalimagery"></gx:option>
					<gx:option name="sunlight"></gx:option>
					<gx:option enabled="0" name="streetview"></gx:option>
				</gx:ViewerOptions>
				<longitude>-2.075607284394216</longitude>
				<latitude>4.923900266434828</latitude>
				<altitude>0</altitude>
				<heading>0.4760805957906775</heading>
				<tilt>30.00396792971925</tilt>
				<range>883.5892630704355</range>
				<gx:altitudeMode>relativeToSeaFloor</gx:altitudeMode>
			</LookAt>
			<styleUrl>#m_ylw-pushpin</styleUrl>
			<Point>
				<gx:drawOrder>1</gx:drawOrder>
				<coordinates>-2.07900665206505,4.922572186194089,0</coordinates>
			</Point>
		</Placemark>
		<Placemark>
			<name>cocoa469</name>
			<LookAt>
				<gx:TimeStamp><when>2017-04-25T16:15:33.673095703Z</when>
</gx:TimeStamp>
				<gx:ViewerOptions>
					<gx:option name="historicalimagery"></gx:option>
					<gx:option name="sunlight"></gx:option>
					<gx:option enabled="0" name="streetview"></gx:option>
				</gx:ViewerOptions>
				<longitude>-2.074058816068004</longitude>
				<latitude>4.923505477551666</latitude>
				<altitude>0</altitude>
				<heading>0.4762134773055698</heading>
				<tilt>30.00395410097895</tilt>
				<range>880.5109905212756</range>
				<gx:altitudeMode>relativeToSeaFloor</gx:altitudeMode>
			</LookAt>
			<styleUrl>#m_ylw-pushpin</styleUrl>
			<Point>
				<gx:drawOrder>1</gx:drawOrder>
				<coordinates>-2.074492883304628,4.923581701432652,0</coordinates>
			</Point>
		</Placemark>
		<Placemark>
			<name>cocoa470</name>
			<LookAt>
				<gx:TimeStamp><when>2017-04-25T16:15:33.673095703Z</when>
</gx:TimeStamp>
				<gx:ViewerOptions>
					<gx:option name="historicalimagery"></gx:option>
					<gx:option name="sunlight"></gx:option>
					<gx:option enabled="0" name="streetview"></gx:option>
				</gx:ViewerOptions>
				<longitude>-2.073401877908043</longitude>
				<latitude>4.921762107964595</latitude>
				<altitude>0</altitude>
				<heading>0.476269905278738</heading>
				<tilt>30.0039759853695</tilt>
				<range>885.3827073837194</range>
				<gx:altitudeMode>relativeToSeaFloor</gx:altitudeMode>
			</LookAt>
			<styleUrl>#m_ylw-pushpin</styleUrl>
			<Point>
				<gx:drawOrder>1</gx:drawOrder>
				<coordinates>-2.073199250924871,4.920803589997081,0</coordinates>
			</Point>
		</Placemark>
		<Placemark>
			<name>cocoa471</name>
			<LookAt>
				<gx:TimeStamp><when>2017-04-25T16:15:33.673095703Z</when>
</gx:TimeStamp>
				<gx:ViewerOptions>
					<gx:option name="historicalimagery"></gx:option>
					<gx:option name="sunlight"></gx:option>
					<gx:option enabled="0" name="streetview"></gx:option>
				</gx:ViewerOptions>
				<longitude>-2.073401877908043</longitude>
				<latitude>4.921762107964595</latitude>
				<altitude>0</altitude>
				<heading>0.476269905278738</heading>
				<tilt>30.0039759853695</tilt>
				<range>885.3827073837194</range>
				<gx:altitudeMode>relativeToSeaFloor</gx:altitudeMode>
			</LookAt>
			<styleUrl>#m_ylw-pushpin</styleUrl>
			<Point>
				<gx:drawOrder>1</gx:drawOrder>
				<coordinates>-2.072994330822264,4.924682778007337,0</coordinates>
			</Point>
		</Placemark>
		<Placemark>
			<name>cocoa472</name>
			<LookAt>
				<gx:TimeStamp><when>2017-04-25T16:15:33.673095703Z</when>
</gx:TimeStamp>
				<gx:ViewerOptions>
					<gx:option name="historicalimagery"></gx:option>
					<gx:option name="sunlight"></gx:option>
					<gx:option enabled="0" name="streetview"></gx:option>
				</gx:ViewerOptions>
				<longitude>-2.073401877908043</longitude>
				<latitude>4.921762107964595</latitude>
				<altitude>0</altitude>
				<heading>0.476269905278738</heading>
				<tilt>30.0039759853695</tilt>
				<range>885.3827073837194</range>
				<gx:altitudeMode>relativeToSeaFloor</gx:altitudeMode>
			</LookAt>
			<styleUrl>#m_ylw-pushpin</styleUrl>
			<Point>
				<gx:drawOrder>1</gx:drawOrder>
				<coordinates>-2.072132625909799,4.921349413853087,0</coordinates>
			</Point>
		</Placemark>
		<Placemark>
			<name>cocoa473</name>
			<LookAt>
				<gx:TimeStamp><when>2017-04-25T16:15:33.673095703Z</when>
</gx:TimeStamp>
				<gx:ViewerOptions>
					<gx:option name="historicalimagery"></gx:option>
					<gx:option name="sunlight"></gx:option>
					<gx:option enabled="0" name="streetview"></gx:option>
				</gx:ViewerOptions>
				<longitude>-2.076024766826061</longitude>
				<latitude>4.922390292687391</latitude>
				<altitude>0</altitude>
				<heading>0.4760448982921105</heading>
				<tilt>30.00395062607415</tilt>
				<range>879.7373482516205</range>
				<gx:altitudeMode>relativeToSeaFloor</gx:altitudeMode>
			</LookAt>
			<styleUrl>#m_ylw-pushpin</styleUrl>
			<Point>
				<gx:drawOrder>1</gx:drawOrder>
				<coordinates>-2.073701641104229,4.921507902693025,0</coordinates>
			</Point>
		</Placemark>
		<Placemark>
			<name>cocoa474</name>
			<LookAt>
				<gx:TimeStamp><when>2017-04-25T16:15:33.673095703Z</when>
</gx:TimeStamp>
				<gx:ViewerOptions>
					<gx:option name="historicalimagery"></gx:option>
					<gx:option name="sunlight"></gx:option>
					<gx:option enabled="0" name="streetview"></gx:option>
				</gx:ViewerOptions>
				<longitude>-2.071769578697547</longitude>
				<latitude>4.915772575299242</latitude>
				<altitude>0</altitude>
				<heading>0.4772831175052319</heading>
				<tilt>28.15797725411266</tilt>
				<range>623.6344032262676</range>
				<gx:altitudeMode>relativeToSeaFloor</gx:altitudeMode>
			</LookAt>
			<styleUrl>#m_ylw-pushpin</styleUrl>
			<Point>
				<gx:drawOrder>1</gx:drawOrder>
				<coordinates>-2.073373181103051,4.915693906480834,0</coordinates>
			</Point>
		</Placemark>
		<Placemark>
			<name>cocoa475</name>
			<LookAt>
				<gx:TimeStamp><when>2017-04-25T16:15:33.673095703Z</when>
</gx:TimeStamp>
				<gx:ViewerOptions>
					<gx:option name="historicalimagery"></gx:option>
					<gx:option name="sunlight"></gx:option>
					<gx:option enabled="0" name="streetview"></gx:option>
				</gx:ViewerOptions>
				<longitude>-2.071769578697547</longitude>
				<latitude>4.915772575299242</latitude>
				<altitude>0</altitude>
				<heading>0.4772831175052319</heading>
				<tilt>28.15797725411266</tilt>
				<range>623.6344032262676</range>
				<gx:altitudeMode>relativeToSeaFloor</gx:altitudeMode>
			</LookAt>
			<styleUrl>#m_ylw-pushpin</styleUrl>
			<Point>
				<gx:drawOrder>1</gx:drawOrder>
				<coordinates>-2.070693065001311,4.915004895005112,0</coordinates>
			</Point>
		</Placemark>
		<Placemark>
			<name>cocoa476</name>
			<LookAt>
				<gx:TimeStamp><when>2017-04-25T16:15:33.673095703Z</when>
</gx:TimeStamp>
				<gx:ViewerOptions>
					<gx:option name="historicalimagery"></gx:option>
					<gx:option name="sunlight"></gx:option>
					<gx:option enabled="0" name="streetview"></gx:option>
				</gx:ViewerOptions>
				<longitude>-2.070932959174367</longitude>
				<latitude>4.913619417464742</latitude>
				<altitude>0</altitude>
				<heading>0.4765308443835171</heading>
				<tilt>30.00288962554032</tilt>
				<range>643.3561399994632</range>
				<gx:altitudeMode>relativeToSeaFloor</gx:altitudeMode>
			</LookAt>
			<styleUrl>#m_ylw-pushpin</styleUrl>
			<Point>
				<gx:drawOrder>1</gx:drawOrder>
				<coordinates>-2.069648313755975,4.913325702561004,0</coordinates>
			</Point>
		</Placemark>
		<Placemark>
			<name>cocoa477</name>
			<LookAt>
				<gx:TimeStamp><when>2017-04-25T16:15:33.673095703Z</when>
</gx:TimeStamp>
				<gx:ViewerOptions>
					<gx:option name="historicalimagery"></gx:option>
					<gx:option name="sunlight"></gx:option>
					<gx:option enabled="0" name="streetview"></gx:option>
				</gx:ViewerOptions>
				<longitude>-2.068220413443046</longitude>
				<latitude>4.912126575452399</latitude>
				<altitude>0</altitude>
				<heading>0.4767631104094296</heading>
				<tilt>30.00290415771631</tilt>
				<range>646.591286686699</range>
				<gx:altitudeMode>relativeToSeaFloor</gx:altitudeMode>
			</LookAt>
			<styleUrl>#m_ylw-pushpin</styleUrl>
			<Point>
				<gx:drawOrder>1</gx:drawOrder>
				<coordinates>-2.068253202239394,4.911889484989562,0</coordinates>
			</Point>
		</Placemark>
		<Placemark>
			<name>cocoa478</name>
			<LookAt>
				<gx:TimeStamp><when>2017-04-25T16:15:33.673095703Z</when>
</gx:TimeStamp>
				<gx:ViewerOptions>
					<gx:option name="historicalimagery"></gx:option>
					<gx:option name="sunlight"></gx:option>
					<gx:option enabled="0" name="streetview"></gx:option>
				</gx:ViewerOptions>
				<longitude>-2.068200792646628</longitude>
				<latitude>4.909593503528204</latitude>
				<altitude>0</altitude>
				<heading>0.4767647975873018</heading>
				<tilt>30.0029044392545</tilt>
				<range>646.6540144013253</range>
				<gx:altitudeMode>relativeToSeaFloor</gx:altitudeMode>
			</LookAt>
			<styleUrl>#m_ylw-pushpin</styleUrl>
			<Point>
				<gx:drawOrder>1</gx:drawOrder>
				<coordinates>-2.067632468886625,4.90943755824563,0</coordinates>
			</Point>
		</Placemark>
		<Placemark>
			<name>cocoa479</name>
			<LookAt>
				<gx:TimeStamp><when>2017-04-25T16:15:33.673095703Z</when>
</gx:TimeStamp>
				<gx:ViewerOptions>
					<gx:option name="historicalimagery"></gx:option>
					<gx:option name="sunlight"></gx:option>
					<gx:option enabled="0" name="streetview"></gx:option>
				</gx:ViewerOptions>
				<longitude>-2.067317294691823</longitude>
				<latitude>4.909818408784791</latitude>
				<altitude>0</altitude>
				<heading>0.4768404173515076</heading>
				<tilt>30.0029181739352</tilt>
				<range>649.7116340008693</range>
				<gx:altitudeMode>relativeToSeaFloor</gx:altitudeMode>
			</LookAt>
			<styleUrl>#m_ylw-pushpin</styleUrl>
			<Point>
				<gx:drawOrder>1</gx:drawOrder>
				<coordinates>-2.065930702660909,4.910815726274693,0</coordinates>
			</Point>
		</Placemark>
		<Placemark>
			<name>cocoa480</name>
			<LookAt>
				<gx:TimeStamp><when>2017-04-25T16:15:33.673095703Z</when>
</gx:TimeStamp>
				<gx:ViewerOptions>
					<gx:option name="historicalimagery"></gx:option>
					<gx:option name="sunlight"></gx:option>
					<gx:option enabled="0" name="streetview"></gx:option>
				</gx:ViewerOptions>
				<longitude>-2.067317294691823</longitude>
				<latitude>4.909818408784791</latitude>
				<altitude>0</altitude>
				<heading>0.4768404173515076</heading>
				<tilt>30.0029181739352</tilt>
				<range>649.7116340008693</range>
				<gx:altitudeMode>relativeToSeaFloor</gx:altitudeMode>
			</LookAt>
			<styleUrl>#m_ylw-pushpin</styleUrl>
			<Point>
				<gx:drawOrder>1</gx:drawOrder>
				<coordinates>-2.06797928835485,4.910963026662068,0</coordinates>
			</Point>
		</Placemark>
		<Placemark>
			<name>cocoa481</name>
			<LookAt>
				<gx:TimeStamp><when>2017-04-25T16:15:33.673095703Z</when>
</gx:TimeStamp>
				<gx:ViewerOptions>
					<gx:option name="historicalimagery"></gx:option>
					<gx:option name="sunlight"></gx:option>
					<gx:option enabled="0" name="streetview"></gx:option>
				</gx:ViewerOptions>
				<longitude>-2.071065579393574</longitude>
				<latitude>4.910359428234286</latitude>
				<altitude>0</altitude>
				<heading>0.4765196046531174</heading>
				<tilt>30.00288452133397</tilt>
				<range>642.2198686785398</range>
				<gx:altitudeMode>relativeToSeaFloor</gx:altitudeMode>
			</LookAt>
			<styleUrl>#m_ylw-pushpin</styleUrl>
			<Point>
				<gx:drawOrder>1</gx:drawOrder>
				<coordinates>-2.070483026206874,4.911601395650272,0</coordinates>
			</Point>
		</Placemark>
		<Placemark>
			<name>cocoa482</name>
			<LookAt>
				<gx:TimeStamp><when>2017-04-25T16:15:33.673095703Z</when>
</gx:TimeStamp>
				<gx:ViewerOptions>
					<gx:option name="historicalimagery"></gx:option>
					<gx:option name="sunlight"></gx:option>
					<gx:option enabled="0" name="streetview"></gx:option>
				</gx:ViewerOptions>
				<longitude>-2.072495538361969</longitude>
				<latitude>4.910560561598173</latitude>
				<altitude>0</altitude>
				<heading>0.4763972133498798</heading>
				<tilt>30.00288223373299</tilt>
				<range>641.7105980375752</range>
				<gx:altitudeMode>relativeToSeaFloor</gx:altitudeMode>
			</LookAt>
			<styleUrl>#m_ylw-pushpin</styleUrl>
			<Point>
				<gx:drawOrder>1</gx:drawOrder>
				<coordinates>-2.07390780456697,4.911175526811334,0</coordinates>
			</Point>
		</Placemark>
		<Placemark>
			<name>cocoa483</name>
			<LookAt>
				<gx:TimeStamp><when>2017-04-25T16:15:33.673095703Z</when>
</gx:TimeStamp>
				<gx:ViewerOptions>
					<gx:option name="historicalimagery"></gx:option>
					<gx:option name="sunlight"></gx:option>
					<gx:option enabled="0" name="streetview"></gx:option>
				</gx:ViewerOptions>
				<longitude>-2.072677375129882</longitude>
				<latitude>4.908260555752628</latitude>
				<altitude>0</altitude>
				<heading>0.476381669401845</heading>
				<tilt>30.00289620981599</tilt>
				<range>644.8219806851384</range>
				<gx:altitudeMode>relativeToSeaFloor</gx:altitudeMode>
			</LookAt>
			<styleUrl>#m_ylw-pushpin</styleUrl>
			<Point>
				<gx:drawOrder>1</gx:drawOrder>
				<coordinates>-2.072664686053932,4.908090140817386,0</coordinates>
			</Point>
		</Placemark>
		<Placemark>
			<name>cocoa484</name>
			<LookAt>
				<gx:TimeStamp><when>2017-04-25T16:15:33.673095703Z</when>
</gx:TimeStamp>
				<gx:ViewerOptions>
					<gx:option name="historicalimagery"></gx:option>
					<gx:option name="sunlight"></gx:option>
					<gx:option enabled="0" name="streetview"></gx:option>
				</gx:ViewerOptions>
				<longitude>-2.072677375129882</longitude>
				<latitude>4.908260555752628</latitude>
				<altitude>0</altitude>
				<heading>0.476381669401845</heading>
				<tilt>30.00289620981599</tilt>
				<range>644.8219806851384</range>
				<gx:altitudeMode>relativeToSeaFloor</gx:altitudeMode>
			</LookAt>
			<styleUrl>#m_ylw-pushpin</styleUrl>
			<Point>
				<gx:drawOrder>1</gx:drawOrder>
				<coordinates>-2.073873066982611,4.908625903604195,0</coordinates>
			</Point>
		</Placemark>
		<Placemark>
			<name>cocoa485</name>
			<LookAt>
				<gx:TimeStamp><when>2017-04-25T16:15:33.673095703Z</when>
</gx:TimeStamp>
				<gx:ViewerOptions>
					<gx:option name="historicalimagery"></gx:option>
					<gx:option name="sunlight"></gx:option>
					<gx:option enabled="0" name="streetview"></gx:option>
				</gx:ViewerOptions>
				<longitude>-2.068839819044845</longitude>
				<latitude>4.906806337803858</latitude>
				<altitude>0</altitude>
				<heading>0.4767099360044981</heading>
				<tilt>30.0028941620164</tilt>
				<range>644.3661063931628</range>
				<gx:altitudeMode>relativeToSeaFloor</gx:altitudeMode>
			</LookAt>
			<styleUrl>#m_ylw-pushpin</styleUrl>
			<Point>
				<gx:drawOrder>1</gx:drawOrder>
				<coordinates>-2.06905585061215,4.905950424638357,0</coordinates>
			</Point>
		</Placemark>
		<Placemark>
			<name>cocoa486</name>
			<LookAt>
				<gx:TimeStamp><when>2017-04-25T16:15:33.673095703Z</when>
</gx:TimeStamp>
				<gx:ViewerOptions>
					<gx:option name="historicalimagery"></gx:option>
					<gx:option name="sunlight"></gx:option>
					<gx:option enabled="0" name="streetview"></gx:option>
				</gx:ViewerOptions>
				<longitude>-2.067851293820278</longitude>
				<latitude>4.905913809036488</latitude>
				<altitude>0</altitude>
				<heading>0.4767944584072147</heading>
				<tilt>30.0028914317873</tilt>
				<range>643.7582327726486</range>
				<gx:altitudeMode>relativeToSeaFloor</gx:altitudeMode>
			</LookAt>
			<styleUrl>#m_ylw-pushpin</styleUrl>
			<Point>
				<gx:drawOrder>1</gx:drawOrder>
				<coordinates>-2.068427591264005,4.90540800696933,0</coordinates>
			</Point>
		</Placemark>
		<Placemark>
			<name>cocoa487</name>
			<LookAt>
				<gx:TimeStamp><when>2017-04-25T16:15:33.673095703Z</when>
</gx:TimeStamp>
				<gx:ViewerOptions>
					<gx:option name="historicalimagery"></gx:option>
					<gx:option name="sunlight"></gx:option>
					<gx:option enabled="0" name="streetview"></gx:option>
				</gx:ViewerOptions>
				<longitude>-2.070255921659276</longitude>
				<latitude>4.904263403264773</latitude>
				<altitude>0</altitude>
				<heading>0.4765888528057403</heading>
				<tilt>30.00288807742994</tilt>
				<range>643.0114879500896</range>
				<gx:altitudeMode>relativeToSeaFloor</gx:altitudeMode>
			</LookAt>
			<styleUrl>#m_ylw-pushpin</styleUrl>
			<Point>
				<gx:drawOrder>1</gx:drawOrder>
				<coordinates>-2.070273449942361,4.90463628922448,0</coordinates>
			</Point>
		</Placemark>
		<Placemark>
			<name>cocoa488</name>
			<LookAt>
				<gx:TimeStamp><when>2017-04-25T16:15:33.673095703Z</when>
</gx:TimeStamp>
				<gx:ViewerOptions>
					<gx:option name="historicalimagery"></gx:option>
					<gx:option name="sunlight"></gx:option>
					<gx:option enabled="0" name="streetview"></gx:option>
				</gx:ViewerOptions>
				<longitude>-2.070255921659276</longitude>
				<latitude>4.904263403264773</latitude>
				<altitude>0</altitude>
				<heading>0.4765888528057403</heading>
				<tilt>30.00288807742994</tilt>
				<range>643.0114879500896</range>
				<gx:altitudeMode>relativeToSeaFloor</gx:altitudeMode>
			</LookAt>
			<styleUrl>#m_ylw-pushpin</styleUrl>
			<Point>
				<gx:drawOrder>1</gx:drawOrder>
				<coordinates>-2.071674038711055,4.904838730540125,0</coordinates>
			</Point>
		</Placemark>
		<Placemark>
			<name>cocoa489</name>
			<LookAt>
				<gx:TimeStamp><when>2017-04-25T16:15:33.673095703Z</when>
</gx:TimeStamp>
				<gx:ViewerOptions>
					<gx:option name="historicalimagery"></gx:option>
					<gx:option name="sunlight"></gx:option>
					<gx:option enabled="0" name="streetview"></gx:option>
				</gx:ViewerOptions>
				<longitude>-2.072504981039849</longitude>
				<latitude>4.905059736644301</latitude>
				<altitude>0</altitude>
				<heading>0.4763965627899108</heading>
				<tilt>30.00291240930584</tilt>
				<range>648.4282208656899</range>
				<gx:altitudeMode>relativeToSeaFloor</gx:altitudeMode>
			</LookAt>
			<styleUrl>#m_ylw-pushpin</styleUrl>
			<Point>
				<gx:drawOrder>1</gx:drawOrder>
				<coordinates>-2.073661156314738,4.905959279019639,0</coordinates>
			</Point>
		</Placemark>
		<Placemark>
			<name>cocoa490</name>
			<LookAt>
				<gx:TimeStamp><when>2017-04-25T16:15:33.673095703Z</when>
</gx:TimeStamp>
				<gx:ViewerOptions>
					<gx:option name="historicalimagery"></gx:option>
					<gx:option name="sunlight"></gx:option>
					<gx:option enabled="0" name="streetview"></gx:option>
				</gx:ViewerOptions>
				<longitude>-2.075299230796776</longitude>
				<latitude>4.905835820747107</latitude>
				<altitude>0</altitude>
				<heading>0.4761575562587159</heading>
				<tilt>30.00291370470388</tilt>
				<range>648.7166718615191</range>
				<gx:altitudeMode>relativeToSeaFloor</gx:altitudeMode>
			</LookAt>
			<styleUrl>#m_ylw-pushpin</styleUrl>
			<Point>
				<gx:drawOrder>1</gx:drawOrder>
				<coordinates>-2.077167175616048,4.905834797958826,0</coordinates>
			</Point>
		</Placemark>
		<Placemark>
			<name>cocoa491</name>
			<LookAt>
				<gx:TimeStamp><when>2017-04-25T16:15:33.673095703Z</when>
</gx:TimeStamp>
				<gx:ViewerOptions>
					<gx:option name="historicalimagery"></gx:option>
					<gx:option name="sunlight"></gx:option>
					<gx:option enabled="0" name="streetview"></gx:option>
				</gx:ViewerOptions>
				<longitude>-2.076921358541163</longitude>
				<latitude>4.910261480545075</latitude>
				<altitude>0</altitude>
				<heading>0.4760185192055131</heading>
				<tilt>30.00287063034917</tilt>
				<range>639.1274373669172</range>
				<gx:altitudeMode>relativeToSeaFloor</gx:altitudeMode>
			</LookAt>
			<styleUrl>#m_ylw-pushpin</styleUrl>
			<Point>
				<gx:drawOrder>1</gx:drawOrder>
				<coordinates>-2.077563890435473,4.908942263909053,0</coordinates>
			</Point>
		</Placemark>
		<Placemark>
			<name>cocoa492</name>
			<LookAt>
				<gx:TimeStamp><when>2017-04-25T16:15:33.673095703Z</when>
</gx:TimeStamp>
				<gx:ViewerOptions>
					<gx:option name="historicalimagery"></gx:option>
					<gx:option name="sunlight"></gx:option>
					<gx:option enabled="0" name="streetview"></gx:option>
				</gx:ViewerOptions>
				<longitude>-2.076072935946494</longitude>
				<latitude>4.911601896941352</latitude>
				<altitude>0</altitude>
				<heading>0.4760913702126465</heading>
				<tilt>30.002197832114</tilt>
				<range>489.353629711921</range>
				<gx:altitudeMode>relativeToSeaFloor</gx:altitudeMode>
			</LookAt>
			<styleUrl>#m_ylw-pushpin</styleUrl>
			<Point>
				<gx:drawOrder>1</gx:drawOrder>
				<coordinates>-2.076712698080113,4.911083937560214,0</coordinates>
			</Point>
		</Placemark>
		<Placemark>
			<name>cocoa493</name>
			<LookAt>
				<gx:TimeStamp><when>2017-04-25T16:15:33.673095703Z</when>
</gx:TimeStamp>
				<gx:ViewerOptions>
					<gx:option name="historicalimagery"></gx:option>
					<gx:option name="sunlight"></gx:option>
					<gx:option enabled="0" name="streetview"></gx:option>
				</gx:ViewerOptions>
				<longitude>-2.075160662034331</longitude>
				<latitude>4.915747858684067</latitude>
				<altitude>0</altitude>
				<heading>0.4761693827496241</heading>
				<tilt>30.0041626573066</tilt>
				<range>926.7757808685599</range>
				<gx:altitudeMode>relativeToSeaFloor</gx:altitudeMode>
			</LookAt>
			<styleUrl>#m_ylw-pushpin</styleUrl>
			<Point>
				<gx:drawOrder>1</gx:drawOrder>
				<coordinates>-2.076316908611244,4.914243790361459,0</coordinates>
			</Point>
		</Placemark>
		<Placemark>
			<name>cocoa494</name>
			<LookAt>
				<gx:TimeStamp><when>2017-04-25T16:15:33.673095703Z</when>
</gx:TimeStamp>
				<gx:ViewerOptions>
					<gx:option name="historicalimagery"></gx:option>
					<gx:option name="sunlight"></gx:option>
					<gx:option enabled="0" name="streetview"></gx:option>
				</gx:ViewerOptions>
				<longitude>-2.077988215962598</longitude>
				<latitude>4.915454856785438</latitude>
				<altitude>0</altitude>
				<heading>0.4759271063400205</heading>
				<tilt>30.0041350355041</tilt>
				<range>920.6268539413131</range>
				<gx:altitudeMode>relativeToSeaFloor</gx:altitudeMode>
			</LookAt>
			<styleUrl>#m_ylw-pushpin</styleUrl>
			<Point>
				<gx:drawOrder>1</gx:drawOrder>
				<coordinates>-2.080189992581775,4.915027781178017,0</coordinates>
			</Point>
		</Placemark>
		<Placemark>
			<name>cocoa495</name>
			<LookAt>
				<gx:TimeStamp><when>2017-04-25T16:15:33.673095703Z</when>
</gx:TimeStamp>
				<gx:ViewerOptions>
					<gx:option name="historicalimagery"></gx:option>
					<gx:option name="sunlight"></gx:option>
					<gx:option enabled="0" name="streetview"></gx:option>
				</gx:ViewerOptions>
				<longitude>-2.077988215962598</longitude>
				<latitude>4.915454856785438</latitude>
				<altitude>0</altitude>
				<heading>0.4759271063400205</heading>
				<tilt>30.0041350355041</tilt>
				<range>920.6268539413131</range>
				<gx:altitudeMode>relativeToSeaFloor</gx:altitudeMode>
			</LookAt>
			<styleUrl>#m_ylw-pushpin</styleUrl>
			<Point>
				<gx:drawOrder>1</gx:drawOrder>
				<coordinates>-2.080716160656305,4.916889318803983,0</coordinates>
			</Point>
		</Placemark>
		<Placemark>
			<name>cocoa496</name>
			<LookAt>
				<gx:TimeStamp><when>2017-04-25T16:15:33.673095703Z</when>
</gx:TimeStamp>
				<gx:ViewerOptions>
					<gx:option name="historicalimagery"></gx:option>
					<gx:option name="sunlight"></gx:option>
					<gx:option enabled="0" name="streetview"></gx:option>
				</gx:ViewerOptions>
				<longitude>-2.077988215962598</longitude>
				<latitude>4.915454856785438</latitude>
				<altitude>0</altitude>
				<heading>0.4759271063400205</heading>
				<tilt>30.0041350355041</tilt>
				<range>920.6268539413131</range>
				<gx:altitudeMode>relativeToSeaFloor</gx:altitudeMode>
			</LookAt>
			<styleUrl>#m_ylw-pushpin</styleUrl>
			<Point>
				<gx:drawOrder>1</gx:drawOrder>
				<coordinates>-2.082442557245541,4.915624261600372,0</coordinates>
			</Point>
		</Placemark>
		<Placemark>
			<name>cocoa497</name>
			<LookAt>
				<gx:TimeStamp><when>2017-04-25T16:15:33.673095703Z</when>
</gx:TimeStamp>
				<gx:ViewerOptions>
					<gx:option name="historicalimagery"></gx:option>
					<gx:option name="sunlight"></gx:option>
					<gx:option enabled="0" name="streetview"></gx:option>
				</gx:ViewerOptions>
				<longitude>-2.083212327951168</longitude>
				<latitude>4.918833583786638</latitude>
				<altitude>0</altitude>
				<heading>0.4754792984156408</heading>
				<tilt>30.00415904261884</tilt>
				<range>925.971099479571</range>
				<gx:altitudeMode>relativeToSeaFloor</gx:altitudeMode>
			</LookAt>
			<styleUrl>#m_ylw-pushpin</styleUrl>
			<Point>
				<gx:drawOrder>1</gx:drawOrder>
				<coordinates>-2.085282863092779,4.918727645738585,0</coordinates>
			</Point>
		</Placemark>
		<Placemark>
			<name>cocoa498</name>
			<LookAt>
				<gx:TimeStamp><when>2017-04-25T16:15:33.673095703Z</when>
</gx:TimeStamp>
				<gx:ViewerOptions>
					<gx:option name="historicalimagery"></gx:option>
					<gx:option name="sunlight"></gx:option>
					<gx:option enabled="0" name="streetview"></gx:option>
				</gx:ViewerOptions>
				<longitude>-2.08649269798248</longitude>
				<latitude>4.91898488251398</latitude>
				<altitude>0</altitude>
				<heading>0.4751981033156301</heading>
				<tilt>30.00417354288074</tilt>
				<range>929.1989804287959</range>
				<gx:altitudeMode>relativeToSeaFloor</gx:altitudeMode>
			</LookAt>
			<styleUrl>#m_ylw-pushpin</styleUrl>
			<Point>
				<gx:drawOrder>1</gx:drawOrder>
				<coordinates>-2.08743632311666,4.918630011091611,0</coordinates>
			</Point>
		</Placemark>
		<Placemark>
			<name>cocoa499</name>
			<LookAt>
				<gx:TimeStamp><when>2017-04-25T16:15:33.673095703Z</when>
</gx:TimeStamp>
				<gx:ViewerOptions>
					<gx:option name="historicalimagery"></gx:option>
					<gx:option name="sunlight"></gx:option>
					<gx:option enabled="0" name="streetview"></gx:option>
				</gx:ViewerOptions>
				<longitude>-2.092032656091427</longitude>
				<latitude>4.919809955438151</latitude>
				<altitude>0</altitude>
				<heading>0.4747229512705942</heading>
				<tilt>30.00411264102193</tilt>
				<range>915.6414848938139</range>
				<gx:altitudeMode>relativeToSeaFloor</gx:altitudeMode>
			</LookAt>
			<styleUrl>#m_ylw-pushpin</styleUrl>
			<Point>
				<gx:drawOrder>1</gx:drawOrder>
				<coordinates>-2.094265327571013,4.919951974311346,0</coordinates>
			</Point>
		</Placemark>
		<Placemark>
			<name>cocoa500</name>
			<LookAt>
				<gx:TimeStamp><when>2017-04-25T16:15:33.673095703Z</when>
</gx:TimeStamp>
				<gx:ViewerOptions>
					<gx:option name="historicalimagery"></gx:option>
					<gx:option name="sunlight"></gx:option>
					<gx:option enabled="0" name="streetview"></gx:option>
				</gx:ViewerOptions>
				<longitude>-2.091028024659233</longitude>
				<latitude>4.923301338192054</latitude>
				<altitude>0</altitude>
				<heading>0.4748090396532152</heading>
				<tilt>30.00415238065663</tilt>
				<range>924.4880492430409</range>
				<gx:altitudeMode>relativeToSeaFloor</gx:altitudeMode>
			</LookAt>
			<styleUrl>#m_ylw-pushpin</styleUrl>
			<Point>
				<gx:drawOrder>1</gx:drawOrder>
				<coordinates>-2.091120181274302,4.921500839696207,0</coordinates>
			</Point>
		</Placemark>
		<atom:link rel="app" href="https://www.google.com/earth/about/versions/#earth-pro" title="Google Earth Pro 7.3.7.1155"></atom:link>
	</Folder>
</Document>
</kml>
